REFERENCE_PHASE {"event":"book_load.begin","elapsedMs":0}
REFERENCE_PHASE {"event":"book_load.end","elapsedMs":390}
REFERENCE_LOADED_INPUTS ["/workspace/formal-proofs/bendvy-worktrees/parity-54-boxed-scan/experiments/public-inspect/closed-owner-carrier-v1/schema-partition-v1/garden-reference-diagnostic-v1/base.bend","/workspace/formal-proofs/bendvy-worktrees/parity-54-boxed-scan/experiments/public-inspect/closed-owner-carrier-v1/schema-partition-v1/garden-stage/check-execution.bend","/workspace/formal-proofs/bendvy-worktrees/parity-54-boxed-scan/experiments/public-inspect/closed-owner-carrier-v1/schema-partition-v1/garden-stage/consumer-witness.bend","/workspace/formal-proofs/bendvy-worktrees/parity-54-boxed-scan/experiments/public-inspect/closed-owner-carrier-v1/schema-partition-v1/garden-stage/core-v1/src/ecs/capabilities.bend","/workspace/formal-proofs/bendvy-worktrees/parity-54-boxed-scan/experiments/public-inspect/closed-owner-carrier-v1/schema-partition-v1/garden-stage/core-v1/src/ecs/check.bend","/workspace/formal-proofs/bendvy-worktrees/parity-54-boxed-scan/experiments/public-inspect/closed-owner-carrier-v1/schema-partition-v1/garden-stage/core-v1/src/ecs/column.bend","/workspace/formal-proofs/bendvy-worktrees/parity-54-boxed-scan/experiments/public-inspect/closed-owner-carrier-v1/schema-partition-v1/garden-stage/core-v1/src/ecs/commands.bend","/workspace/formal-proofs/bendvy-worktrees/parity-54-boxed-scan/experiments/public-inspect/closed-owner-carrier-v1/schema-partition-v1/garden-stage/core-v1/src/ecs/component.bend","/workspace/formal-proofs/bendvy-worktrees/parity-54-boxed-scan/experiments/public-inspect/closed-owner-carrier-v1/schema-partition-v1/garden-stage/core-v1/src/ecs/compose.bend","/workspace/formal-proofs/bendvy-worktrees/parity-54-boxed-scan/experiments/public-inspect/closed-owner-carrier-v1/schema-partition-v1/garden-stage/core-v1/src/ecs/indexed-lifecycle.bend","/workspace/formal-proofs/bendvy-worktrees/parity-54-boxed-scan/experiments/public-inspect/closed-owner-carrier-v1/schema-partition-v1/garden-stage/core-v1/src/ecs/inspector-query-projection.bend","/workspace/formal-proofs/bendvy-worktrees/parity-54-boxed-scan/experiments/public-inspect/closed-owner-carrier-v1/schema-partition-v1/garden-stage/core-v1/src/ecs/inspector-query.bend","/workspace/formal-proofs/bendvy-worktrees/parity-54-boxed-scan/experiments/public-inspect/closed-owner-carrier-v1/schema-partition-v1/garden-stage/core-v1/src/ecs/inspector.bend","/workspace/formal-proofs/bendvy-worktrees/parity-54-boxed-scan/experiments/public-inspect/closed-owner-carrier-v1/schema-partition-v1/garden-stage/core-v1/src/ecs/lifecycle.bend","/workspace/formal-proofs/bendvy-worktrees/parity-54-boxed-scan/experiments/public-inspect/closed-owner-carrier-v1/schema-partition-v1/garden-stage/core-v1/src/ecs/owner-handoff.bend","/workspace/formal-proofs/bendvy-worktrees/parity-54-boxed-scan/experiments/public-inspect/closed-owner-carrier-v1/schema-partition-v1/garden-stage/core-v1/src/ecs/registration.bend","/workspace/formal-proofs/bendvy-worktrees/parity-54-boxed-scan/experiments/public-inspect/closed-owner-carrier-v1/schema-partition-v1/garden-stage/core-v1/src/ecs/resource.bend","/workspace/formal-proofs/bendvy-worktrees/parity-54-boxed-scan/experiments/public-inspect/closed-owner-carrier-v1/schema-partition-v1/garden-stage/core-v1/src/ecs/schedule.bend","/workspace/formal-proofs/bendvy-worktrees/parity-54-boxed-scan/experiments/public-inspect/closed-owner-carrier-v1/schema-partition-v1/garden-stage/core-v1/src/ecs/string-equality.bend","/workspace/formal-proofs/bendvy-worktrees/parity-54-boxed-scan/experiments/public-inspect/closed-owner-carrier-v1/schema-partition-v1/garden-stage/core-v1/src/ecs/system.bend","/workspace/formal-proofs/bendvy-worktrees/parity-54-boxed-scan/experiments/public-inspect/closed-owner-carrier-v1/schema-partition-v1/garden-stage/core-v1/src/ecs/transaction.bend","/workspace/formal-proofs/bendvy-worktrees/parity-54-boxed-scan/experiments/public-inspect/closed-owner-carrier-v1/schema-partition-v1/garden-stage/core-v1/src/ecs/world.bend","/workspace/formal-proofs/bendvy-worktrees/parity-54-boxed-scan/experiments/public-inspect/closed-owner-carrier-v1/schema-partition-v1/garden-stage/execution.bend","/workspace/formal-proofs/bendvy-worktrees/parity-54-boxed-scan/experiments/public-inspect/closed-owner-carrier-v1/schema-partition-v1/garden-stage/families.bend","/workspace/formal-proofs/bendvy-worktrees/parity-54-boxed-scan/experiments/public-inspect/closed-owner-carrier-v1/schema-partition-v1/garden-stage/family-witness.bend","/workspace/formal-proofs/bendvy-worktrees/parity-54-boxed-scan/experiments/public-inspect/closed-owner-carrier-v1/schema-partition-v1/garden-stage/five-phase-driver.bend","/workspace/formal-proofs/bendvy-worktrees/parity-54-boxed-scan/experiments/public-inspect/closed-owner-carrier-v1/schema-partition-v1/garden-stage/fixture.bend","/workspace/formal-proofs/bendvy-worktrees/parity-54-boxed-scan/experiments/public-inspect/closed-owner-carrier-v1/schema-partition-v1/garden-stage/format.bend","/workspace/formal-proofs/bendvy-worktrees/parity-54-boxed-scan/experiments/public-inspect/closed-owner-carrier-v1/schema-partition-v1/garden-stage/full-consumer.bend","/workspace/formal-proofs/bendvy-worktrees/parity-54-boxed-scan/experiments/public-inspect/closed-owner-carrier-v1/schema-partition-v1/garden-stage/gate-instrumentation.bend","/workspace/formal-proofs/bendvy-worktrees/parity-54-boxed-scan/experiments/public-inspect/closed-owner-carrier-v1/schema-partition-v1/garden-stage/gate-phase.bend","/workspace/formal-proofs/bendvy-worktrees/parity-54-boxed-scan/experiments/public-inspect/closed-owner-carrier-v1/schema-partition-v1/garden-stage/gates.bend","/workspace/formal-proofs/bendvy-worktrees/parity-54-boxed-scan/experiments/public-inspect/closed-owner-carrier-v1/schema-partition-v1/garden-stage/mutations.bend","/workspace/formal-proofs/bendvy-worktrees/parity-54-boxed-scan/experiments/public-inspect/closed-owner-carrier-v1/schema-partition-v1/garden-stage/output-adapter.bend","/workspace/formal-proofs/bendvy-worktrees/parity-54-boxed-scan/experiments/public-inspect/closed-owner-carrier-v1/schema-partition-v1/garden-stage/owner-carrier.bend","/workspace/formal-proofs/bendvy-worktrees/parity-54-boxed-scan/experiments/public-inspect/closed-owner-carrier-v1/schema-partition-v1/garden-stage/owner-observer.bend","/workspace/formal-proofs/bendvy-worktrees/parity-54-boxed-scan/experiments/public-inspect/closed-owner-carrier-v1/schema-partition-v1/garden-stage/phase-driver.bend","/workspace/formal-proofs/bendvy-worktrees/parity-54-boxed-scan/experiments/public-inspect/closed-owner-carrier-v1/schema-partition-v1/garden-stage/query.bend","/workspace/formal-proofs/bendvy-worktrees/parity-54-boxed-scan/experiments/public-inspect/closed-owner-carrier-v1/schema-partition-v1/garden-stage/retry-driver.bend","/workspace/formal-proofs/bendvy-worktrees/parity-54-boxed-scan/experiments/public-inspect/closed-owner-carrier-v1/schema-partition-v1/garden-stage/runtime-declarations.bend","/workspace/formal-proofs/bendvy-worktrees/parity-54-boxed-scan/experiments/public-inspect/closed-owner-carrier-v1/schema-partition-v1/garden-stage/runtime-named-declarations.bend","/workspace/formal-proofs/bendvy-worktrees/parity-54-boxed-scan/experiments/public-inspect/closed-owner-carrier-v1/schema-partition-v1/garden-stage/runtime-owners.bend","/workspace/formal-proofs/bendvy-worktrees/parity-54-boxed-scan/experiments/public-inspect/closed-owner-carrier-v1/schema-partition-v1/garden-stage/schema-families.bend","/workspace/formal-proofs/bendvy-worktrees/parity-54-boxed-scan/experiments/public-inspect/closed-owner-carrier-v1/schema-partition-v1/garden-stage/selection.bend","/workspace/formal-proofs/bendvy-worktrees/parity-54-boxed-scan/experiments/public-inspect/closed-owner-carrier-v1/schema-partition-v1/garden-stage/traversal.bend","/workspace/formal-proofs/bendvy-worktrees/parity-54-boxed-scan/experiments/public-inspect/closed-owner-carrier-v1/schema-partition-v1/garden-stage/world-observer.bend","/workspace/formal-proofs/bendvy-worktrees/parity-54-boxed-scan/experiments/public-inspect/closed-owner-carrier-v1/schema-partition-v1/garden.bend"]
REFERENCE_PHASE {"event":"book_valid.begin","elapsedMs":390}
REFERENCE_PHASE {"event":"book_valid.end","elapsedMs":1439}
REFERENCE_PHASE {"event":"compile_book.begin","elapsedMs":1439}
REFERENCE_PROGRESS {"event":"file_book.begin","elapsedMs":1440}
REFERENCE_PROGRESS {"event":"file_book.definition","elapsedMs":1443,"count":1,"owner":"main"}
REFERENCE_PROGRESS {"event":"type_adts.calls","elapsedMs":1446,"calls":1,"owner":"main"}
REFERENCE_PROGRESS {"event":"type_adts.calls","elapsedMs":1447,"calls":2,"owner":"main"}
REFERENCE_PROGRESS {"event":"type_adts.calls","elapsedMs":1447,"calls":4,"owner":"main"}
REFERENCE_PROGRESS {"event":"type_adts.calls","elapsedMs":1447,"calls":8,"owner":"main"}
REFERENCE_PROGRESS {"event":"type_adts.calls","elapsedMs":1448,"calls":16,"owner":"main"}
REFERENCE_PROGRESS {"event":"file_book.definition","elapsedMs":1448,"count":2,"owner":"Sigma"}
REFERENCE_PROGRESS {"event":"type_adts.calls","elapsedMs":1448,"calls":32,"owner":"Sigma"}
REFERENCE_PROGRESS {"event":"file_book.definition","elapsedMs":1448,"count":3,"owner":"String"}
REFERENCE_PROGRESS {"event":"file_book.definition","elapsedMs":1449,"count":4,"owner":"Word.Con"}
REFERENCE_PROGRESS {"event":"file_book.definition","elapsedMs":1449,"count":5,"owner":"IO.OP"}
REFERENCE_PROGRESS {"event":"type_adts.calls","elapsedMs":1449,"calls":64,"owner":"IO.OP"}
REFERENCE_PROGRESS {"event":"file_book.definition","elapsedMs":1449,"count":6,"owner":"Result"}
REFERENCE_PROGRESS {"event":"file_book.definition","elapsedMs":1449,"count":7,"owner":"Maybe"}
REFERENCE_PROGRESS {"event":"file_book.definition","elapsedMs":1449,"count":8,"owner":"Bool"}
REFERENCE_PROGRESS {"event":"file_book.definition","elapsedMs":1449,"count":9,"owner":"Unit"}
REFERENCE_PROGRESS {"event":"file_book.definition","elapsedMs":1449,"count":10,"owner":"Unit"}
REFERENCE_PROGRESS {"event":"file_book.definition","elapsedMs":1449,"count":11,"owner":"IO.OP"}
REFERENCE_PROGRESS {"event":"file_book.definition","elapsedMs":1449,"count":12,"owner":"IO.OP"}
REFERENCE_PROGRESS {"event":"file_book.definition","elapsedMs":1449,"count":13,"owner":"Unit"}
REFERENCE_PROGRESS {"event":"file_book.definition","elapsedMs":1449,"count":14,"owner":"IO.OP"}
REFERENCE_PROGRESS {"event":"file_book.definition","elapsedMs":1449,"count":15,"owner":"IO.OP"}
REFERENCE_PROGRESS {"event":"file_book.definition","elapsedMs":1449,"count":16,"owner":"String"}
REFERENCE_PROGRESS {"event":"file_book.definition","elapsedMs":1449,"count":17,"owner":"Unit"}
REFERENCE_PROGRESS {"event":"file_book.definition","elapsedMs":1449,"count":18,"owner":"IO.OP"}
REFERENCE_PROGRESS {"event":"file_book.definition","elapsedMs":1449,"count":19,"owner":"IO.OP"}
REFERENCE_PROGRESS {"event":"file_book.definition","elapsedMs":1449,"count":20,"owner":"String"}
REFERENCE_PROGRESS {"event":"file_book.definition","elapsedMs":1449,"count":21,"owner":"IO.print"}
REFERENCE_PROGRESS {"event":"type_adts.calls","elapsedMs":1449,"calls":128,"owner":"IO.print"}
REFERENCE_PROGRESS {"event":"file_book.definition","elapsedMs":1449,"count":22,"owner":"garden-stage/output-adapter:main"}
REFERENCE_PROGRESS {"event":"file_book.definition","elapsedMs":1465,"count":23,"owner":"Sigma"}
REFERENCE_PROGRESS {"event":"file_book.definition","elapsedMs":1466,"count":24,"owner":"String"}
REFERENCE_PROGRESS {"event":"file_book.definition","elapsedMs":1466,"count":25,"owner":"Char"}
REFERENCE_PROGRESS {"event":"file_book.definition","elapsedMs":1466,"count":26,"owner":"String"}
REFERENCE_PROGRESS {"event":"file_book.definition","elapsedMs":1466,"count":27,"owner":"String"}
REFERENCE_PROGRESS {"event":"file_book.definition","elapsedMs":1466,"count":28,"owner":"Bool"}
REFERENCE_PROGRESS {"event":"file_book.definition","elapsedMs":1466,"count":29,"owner":"Word.Con"}
REFERENCE_PROGRESS {"event":"file_book.definition","elapsedMs":1466,"count":30,"owner":"IO.OP"}
REFERENCE_PROGRESS {"event":"file_book.definition","elapsedMs":1466,"count":31,"owner":"String"}
REFERENCE_PROGRESS {"event":"file_book.definition","elapsedMs":1466,"count":32,"owner":"IO.OP"}
REFERENCE_PROGRESS {"event":"file_book.definition","elapsedMs":1466,"count":33,"owner":"Result"}
REFERENCE_PROGRESS {"event":"file_book.definition","elapsedMs":1466,"count":34,"owner":"Result"}
REFERENCE_PROGRESS {"event":"file_book.definition","elapsedMs":1466,"count":35,"owner":"Maybe"}
REFERENCE_PROGRESS {"event":"file_book.definition","elapsedMs":1466,"count":36,"owner":"Maybe"}
REFERENCE_PROGRESS {"event":"file_book.definition","elapsedMs":1466,"count":37,"owner":"Bool"}
REFERENCE_PROGRESS {"event":"file_book.definition","elapsedMs":1466,"count":38,"owner":"Bool"}
REFERENCE_PROGRESS {"event":"file_book.definition","elapsedMs":1466,"count":39,"owner":"Unit"}
REFERENCE_PROGRESS {"event":"file_book.definition","elapsedMs":1466,"count":40,"owner":"String"}
REFERENCE_PROGRESS {"event":"file_book.definition","elapsedMs":1466,"count":41,"owner":"Unit"}
REFERENCE_PROGRESS {"event":"file_book.definition","elapsedMs":1466,"count":42,"owner":"IO.OP"}
REFERENCE_PROGRESS {"event":"file_book.definition","elapsedMs":1466,"count":43,"owner":"IO.OP"}
REFERENCE_PROGRESS {"event":"file_book.definition","elapsedMs":1466,"count":44,"owner":"String"}
REFERENCE_PROGRESS {"event":"file_book.definition","elapsedMs":1466,"count":45,"owner":"String"}
REFERENCE_PROGRESS {"event":"file_book.definition","elapsedMs":1466,"count":46,"owner":"String"}
REFERENCE_PROGRESS {"event":"file_book.definition","elapsedMs":1466,"count":47,"owner":"String"}
REFERENCE_PROGRESS {"event":"file_book.definition","elapsedMs":1466,"count":48,"owner":"String"}
REFERENCE_PROGRESS {"event":"file_book.definition","elapsedMs":1466,"count":49,"owner":"String"}
REFERENCE_PROGRESS {"event":"file_book.definition","elapsedMs":1466,"count":50,"owner":"String"}
REFERENCE_PROGRESS {"event":"file_book.definition","elapsedMs":1466,"count":51,"owner":"String"}
REFERENCE_PROGRESS {"event":"file_book.definition","elapsedMs":1466,"count":52,"owner":"String"}
REFERENCE_PROGRESS {"event":"file_book.definition","elapsedMs":1466,"count":53,"owner":"String"}
REFERENCE_PROGRESS {"event":"file_book.definition","elapsedMs":1466,"count":54,"owner":"String"}
REFERENCE_PROGRESS {"event":"file_book.definition","elapsedMs":1466,"count":55,"owner":"garden-stage/five-phase-driver:Built"}
REFERENCE_PROGRESS {"event":"file_book.definition","elapsedMs":1466,"count":56,"owner":"garden-stage/schema-families:Garden"}
REFERENCE_PROGRESS {"event":"file_book.definition","elapsedMs":1466,"count":57,"owner":"String"}
REFERENCE_PROGRESS {"event":"file_book.definition","elapsedMs":1466,"count":58,"owner":"garden-stage/five-phase-driver:Built"}
REFERENCE_PROGRESS {"event":"file_book.definition","elapsedMs":1466,"count":59,"owner":"garden-stage/schema-families:Garden"}
REFERENCE_PROGRESS {"event":"file_book.definition","elapsedMs":1466,"count":60,"owner":"String"}
REFERENCE_PROGRESS {"event":"file_book.definition","elapsedMs":1466,"count":61,"owner":"String"}
REFERENCE_PROGRESS {"event":"file_book.definition","elapsedMs":1466,"count":62,"owner":"String"}
REFERENCE_PROGRESS {"event":"file_book.definition","elapsedMs":1466,"count":63,"owner":"String"}
REFERENCE_PROGRESS {"event":"file_book.definition","elapsedMs":1466,"count":64,"owner":"String"}
REFERENCE_PROGRESS {"event":"type_adts.calls","elapsedMs":1467,"calls":256,"owner":"String.append"}
REFERENCE_PROGRESS {"event":"type_adts.calls","elapsedMs":1467,"calls":512,"owner":"garden-stage/output-adapter:driver~0"}
REFERENCE_PROGRESS {"event":"type_adts.calls","elapsedMs":1470,"calls":1024,"owner":"garden-stage/phase-driver:State"}
REFERENCE_PROGRESS {"event":"file_book.definition","elapsedMs":1470,"count":256,"owner":"garden-stage/five-phase-driver:Record"}
REFERENCE_PROGRESS {"event":"type_adts.calls","elapsedMs":1476,"calls":2048,"owner":"garden-stage/world-observer:world~0"}
REFERENCE_PROGRESS {"event":"file_book.definition","elapsedMs":1480,"count":512,"owner":"garden-stage/core-v1/src/ecs/world:Handle"}
REFERENCE_PROGRESS {"event":"file_book.definition","elapsedMs":1482,"count":768,"owner":"garden-stage/schema-families:Store"}
REFERENCE_PROGRESS {"event":"file_book.definition","elapsedMs":1482,"count":1024,"owner":"garden-stage/core-v1/src/ecs/world:World"}
REFERENCE_PROGRESS {"event":"type_adts.calls","elapsedMs":1486,"calls":4096,"owner":"garden-stage/world-observer:joined~0"}
REFERENCE_PROGRESS {"event":"file_book.definition","elapsedMs":1497,"count":1280,"owner":"String"}
REFERENCE_PROGRESS {"event":"file_book.definition","elapsedMs":1512,"count":1536,"owner":"String"}
REFERENCE_PROGRESS {"event":"file_book.definition","elapsedMs":1513,"count":1792,"owner":"String"}
REFERENCE_PROGRESS {"event":"file_book.definition","elapsedMs":1513,"count":2048,"owner":"garden-stage/runtime-owners:Resource"}
REFERENCE_PROGRESS {"event":"file_book.definition","elapsedMs":1513,"count":2304,"owner":"garden-stage/schema-families:Store"}
REFERENCE_PROGRESS {"event":"file_book.definition","elapsedMs":1513,"count":2560,"owner":"garden-stage/schema-families:Store"}
REFERENCE_PROGRESS {"event":"file_book.definition","elapsedMs":1513,"count":2816,"owner":"garden-stage/runtime-owners:Resource"}
REFERENCE_PROGRESS {"event":"type_adts.calls","elapsedMs":1515,"calls":8192,"owner":"garden-stage/owner-observer:store_0~0"}
REFERENCE_PROGRESS {"event":"file_book.definition","elapsedMs":1515,"count":3072,"owner":"garden-stage/runtime-owners:Resource"}
REFERENCE_PROGRESS {"event":"file_book.definition","elapsedMs":1515,"count":3328,"owner":"garden-stage/core-v1/src/ecs/world:World"}
REFERENCE_PROGRESS {"event":"file_book.definition","elapsedMs":1534,"count":3584,"owner":"List"}
REFERENCE_PROGRESS {"event":"file_book.definition","elapsedMs":1534,"count":3840,"owner":"garden-stage/gates:Args"}
REFERENCE_PROGRESS {"event":"file_book.definition","elapsedMs":1536,"count":4096,"owner":"garden-stage/schema-families:Garden"}
REFERENCE_PROGRESS {"event":"file_book.definition","elapsedMs":1544,"count":4352,"owner":"garden-stage/schema-families:Garden"}
REFERENCE_PROGRESS {"event":"file_book.definition","elapsedMs":1546,"count":4608,"owner":"String"}
REFERENCE_PROGRESS {"event":"file_book.definition","elapsedMs":1554,"count":4864,"owner":"garden-stage/core-v1/src/ecs/column:Column"}
REFERENCE_PROGRESS {"event":"file_book.definition","elapsedMs":1556,"count":5120,"owner":"garden-stage/core-v1/src/ecs/world:World"}
REFERENCE_PROGRESS {"event":"file_book.definition","elapsedMs":1556,"count":5376,"owner":"Sigma"}
REFERENCE_PROGRESS {"event":"file_book.definition","elapsedMs":1556,"count":5632,"owner":"String"}
REFERENCE_PROGRESS {"event":"file_book.definition","elapsedMs":1556,"count":5888,"owner":"garden-stage/gates:Holder"}
REFERENCE_PROGRESS {"event":"file_book.definition","elapsedMs":1557,"count":6144,"owner":"List"}
REFERENCE_PROGRESS {"event":"file_book.definition","elapsedMs":1563,"count":6400,"owner":"garden-stage/gate-phase:State"}
REFERENCE_PROGRESS {"event":"file_book.definition","elapsedMs":1564,"count":6656,"owner":"Sigma"}
REFERENCE_PROGRESS {"event":"type_adts.calls","elapsedMs":1564,"calls":16384,"owner":"garden-stage/retry-driver:choose~0"}
REFERENCE_PROGRESS {"event":"file_book.definition","elapsedMs":1566,"count":6912,"owner":"garden-stage/schema-families:Garden"}
REFERENCE_PROGRESS {"event":"file_book.definition","elapsedMs":1566,"count":7168,"owner":"garden-stage/schema-families:Garden"}
REFERENCE_PROGRESS {"event":"file_book.definition","elapsedMs":1568,"count":7424,"owner":"String"}
REFERENCE_PROGRESS {"event":"file_book.definition","elapsedMs":1571,"count":7680,"owner":"List"}
REFERENCE_PROGRESS {"event":"file_book.definition","elapsedMs":1571,"count":7936,"owner":"garden-stage/schema-families:Garden"}
REFERENCE_PROGRESS {"event":"file_book.definition","elapsedMs":1574,"count":8192,"owner":"Maybe"}
REFERENCE_PROGRESS {"event":"file_book.definition","elapsedMs":1574,"count":8448,"owner":"String"}
REFERENCE_PROGRESS {"event":"file_book.definition","elapsedMs":1575,"count":8704,"owner":"garden-stage/runtime-owners:Resource"}
REFERENCE_PROGRESS {"event":"file_book.definition","elapsedMs":1575,"count":8960,"owner":"garden-stage/schema-families:Garden"}
REFERENCE_PROGRESS {"event":"file_book.definition","elapsedMs":1577,"count":9216,"owner":"List"}
REFERENCE_PROGRESS {"event":"file_book.definition","elapsedMs":1578,"count":9472,"owner":"garden-stage/schema-families:Garden"}
REFERENCE_PROGRESS {"event":"file_book.definition","elapsedMs":1583,"count":9728,"owner":"garden-stage/schema-families:Garden"}
REFERENCE_PROGRESS {"event":"file_book.definition","elapsedMs":1592,"count":9984,"owner":"List"}
REFERENCE_PROGRESS {"event":"file_book.definition","elapsedMs":1600,"count":10240,"owner":"garden-stage/schema-families:Store"}
REFERENCE_PROGRESS {"event":"file_book.definition","elapsedMs":1601,"count":10496,"owner":"Sigma"}
REFERENCE_PROGRESS {"event":"file_book.definition","elapsedMs":1602,"count":10752,"owner":"garden-stage/schema-families:Stock"}
REFERENCE_PROGRESS {"event":"file_book.definition","elapsedMs":1608,"count":11008,"owner":"String"}
REFERENCE_PROGRESS {"event":"file_book.definition","elapsedMs":1608,"count":11264,"owner":"List"}
REFERENCE_PROGRESS {"event":"file_book.definition","elapsedMs":1617,"count":11520,"owner":"garden-stage/schema-families:Garden"}
REFERENCE_PROGRESS {"event":"file_book.definition","elapsedMs":1617,"count":11776,"owner":"Sigma"}
REFERENCE_PROGRESS {"event":"file_book.definition","elapsedMs":1643,"count":12032,"owner":"garden-stage/schema-families:Garden"}
REFERENCE_PROGRESS {"event":"file_book.definition","elapsedMs":1644,"count":12288,"owner":"garden-stage/schema-families:Garden"}
REFERENCE_PROGRESS {"event":"file_book.definition","elapsedMs":1647,"count":12544,"owner":"garden-stage/schema-families:Garden"}
REFERENCE_PROGRESS {"event":"file_book.definition","elapsedMs":1647,"count":12800,"owner":"garden-stage/schema-families:Garden"}
REFERENCE_PROGRESS {"event":"file_book.definition","elapsedMs":1648,"count":13056,"owner":"garden-stage/schema-families:Garden"}
REFERENCE_PROGRESS {"event":"file_book.definition","elapsedMs":1649,"count":13312,"owner":"List"}
REFERENCE_PROGRESS {"event":"file_book.definition","elapsedMs":1651,"count":13568,"owner":"garden-stage/schema-families:Garden"}
REFERENCE_PROGRESS {"event":"file_book.definition","elapsedMs":1652,"count":13824,"owner":"String"}
REFERENCE_PROGRESS {"event":"file_book.definition","elapsedMs":1652,"count":14080,"owner":"Maybe"}
REFERENCE_PROGRESS {"event":"file_book.definition","elapsedMs":1653,"count":14336,"owner":"String"}
REFERENCE_PROGRESS {"event":"type_adts.calls","elapsedMs":1653,"calls":32768,"owner":"garden-stage/owner-observer:node_join~3"}
REFERENCE_PROGRESS {"event":"file_book.definition","elapsedMs":1653,"count":14592,"owner":"String"}
REFERENCE_PROGRESS {"event":"file_book.definition","elapsedMs":1653,"count":14848,"owner":"garden-stage/schema-families:Garden"}
REFERENCE_PROGRESS {"event":"file_book.definition","elapsedMs":1653,"count":15104,"owner":"List"}
REFERENCE_PROGRESS {"event":"file_book.definition","elapsedMs":1653,"count":15360,"owner":"String"}
REFERENCE_PROGRESS {"event":"file_book.definition","elapsedMs":1654,"count":15616,"owner":"garden-stage/schema-families:Garden"}
REFERENCE_PROGRESS {"event":"file_book.definition","elapsedMs":1654,"count":15872,"owner":"List"}
REFERENCE_PROGRESS {"event":"file_book.definition","elapsedMs":1655,"count":16128,"owner":"Maybe"}
REFERENCE_PROGRESS {"event":"file_book.definition","elapsedMs":1655,"count":16384,"owner":"garden-stage/schema-families:Garden"}
REFERENCE_PROGRESS {"event":"file_book.definition","elapsedMs":1655,"count":16640,"owner":"garden-stage/gates:Args"}
REFERENCE_PROGRESS {"event":"file_book.definition","elapsedMs":1655,"count":16896,"owner":"garden-stage/core-v1/src/ecs/world:World"}
REFERENCE_PROGRESS {"event":"file_book.definition","elapsedMs":1655,"count":17152,"owner":"garden-stage/schema-families:Garden"}
REFERENCE_PROGRESS {"event":"file_book.definition","elapsedMs":1656,"count":17408,"owner":"garden-stage/schema-families:Garden"}
REFERENCE_PROGRESS {"event":"file_book.definition","elapsedMs":1656,"count":17664,"owner":"garden-stage/schema-families:Garden"}
REFERENCE_PROGRESS {"event":"file_book.definition","elapsedMs":1657,"count":17920,"owner":"garden-stage/runtime-owners:Resource"}
REFERENCE_PROGRESS {"event":"file_book.definition","elapsedMs":1657,"count":18176,"owner":"garden-stage/runtime-owners:Resource"}
REFERENCE_PROGRESS {"event":"file_book.definition","elapsedMs":1657,"count":18432,"owner":"garden-stage/core-v1/src/ecs/world:World"}
REFERENCE_PROGRESS {"event":"file_book.definition","elapsedMs":1657,"count":18688,"owner":"garden-stage/schema-families:Garden"}
REFERENCE_PROGRESS {"event":"file_book.definition","elapsedMs":1657,"count":18944,"owner":"garden-stage/core-v1/src/ecs/world:Status"}
REFERENCE_PROGRESS {"event":"file_book.definition","elapsedMs":1658,"count":19200,"owner":"String"}
REFERENCE_PROGRESS {"event":"file_book.definition","elapsedMs":1658,"count":19456,"owner":"Sigma"}
REFERENCE_PROGRESS {"event":"file_book.definition","elapsedMs":1659,"count":19712,"owner":"garden-stage/schema-families:Garden"}
REFERENCE_PROGRESS {"event":"file_book.definition","elapsedMs":1661,"count":19968,"owner":"garden-stage/schema-families:Garden"}
REFERENCE_PROGRESS {"event":"file_book.definition","elapsedMs":1662,"count":20224,"owner":"garden-stage/schema-families:Store"}
REFERENCE_PROGRESS {"event":"file_book.definition","elapsedMs":1662,"count":20480,"owner":"garden-stage/schema-families:Garden"}
REFERENCE_PROGRESS {"event":"file_book.definition","elapsedMs":1664,"count":20736,"owner":"garden-stage/core-v1/src/ecs/world:World"}
REFERENCE_PROGRESS {"event":"file_book.definition","elapsedMs":1664,"count":20992,"owner":"garden-stage/core-v1/src/ecs/world:World"}
REFERENCE_PROGRESS {"event":"file_book.definition","elapsedMs":1664,"count":21248,"owner":"garden-stage/schema-families:Garden"}
REFERENCE_PROGRESS {"event":"file_book.definition","elapsedMs":1664,"count":21504,"owner":"List"}
REFERENCE_PROGRESS {"event":"file_book.definition","elapsedMs":1664,"count":21760,"owner":"garden-stage/schema-families:Garden"}
REFERENCE_PROGRESS {"event":"file_book.definition","elapsedMs":1664,"count":22016,"owner":"garden-stage/schema-families:Garden"}
REFERENCE_PROGRESS {"event":"file_book.definition","elapsedMs":1665,"count":22272,"owner":"garden-stage/schema-families:Store"}
REFERENCE_PROGRESS {"event":"file_book.definition","elapsedMs":1665,"count":22528,"owner":"List"}
REFERENCE_PROGRESS {"event":"file_book.definition","elapsedMs":1665,"count":22784,"owner":"List"}
REFERENCE_PROGRESS {"event":"file_book.definition","elapsedMs":1665,"count":23040,"owner":"garden-stage/runtime-owners:Resource"}
REFERENCE_PROGRESS {"event":"file_book.definition","elapsedMs":1666,"count":23296,"owner":"Maybe"}
REFERENCE_PROGRESS {"event":"file_book.definition","elapsedMs":1666,"count":23552,"owner":"garden-stage/gates:Holder"}
REFERENCE_PROGRESS {"event":"file_book.definition","elapsedMs":1666,"count":23808,"owner":"garden-stage/gate-phase:Observation"}
REFERENCE_PROGRESS {"event":"file_book.definition","elapsedMs":1667,"count":24064,"owner":"String"}
REFERENCE_PROGRESS {"event":"file_book.definition","elapsedMs":1667,"count":24320,"owner":"String"}
REFERENCE_PROGRESS {"event":"file_book.definition","elapsedMs":1668,"count":24576,"owner":"List"}
REFERENCE_PROGRESS {"event":"file_book.definition","elapsedMs":1668,"count":24832,"owner":"garden-stage/runtime-owners:Resource"}
REFERENCE_PROGRESS {"event":"file_book.definition","elapsedMs":1668,"count":25088,"owner":"garden-stage/schema-families:Store"}
REFERENCE_PROGRESS {"event":"file_book.definition","elapsedMs":1668,"count":25344,"owner":"String"}
REFERENCE_PROGRESS {"event":"file_book.definition","elapsedMs":1669,"count":25600,"owner":"garden-stage/schema-families:Garden"}
REFERENCE_PROGRESS {"event":"file_book.definition","elapsedMs":1669,"count":25856,"owner":"garden-stage/schema-families:Garden"}
REFERENCE_PROGRESS {"event":"file_book.definition","elapsedMs":1670,"count":26112,"owner":"garden-stage/schema-families:Garden"}
REFERENCE_PROGRESS {"event":"file_book.definition","elapsedMs":1670,"count":26368,"owner":"garden-stage/schema-families:Garden"}
REFERENCE_PROGRESS {"event":"file_book.definition","elapsedMs":1670,"count":26624,"owner":"garden-stage/schema-families:Garden"}
REFERENCE_PROGRESS {"event":"file_book.definition","elapsedMs":1670,"count":26880,"owner":"String"}
REFERENCE_PROGRESS {"event":"file_book.definition","elapsedMs":1671,"count":27136,"owner":"Sigma"}
REFERENCE_PROGRESS {"event":"file_book.definition","elapsedMs":1672,"count":27392,"owner":"String"}
REFERENCE_PROGRESS {"event":"file_book.definition","elapsedMs":1673,"count":27648,"owner":"garden-stage/schema-families:Garden"}
REFERENCE_PROGRESS {"event":"file_book.definition","elapsedMs":1674,"count":27904,"owner":"garden-stage/core-v1/src/ecs/world:Handle"}
REFERENCE_PROGRESS {"event":"file_book.definition","elapsedMs":1675,"count":28160,"owner":"Sigma"}
REFERENCE_PROGRESS {"event":"file_book.definition","elapsedMs":1675,"count":28416,"owner":"garden-stage/schema-families:Garden"}
REFERENCE_PROGRESS {"event":"file_book.definition","elapsedMs":1676,"count":28672,"owner":"garden-stage/schema-families:Store"}
REFERENCE_PROGRESS {"event":"file_book.definition","elapsedMs":1678,"count":28928,"owner":"garden-stage/schema-families:Garden"}
REFERENCE_PROGRESS {"event":"file_book.definition","elapsedMs":1678,"count":29184,"owner":"garden-stage/schema-families:Store"}
REFERENCE_PROGRESS {"event":"file_book.definition","elapsedMs":1678,"count":29440,"owner":"garden-stage/schema-families:Garden"}
REFERENCE_PROGRESS {"event":"file_book.definition","elapsedMs":1678,"count":29696,"owner":"garden-stage/schema-families:Store"}
REFERENCE_PROGRESS {"event":"file_book.definition","elapsedMs":1678,"count":29952,"owner":"garden-stage/schema-families:Store"}
REFERENCE_PROGRESS {"event":"file_book.definition","elapsedMs":1679,"count":30208,"owner":"garden-stage/core-v1/src/ecs/inspector:Frame"}
REFERENCE_PROGRESS {"event":"file_book.definition","elapsedMs":1680,"count":30464,"owner":"garden-stage/schema-families:Store"}
REFERENCE_PROGRESS {"event":"file_book.definition","elapsedMs":1682,"count":30720,"owner":"garden-stage/core-v1/src/ecs/world:World"}
REFERENCE_PROGRESS {"event":"file_book.definition","elapsedMs":1682,"count":30976,"owner":"String"}
REFERENCE_PROGRESS {"event":"file_book.definition","elapsedMs":1682,"count":31232,"owner":"List"}
REFERENCE_PROGRESS {"event":"file_book.definition","elapsedMs":1682,"count":31488,"owner":"garden-stage/schema-families:Store"}
REFERENCE_PROGRESS {"event":"file_book.definition","elapsedMs":1683,"count":31744,"owner":"Sigma"}
REFERENCE_PROGRESS {"event":"file_book.definition","elapsedMs":1684,"count":32000,"owner":"Unit"}
REFERENCE_PROGRESS {"event":"file_book.definition","elapsedMs":1684,"count":32256,"owner":"garden-stage/schema-families:Store"}
REFERENCE_PROGRESS {"event":"file_book.definition","elapsedMs":1684,"count":32512,"owner":"List"}
REFERENCE_PROGRESS {"event":"file_book.definition","elapsedMs":1685,"count":32768,"owner":"garden-stage/schema-families:Store"}
REFERENCE_PROGRESS {"event":"file_book.definition","elapsedMs":1685,"count":33024,"owner":"garden-stage/core-v1/src/ecs/world:Handle"}
REFERENCE_PROGRESS {"event":"file_book.definition","elapsedMs":1685,"count":33280,"owner":"garden-stage/schema-families:Garden"}
REFERENCE_PROGRESS {"event":"file_book.definition","elapsedMs":1685,"count":33536,"owner":"garden-stage/schema-families:Garden"}
REFERENCE_PROGRESS {"event":"file_book.definition","elapsedMs":1685,"count":33792,"owner":"garden-stage/core-v1/src/ecs/world:World"}
REFERENCE_PROGRESS {"event":"file_book.definition","elapsedMs":1685,"count":34048,"owner":"garden-stage/runtime-owners:Resource"}
REFERENCE_PROGRESS {"event":"type_adts.calls","elapsedMs":1685,"calls":65536,"owner":"garden-stage/execution:repeated~0"}
REFERENCE_PROGRESS {"event":"file_book.definition","elapsedMs":1687,"count":34304,"owner":"garden-stage/schema-families:Store"}
REFERENCE_PROGRESS {"event":"file_book.definition","elapsedMs":1687,"count":34560,"owner":"garden-stage/schema-families:Garden"}
REFERENCE_PROGRESS {"event":"file_book.definition","elapsedMs":1687,"count":34816,"owner":"garden-stage/schema-families:Garden"}
REFERENCE_PROGRESS {"event":"file_book.definition","elapsedMs":1687,"count":35072,"owner":"garden-stage/runtime-owners:Resource"}
REFERENCE_PROGRESS {"event":"file_book.definition","elapsedMs":1687,"count":35328,"owner":"garden-stage/schema-families:Garden"}
REFERENCE_PROGRESS {"event":"file_book.definition","elapsedMs":1687,"count":35584,"owner":"garden-stage/schema-families:Count"}
REFERENCE_PROGRESS {"event":"file_book.definition","elapsedMs":1688,"count":35840,"owner":"String"}
REFERENCE_PROGRESS {"event":"file_book.definition","elapsedMs":1688,"count":36096,"owner":"garden-stage/schema-families:Store"}
REFERENCE_PROGRESS {"event":"file_book.definition","elapsedMs":1688,"count":36352,"owner":"Sigma"}
REFERENCE_PROGRESS {"event":"file_book.definition","elapsedMs":1691,"count":36608,"owner":"garden-stage/core-v1/src/ecs/world:World"}
REFERENCE_PROGRESS {"event":"file_book.definition","elapsedMs":1691,"count":36864,"owner":"garden-stage/schema-families:Garden"}
REFERENCE_PROGRESS {"event":"file_book.definition","elapsedMs":1691,"count":37120,"owner":"garden-stage/runtime-owners:Resource"}
REFERENCE_PROGRESS {"event":"file_book.definition","elapsedMs":1691,"count":37376,"owner":"garden-stage/runtime-owners:Resource"}
REFERENCE_PROGRESS {"event":"file_book.definition","elapsedMs":1691,"count":37632,"owner":"List"}
REFERENCE_PROGRESS {"event":"file_book.definition","elapsedMs":1691,"count":37888,"owner":"garden-stage/schema-families:Garden"}
REFERENCE_PROGRESS {"event":"file_book.definition","elapsedMs":1692,"count":38144,"owner":"garden-stage/runtime-owners:Resource"}
REFERENCE_PROGRESS {"event":"file_book.definition","elapsedMs":1692,"count":38400,"owner":"garden-stage/runtime-owners:Resource"}
REFERENCE_PROGRESS {"event":"file_book.definition","elapsedMs":1692,"count":38656,"owner":"garden-stage/core-v1/src/ecs/world:World"}
REFERENCE_PROGRESS {"event":"file_book.definition","elapsedMs":1692,"count":38912,"owner":"String"}
REFERENCE_PROGRESS {"event":"file_book.definition","elapsedMs":1692,"count":39168,"owner":"List"}
REFERENCE_PROGRESS {"event":"file_book.definition","elapsedMs":1710,"count":39424,"owner":"garden-stage/schema-families:Garden"}
REFERENCE_PROGRESS {"event":"file_book.definition","elapsedMs":1711,"count":39680,"owner":"garden-stage/runtime-owners:Resource"}
REFERENCE_PROGRESS {"event":"file_book.definition","elapsedMs":1711,"count":39936,"owner":"List"}
REFERENCE_PROGRESS {"event":"file_book.definition","elapsedMs":1712,"count":40192,"owner":"garden-stage/runtime-owners:Resource"}
REFERENCE_PROGRESS {"event":"file_book.definition","elapsedMs":1712,"count":40448,"owner":"garden-stage/schema-families:CountRest"}
REFERENCE_PROGRESS {"event":"file_book.definition","elapsedMs":1713,"count":40704,"owner":"garden-stage/core-v1/src/ecs/world:World"}
REFERENCE_PROGRESS {"event":"file_book.definition","elapsedMs":1713,"count":40960,"owner":"Maybe"}
REFERENCE_PROGRESS {"event":"file_book.definition","elapsedMs":1723,"count":41216,"owner":"garden-stage/schema-families:Garden"}
REFERENCE_PROGRESS {"event":"file_book.definition","elapsedMs":1728,"count":41472,"owner":"Maybe"}
REFERENCE_PROGRESS {"event":"file_book.definition","elapsedMs":1729,"count":41728,"owner":"List"}
REFERENCE_PROGRESS {"event":"file_book.definition","elapsedMs":1729,"count":41984,"owner":"String"}
REFERENCE_PROGRESS {"event":"file_book.definition","elapsedMs":1729,"count":42240,"owner":"garden-stage/core-v1/src/ecs/world:World"}
REFERENCE_PROGRESS {"event":"file_book.definition","elapsedMs":1729,"count":42496,"owner":"garden-stage/schema-families:Garden"}
REFERENCE_PROGRESS {"event":"file_book.definition","elapsedMs":1735,"count":42752,"owner":"garden-stage/schema-families:Garden"}
REFERENCE_PROGRESS {"event":"file_book.definition","elapsedMs":1735,"count":43008,"owner":"garden-stage/gates:Gate"}
REFERENCE_PROGRESS {"event":"file_book.definition","elapsedMs":1736,"count":43264,"owner":"garden-stage/core-v1/src/ecs/inspector:Observed"}
REFERENCE_PROGRESS {"event":"file_book.definition","elapsedMs":1736,"count":43520,"owner":"garden-stage/core-v1/src/ecs/world:Handle"}
REFERENCE_PROGRESS {"event":"file_book.definition","elapsedMs":1736,"count":43776,"owner":"garden-stage/schema-families:Garden"}
REFERENCE_PROGRESS {"event":"file_book.definition","elapsedMs":1737,"count":44032,"owner":"garden-stage/schema-families:Garden"}
REFERENCE_PROGRESS {"event":"file_book.definition","elapsedMs":1738,"count":44288,"owner":"garden-stage/runtime-owners:Resource"}
REFERENCE_PROGRESS {"event":"file_book.definition","elapsedMs":1739,"count":44544,"owner":"garden-stage/schema-families:Store"}
REFERENCE_PROGRESS {"event":"file_book.definition","elapsedMs":1739,"count":44800,"owner":"garden-stage/core-v1/src/ecs/inspector:initialized~6"}
REFERENCE_PROGRESS {"event":"file_book.definition","elapsedMs":1740,"count":45056,"owner":"garden-stage/schema-families:Store"}
REFERENCE_PROGRESS {"event":"file_book.definition","elapsedMs":1740,"count":45312,"owner":"garden-stage/core-v1/src/ecs/world:World"}
REFERENCE_PROGRESS {"event":"file_book.definition","elapsedMs":1741,"count":45568,"owner":"garden-stage/schema-families:Garden"}
REFERENCE_PROGRESS {"event":"file_book.definition","elapsedMs":1742,"count":45824,"owner":"Unit"}
REFERENCE_PROGRESS {"event":"file_book.definition","elapsedMs":1742,"count":46080,"owner":"garden-stage/runtime-owners:Resource"}
REFERENCE_PROGRESS {"event":"file_book.definition","elapsedMs":1743,"count":46336,"owner":"String"}
REFERENCE_PROGRESS {"event":"file_book.definition","elapsedMs":1743,"count":46592,"owner":"String"}
REFERENCE_PROGRESS {"event":"file_book.definition","elapsedMs":1744,"count":46848,"owner":"Bool"}
REFERENCE_PROGRESS {"event":"file_book.definition","elapsedMs":1744,"count":47104,"owner":"garden-stage/schema-families:Garden"}
REFERENCE_PROGRESS {"event":"file_book.definition","elapsedMs":1745,"count":47360,"owner":"garden-stage/schema-families:Stock"}
REFERENCE_PROGRESS {"event":"file_book.definition","elapsedMs":1748,"count":47616,"owner":"garden-stage/schema-families:Garden"}
REFERENCE_PROGRESS {"event":"file_book.definition","elapsedMs":1749,"count":47872,"owner":"garden-stage/schema-families:Garden"}
REFERENCE_PROGRESS {"event":"file_book.definition","elapsedMs":1753,"count":48128,"owner":"Maybe"}
REFERENCE_PROGRESS {"event":"file_book.definition","elapsedMs":1757,"count":48384,"owner":"garden-stage/core-v1/src/ecs/column:SwapOutcome"}
REFERENCE_PROGRESS {"event":"file_book.definition","elapsedMs":1757,"count":48640,"owner":"garden-stage/runtime-named-declarations:ValueAddedBoth"}
REFERENCE_PROGRESS {"event":"file_book.definition","elapsedMs":1759,"count":48896,"owner":"String"}
REFERENCE_PROGRESS {"event":"file_book.definition","elapsedMs":1761,"count":49152,"owner":"garden-stage/schema-families:Garden"}
REFERENCE_PROGRESS {"event":"file_book.definition","elapsedMs":1761,"count":49408,"owner":"garden-stage/schema-families:Store"}
REFERENCE_PROGRESS {"event":"file_book.definition","elapsedMs":1761,"count":49664,"owner":"garden-stage/core-v1/src/ecs/inspector:Frame"}
REFERENCE_PROGRESS {"event":"file_book.definition","elapsedMs":1762,"count":49920,"owner":"garden-stage/schema-families:Title"}
REFERENCE_PROGRESS {"event":"file_book.definition","elapsedMs":1762,"count":50176,"owner":"Sigma"}
REFERENCE_PROGRESS {"event":"file_book.definition","elapsedMs":1763,"count":50432,"owner":"List"}
REFERENCE_PROGRESS {"event":"file_book.definition","elapsedMs":1764,"count":50688,"owner":"garden-stage/schema-families:Garden"}
REFERENCE_PROGRESS {"event":"file_book.definition","elapsedMs":1765,"count":50944,"owner":"Sigma"}
REFERENCE_PROGRESS {"event":"file_book.definition","elapsedMs":1765,"count":51200,"owner":"garden-stage/schema-families:Garden"}
REFERENCE_PROGRESS {"event":"file_book.definition","elapsedMs":1765,"count":51456,"owner":"garden-stage/core-v1/src/ecs/inspector:Observed"}
REFERENCE_PROGRESS {"event":"file_book.definition","elapsedMs":1766,"count":51712,"owner":"garden-stage/schema-families:Garden"}
REFERENCE_PROGRESS {"event":"file_book.definition","elapsedMs":1766,"count":51968,"owner":"garden-stage/runtime-owners:Resource"}
REFERENCE_PROGRESS {"event":"file_book.definition","elapsedMs":1766,"count":52224,"owner":"garden-stage/core-v1/src/ecs/inspector:Observed"}
REFERENCE_PROGRESS {"event":"file_book.definition","elapsedMs":1766,"count":52480,"owner":"garden-stage/schema-families:Garden"}
REFERENCE_PROGRESS {"event":"file_book.definition","elapsedMs":1766,"count":52736,"owner":"garden-stage/schema-families:Garden"}
REFERENCE_PROGRESS {"event":"file_book.definition","elapsedMs":1766,"count":52992,"owner":"garden-stage/schema-families:Garden"}
REFERENCE_PROGRESS {"event":"file_book.definition","elapsedMs":1766,"count":53248,"owner":"String"}
REFERENCE_PROGRESS {"event":"file_book.definition","elapsedMs":1766,"count":53504,"owner":"garden-stage/core-v1/src/ecs/inspector:Observed"}
REFERENCE_PROGRESS {"event":"file_book.definition","elapsedMs":1766,"count":53760,"owner":"garden-stage/schema-families:Garden"}
REFERENCE_PROGRESS {"event":"file_book.definition","elapsedMs":1766,"count":54016,"owner":"Bool"}
REFERENCE_PROGRESS {"event":"file_book.definition","elapsedMs":1767,"count":54272,"owner":"garden-stage/runtime-owners:Resource"}
REFERENCE_PROGRESS {"event":"file_book.definition","elapsedMs":1767,"count":54528,"owner":"garden-stage/schema-families:Garden"}
REFERENCE_PROGRESS {"event":"file_book.definition","elapsedMs":1768,"count":54784,"owner":"garden-stage/schema-families:Stock"}
REFERENCE_PROGRESS {"event":"file_book.definition","elapsedMs":1770,"count":55040,"owner":"garden-stage/schema-families:Garden"}
REFERENCE_PROGRESS {"event":"file_book.definition","elapsedMs":1771,"count":55296,"owner":"garden-stage/core-v1/src/ecs/column:IndexedPreparedCarrier"}
REFERENCE_PROGRESS {"event":"file_book.definition","elapsedMs":1773,"count":55552,"owner":"garden-stage/schema-families:Title"}
REFERENCE_PROGRESS {"event":"file_book.definition","elapsedMs":1774,"count":55808,"owner":"garden-stage/core-v1/src/ecs/column:IndexedOrdinaryState"}
REFERENCE_PROGRESS {"event":"file_book.definition","elapsedMs":1775,"count":56064,"owner":"garden-stage/core-v1/src/ecs/column:SwapOutcome"}
REFERENCE_PROGRESS {"event":"file_book.definition","elapsedMs":1775,"count":56320,"owner":"Sigma"}
REFERENCE_PROGRESS {"event":"file_book.definition","elapsedMs":1776,"count":56576,"owner":"garden-stage/schema-families:Active"}
REFERENCE_PROGRESS {"event":"file_book.definition","elapsedMs":1776,"count":56832,"owner":"Bool"}
REFERENCE_PROGRESS {"event":"file_book.definition","elapsedMs":1778,"count":57088,"owner":"garden-stage/schema-families:Count"}
REFERENCE_PROGRESS {"event":"file_book.definition","elapsedMs":1780,"count":57344,"owner":"garden-stage/core-v1/src/ecs/column:Carrier"}
REFERENCE_PROGRESS {"event":"file_book.definition","elapsedMs":1780,"count":57600,"owner":"garden-stage/schema-families:Garden"}
REFERENCE_PROGRESS {"event":"file_book.definition","elapsedMs":1781,"count":57856,"owner":"garden-stage/core-v1/src/ecs/inspector-query:LookupError"}
REFERENCE_PROGRESS {"event":"file_book.definition","elapsedMs":1782,"count":58112,"owner":"Sigma"}
REFERENCE_PROGRESS {"event":"file_book.definition","elapsedMs":1783,"count":58368,"owner":"garden-stage/schema-families:Garden"}
REFERENCE_PROGRESS {"event":"file_book.definition","elapsedMs":1783,"count":58624,"owner":"garden-stage/runtime-owners:Resource"}
REFERENCE_PROGRESS {"event":"file_book.definition","elapsedMs":1784,"count":58880,"owner":"Maybe"}
REFERENCE_PROGRESS {"event":"file_book.definition","elapsedMs":1785,"count":59136,"owner":"garden-stage/schema-families:Garden"}
REFERENCE_PROGRESS {"event":"file_book.definition","elapsedMs":1785,"count":59392,"owner":"Bool"}
REFERENCE_PROGRESS {"event":"file_book.definition","elapsedMs":1785,"count":59648,"owner":"garden-stage/schema-families:Garden"}
REFERENCE_PROGRESS {"event":"file_book.definition","elapsedMs":1787,"count":59904,"owner":"garden-stage/schema-families:Garden"}
REFERENCE_PROGRESS {"event":"file_book.definition","elapsedMs":1787,"count":60160,"owner":"List"}
REFERENCE_PROGRESS {"event":"file_book.definition","elapsedMs":1790,"count":60416,"owner":"garden-stage/schema-families:Garden"}
REFERENCE_PROGRESS {"event":"file_book.definition","elapsedMs":1791,"count":60672,"owner":"String"}
REFERENCE_PROGRESS {"event":"file_book.definition","elapsedMs":1791,"count":60928,"owner":"garden-stage/runtime-owners:Resource"}
REFERENCE_PROGRESS {"event":"file_book.definition","elapsedMs":1792,"count":61184,"owner":"garden-stage/core-v1/src/ecs/world:Handle"}
REFERENCE_PROGRESS {"event":"file_book.definition","elapsedMs":1793,"count":61440,"owner":"garden-stage/schema-families:Count"}
REFERENCE_PROGRESS {"event":"file_book.definition","elapsedMs":1793,"count":61696,"owner":"garden-stage/core-v1/src/ecs/column:Column"}
REFERENCE_PROGRESS {"event":"file_book.definition","elapsedMs":1793,"count":61952,"owner":"garden-stage/core-v1/src/ecs/column:SwapOutcome"}
REFERENCE_PROGRESS {"event":"file_book.definition","elapsedMs":1793,"count":62208,"owner":"garden-stage/schema-families:Garden"}
REFERENCE_PROGRESS {"event":"file_book.definition","elapsedMs":1799,"count":62464,"owner":"garden-stage/schema-families:Garden"}
REFERENCE_PROGRESS {"event":"file_book.definition","elapsedMs":1799,"count":62720,"owner":"Bool"}
REFERENCE_PROGRESS {"event":"file_book.definition","elapsedMs":1825,"count":62976,"owner":"garden-stage/schema-families:Garden"}
REFERENCE_PROGRESS {"event":"file_book.definition","elapsedMs":1825,"count":63232,"owner":"Bool"}
REFERENCE_PROGRESS {"event":"file_book.definition","elapsedMs":1826,"count":63488,"owner":"garden-stage/core-v1/src/ecs/column:SwapOutcome"}
REFERENCE_PROGRESS {"event":"file_book.definition","elapsedMs":1826,"count":63744,"owner":"garden-stage/schema-families:Title"}
REFERENCE_PROGRESS {"event":"file_book.definition","elapsedMs":1837,"count":64000,"owner":"garden-stage/schema-families:Active"}
REFERENCE_PROGRESS {"event":"file_book.definition","elapsedMs":1837,"count":64256,"owner":"garden-stage/schema-families:Garden"}
REFERENCE_PROGRESS {"event":"file_book.definition","elapsedMs":1837,"count":64512,"owner":"garden-stage/schema-families:Active"}
REFERENCE_PROGRESS {"event":"file_book.definition","elapsedMs":1838,"count":64768,"owner":"garden-stage/schema-families:Garden"}
REFERENCE_PROGRESS {"event":"file_book.definition","elapsedMs":1838,"count":65024,"owner":"garden-stage/schema-families:Active"}
REFERENCE_PROGRESS {"event":"file_book.definition","elapsedMs":1839,"count":65280,"owner":"garden-stage/schema-families:Count"}
REFERENCE_PROGRESS {"event":"file_book.definition","elapsedMs":1839,"count":65536,"owner":"Maybe"}
REFERENCE_PROGRESS {"event":"file_book.definition","elapsedMs":1839,"count":65792,"owner":"garden-stage/schema-families:Garden"}
REFERENCE_PROGRESS {"event":"file_book.definition","elapsedMs":1851,"count":66048,"owner":"Bool"}
REFERENCE_PROGRESS {"event":"file_book.definition","elapsedMs":1852,"count":66304,"owner":"garden-stage/query:Row"}
REFERENCE_PROGRESS {"event":"file_book.definition","elapsedMs":1852,"count":66560,"owner":"garden-stage/schema-families:Garden"}
REFERENCE_PROGRESS {"event":"file_book.definition","elapsedMs":1852,"count":66816,"owner":"garden-stage/core-v1/src/ecs/inspector:Frame"}
REFERENCE_PROGRESS {"event":"file_book.definition","elapsedMs":1858,"count":67072,"owner":"garden-stage/schema-families:Garden"}
REFERENCE_PROGRESS {"event":"file_book.definition","elapsedMs":1859,"count":67328,"owner":"garden-stage/runtime-owners:Resource"}
REFERENCE_PROGRESS {"event":"file_book.definition","elapsedMs":1859,"count":67584,"owner":"garden-stage/schema-families:Store"}
REFERENCE_PROGRESS {"event":"file_book.definition","elapsedMs":1865,"count":67840,"owner":"garden-stage/schema-families:Store"}
REFERENCE_PROGRESS {"event":"file_book.definition","elapsedMs":1865,"count":68096,"owner":"garden-stage/schema-families:Garden"}
REFERENCE_PROGRESS {"event":"file_book.definition","elapsedMs":1865,"count":68352,"owner":"garden-stage/core-v1/src/ecs/world:World"}
REFERENCE_PROGRESS {"event":"file_book.definition","elapsedMs":1865,"count":68608,"owner":"List"}
REFERENCE_PROGRESS {"event":"file_book.definition","elapsedMs":1865,"count":68864,"owner":"garden-stage/schema-families:Garden"}
REFERENCE_PROGRESS {"event":"file_book.definition","elapsedMs":1865,"count":69120,"owner":"garden-stage/schema-families:Garden"}
REFERENCE_PROGRESS {"event":"file_book.definition","elapsedMs":1865,"count":69376,"owner":"garden-stage/schema-families:Garden"}
REFERENCE_PROGRESS {"event":"file_book.definition","elapsedMs":1866,"count":69632,"owner":"garden-stage/runtime-owners:Resource"}
REFERENCE_PROGRESS {"event":"file_book.definition","elapsedMs":1866,"count":69888,"owner":"garden-stage/runtime-named-declarations:ValueFiveAlias"}
REFERENCE_PROGRESS {"event":"file_book.definition","elapsedMs":1867,"count":70144,"owner":"garden-stage/schema-families:Store"}
REFERENCE_PROGRESS {"event":"type_adts.calls","elapsedMs":1867,"calls":131072,"owner":"garden-stage/execution:serialized~6"}
REFERENCE_PROGRESS {"event":"file_book.definition","elapsedMs":1868,"count":70400,"owner":"garden-stage/schema-families:Garden"}
REFERENCE_PROGRESS {"event":"file_book.definition","elapsedMs":1868,"count":70656,"owner":"Unit"}
REFERENCE_PROGRESS {"event":"file_book.definition","elapsedMs":1869,"count":70912,"owner":"Sigma"}
REFERENCE_PROGRESS {"event":"file_book.definition","elapsedMs":1870,"count":71168,"owner":"Maybe"}
REFERENCE_PROGRESS {"event":"file_book.definition","elapsedMs":1870,"count":71424,"owner":"Maybe"}
REFERENCE_PROGRESS {"event":"file_book.definition","elapsedMs":1870,"count":71680,"owner":"garden-stage/core-v1/src/ecs/world:World"}
REFERENCE_PROGRESS {"event":"file_book.definition","elapsedMs":1874,"count":71936,"owner":"garden-stage/schema-families:Stock"}
REFERENCE_PROGRESS {"event":"file_book.definition","elapsedMs":1874,"count":72192,"owner":"List"}
REFERENCE_PROGRESS {"event":"file_book.definition","elapsedMs":1874,"count":72448,"owner":"Maybe"}
REFERENCE_PROGRESS {"event":"file_book.definition","elapsedMs":1874,"count":72704,"owner":"garden-stage/schema-families:Stock"}
REFERENCE_PROGRESS {"event":"file_book.definition","elapsedMs":1874,"count":72960,"owner":"garden-stage/schema-families:Stock"}
REFERENCE_PROGRESS {"event":"file_book.definition","elapsedMs":1874,"count":73216,"owner":"garden-stage/schema-families:Garden"}
REFERENCE_PROGRESS {"event":"file_book.definition","elapsedMs":1875,"count":73472,"owner":"garden-stage/schema-families:Garden"}
REFERENCE_PROGRESS {"event":"file_book.definition","elapsedMs":1875,"count":73728,"owner":"garden-stage/schema-families:Garden"}
REFERENCE_PROGRESS {"event":"file_book.definition","elapsedMs":1875,"count":73984,"owner":"garden-stage/core-v1/src/ecs/owner-handoff:PrototypeHandoffRows"}
REFERENCE_PROGRESS {"event":"file_book.definition","elapsedMs":1875,"count":74240,"owner":"garden-stage/core-v1/src/ecs/column:SeekPhase"}
REFERENCE_PROGRESS {"event":"file_book.definition","elapsedMs":1875,"count":74496,"owner":"List"}
REFERENCE_PROGRESS {"event":"file_book.definition","elapsedMs":1876,"count":74752,"owner":"garden-stage/core-v1/src/ecs/indexed-lifecycle:Metadata"}
REFERENCE_PROGRESS {"event":"file_book.definition","elapsedMs":1876,"count":75008,"owner":"garden-stage/schema-families:Garden"}
REFERENCE_PROGRESS {"event":"file_book.definition","elapsedMs":1876,"count":75264,"owner":"garden-stage/core-v1/src/ecs/column:SwapOutcome"}
REFERENCE_PROGRESS {"event":"file_book.definition","elapsedMs":1876,"count":75520,"owner":"garden-stage/core-v1/src/ecs/column:IndexedOrdinaryState"}
REFERENCE_PROGRESS {"event":"file_book.definition","elapsedMs":1877,"count":75776,"owner":"garden-stage/schema-families:Garden"}
REFERENCE_PROGRESS {"event":"file_book.definition","elapsedMs":1877,"count":76032,"owner":"garden-stage/schema-families:Garden"}
REFERENCE_PROGRESS {"event":"file_book.definition","elapsedMs":1877,"count":76288,"owner":"garden-stage/schema-families:Garden"}
REFERENCE_PROGRESS {"event":"file_book.definition","elapsedMs":1877,"count":76544,"owner":"Maybe"}
REFERENCE_PROGRESS {"event":"file_book.definition","elapsedMs":1877,"count":76800,"owner":"garden-stage/schema-families:Active"}
REFERENCE_PROGRESS {"event":"file_book.definition","elapsedMs":1877,"count":77056,"owner":"garden-stage/schema-families:Garden"}
REFERENCE_PROGRESS {"event":"file_book.definition","elapsedMs":1877,"count":77312,"owner":"garden-stage/core-v1/src/ecs/column:Column"}
REFERENCE_PROGRESS {"event":"file_book.definition","elapsedMs":1877,"count":77568,"owner":"garden-stage/core-v1/src/ecs/column:SwapOutcome"}
REFERENCE_PROGRESS {"event":"file_book.definition","elapsedMs":1877,"count":77824,"owner":"garden-stage/core-v1/src/ecs/column:History"}
REFERENCE_PROGRESS {"event":"file_book.definition","elapsedMs":1877,"count":78080,"owner":"garden-stage/core-v1/src/ecs/column:History"}
REFERENCE_PROGRESS {"event":"file_book.definition","elapsedMs":1877,"count":78336,"owner":"garden-stage/core-v1/src/ecs/owner-handoff:PrototypeHandoffRows"}
REFERENCE_PROGRESS {"event":"file_book.definition","elapsedMs":1877,"count":78592,"owner":"garden-stage/schema-families:Count"}
REFERENCE_PROGRESS {"event":"file_book.definition","elapsedMs":1877,"count":78848,"owner":"garden-stage/core-v1/src/ecs/inspector:Frame"}
REFERENCE_PROGRESS {"event":"file_book.definition","elapsedMs":1877,"count":79104,"owner":"garden-stage/runtime-named-declarations:ValueAddedBoth"}
REFERENCE_PROGRESS {"event":"file_book.definition","elapsedMs":1877,"count":79360,"owner":"garden-stage/query:Row"}
REFERENCE_PROGRESS {"event":"file_book.definition","elapsedMs":1877,"count":79616,"owner":"garden-stage/core-v1/src/ecs/world:World"}
REFERENCE_PROGRESS {"event":"file_book.definition","elapsedMs":1878,"count":79872,"owner":"garden-stage/runtime-owners:Resource"}
REFERENCE_PROGRESS {"event":"file_book.definition","elapsedMs":1878,"count":80128,"owner":"garden-stage/schema-families:Garden"}
REFERENCE_PROGRESS {"event":"file_book.definition","elapsedMs":1879,"count":80384,"owner":"Sigma"}
REFERENCE_PROGRESS {"event":"file_book.definition","elapsedMs":1879,"count":80640,"owner":"Result"}
REFERENCE_PROGRESS {"event":"file_book.definition","elapsedMs":1879,"count":80896,"owner":"garden-stage/core-v1/src/ecs/inspector:Frame"}
REFERENCE_PROGRESS {"event":"file_book.definition","elapsedMs":1879,"count":81152,"owner":"garden-stage/schema-families:Garden"}
REFERENCE_PROGRESS {"event":"file_book.definition","elapsedMs":1880,"count":81408,"owner":"Unit"}
REFERENCE_PROGRESS {"event":"file_book.definition","elapsedMs":1880,"count":81664,"owner":"garden-stage/schema-families:Garden"}
REFERENCE_PROGRESS {"event":"file_book.definition","elapsedMs":1885,"count":81920,"owner":"garden-stage/core-v1/src/ecs/inspector:Frame"}
REFERENCE_PROGRESS {"event":"file_book.definition","elapsedMs":1885,"count":82176,"owner":"garden-stage/schema-families:Garden"}
REFERENCE_PROGRESS {"event":"file_book.definition","elapsedMs":1886,"count":82432,"owner":"garden-stage/schema-families:Store"}
REFERENCE_PROGRESS {"event":"file_book.definition","elapsedMs":1889,"count":82688,"owner":"garden-stage/core-v1/src/ecs/inspector:Frame"}
REFERENCE_PROGRESS {"event":"file_book.definition","elapsedMs":1891,"count":82944,"owner":"Result"}
REFERENCE_PROGRESS {"event":"file_book.definition","elapsedMs":1893,"count":83200,"owner":"garden-stage/schema-families:Garden"}
REFERENCE_PROGRESS {"event":"file_book.definition","elapsedMs":1895,"count":83456,"owner":"garden-stage/schema-families:Garden"}
REFERENCE_PROGRESS {"event":"file_book.definition","elapsedMs":1896,"count":83712,"owner":"Result"}
REFERENCE_PROGRESS {"event":"file_book.definition","elapsedMs":1897,"count":83968,"owner":"garden-stage/core-v1/src/ecs/inspector:Frame"}
REFERENCE_PROGRESS {"event":"file_book.definition","elapsedMs":1897,"count":84224,"owner":"garden-stage/runtime-owners:Resource"}
REFERENCE_PROGRESS {"event":"file_book.definition","elapsedMs":1898,"count":84480,"owner":"garden-stage/schema-families:Store"}
REFERENCE_PROGRESS {"event":"file_book.definition","elapsedMs":1898,"count":84736,"owner":"garden-stage/runtime-owners:Resource"}
REFERENCE_PROGRESS {"event":"file_book.definition","elapsedMs":1899,"count":84992,"owner":"garden-stage/query:each~45"}
REFERENCE_PROGRESS {"event":"file_book.definition","elapsedMs":1900,"count":85248,"owner":"garden-stage/core-v1/src/ecs/world:Handle"}
REFERENCE_PROGRESS {"event":"file_book.definition","elapsedMs":1902,"count":85504,"owner":"garden-stage/schema-families:Active"}
REFERENCE_PROGRESS {"event":"file_book.definition","elapsedMs":1906,"count":85760,"owner":"List"}
REFERENCE_PROGRESS {"event":"file_book.definition","elapsedMs":1906,"count":86016,"owner":"garden-stage/core-v1/src/ecs/column:Column"}
REFERENCE_PROGRESS {"event":"file_book.definition","elapsedMs":1906,"count":86272,"owner":"garden-stage/schema-families:Title"}
REFERENCE_PROGRESS {"event":"file_book.definition","elapsedMs":1907,"count":86528,"owner":"garden-stage/core-v1/src/ecs/column:History"}
REFERENCE_PROGRESS {"event":"file_book.definition","elapsedMs":1911,"count":86784,"owner":"Maybe"}
REFERENCE_PROGRESS {"event":"file_book.definition","elapsedMs":1911,"count":87040,"owner":"garden-stage/schema-families:Count"}
REFERENCE_PROGRESS {"event":"file_book.definition","elapsedMs":1911,"count":87296,"owner":"garden-stage/schema-families:Garden"}
REFERENCE_PROGRESS {"event":"file_book.definition","elapsedMs":1911,"count":87552,"owner":"Result"}
REFERENCE_PROGRESS {"event":"file_book.definition","elapsedMs":1912,"count":87808,"owner":"garden-stage/core-v1/src/ecs/world:World"}
REFERENCE_PROGRESS {"event":"file_book.definition","elapsedMs":1912,"count":88064,"owner":"garden-stage/core-v1/src/ecs/world:World"}
REFERENCE_PROGRESS {"event":"file_book.definition","elapsedMs":1912,"count":88320,"owner":"Bool"}
REFERENCE_PROGRESS {"event":"file_book.definition","elapsedMs":1912,"count":88576,"owner":"garden-stage/runtime-owners:Resource"}
REFERENCE_PROGRESS {"event":"file_book.definition","elapsedMs":1912,"count":88832,"owner":"garden-stage/schema-families:Stock"}
REFERENCE_PROGRESS {"event":"file_book.definition","elapsedMs":1912,"count":89088,"owner":"List"}
REFERENCE_PROGRESS {"event":"file_book.definition","elapsedMs":1913,"count":89344,"owner":"garden-stage/schema-families:Garden"}
REFERENCE_PROGRESS {"event":"file_book.definition","elapsedMs":1913,"count":89600,"owner":"garden-stage/schema-families:Store"}
REFERENCE_PROGRESS {"event":"file_book.definition","elapsedMs":1945,"count":89856,"owner":"garden-stage/query:Row"}
REFERENCE_PROGRESS {"event":"file_book.definition","elapsedMs":1945,"count":90112,"owner":"garden-stage/runtime-owners:Resource"}
REFERENCE_PROGRESS {"event":"file_book.definition","elapsedMs":1946,"count":90368,"owner":"String"}
REFERENCE_PROGRESS {"event":"file_book.definition","elapsedMs":1946,"count":90624,"owner":"List"}
REFERENCE_PROGRESS {"event":"file_book.definition","elapsedMs":1947,"count":90880,"owner":"String"}
REFERENCE_PROGRESS {"event":"file_book.definition","elapsedMs":1947,"count":91136,"owner":"garden-stage/core-v1/src/ecs/inspector:Frame"}
REFERENCE_PROGRESS {"event":"file_book.definition","elapsedMs":1948,"count":91392,"owner":"Result"}
REFERENCE_PROGRESS {"event":"file_book.definition","elapsedMs":1948,"count":91648,"owner":"Result"}
REFERENCE_PROGRESS {"event":"file_book.definition","elapsedMs":1949,"count":91904,"owner":"String"}
REFERENCE_PROGRESS {"event":"file_book.definition","elapsedMs":1950,"count":92160,"owner":"garden-stage/core-v1/src/ecs/inspector:Frame"}
REFERENCE_PROGRESS {"event":"file_book.definition","elapsedMs":1950,"count":92416,"owner":"garden-stage/runtime-named-declarations:ValueMultipleWith"}
REFERENCE_PROGRESS {"event":"file_book.definition","elapsedMs":1950,"count":92672,"owner":"garden-stage/core-v1/src/ecs/inspector:Frame"}
REFERENCE_PROGRESS {"event":"file_book.definition","elapsedMs":1951,"count":92928,"owner":"garden-stage/core-v1/src/ecs/inspector:Frame"}
REFERENCE_PROGRESS {"event":"file_book.definition","elapsedMs":1952,"count":93184,"owner":"garden-stage/schema-families:Garden"}
REFERENCE_PROGRESS {"event":"file_book.definition","elapsedMs":1952,"count":93440,"owner":"garden-stage/schema-families:Garden"}
REFERENCE_PROGRESS {"event":"file_book.definition","elapsedMs":1952,"count":93696,"owner":"garden-stage/schema-families:Garden"}
REFERENCE_PROGRESS {"event":"file_book.definition","elapsedMs":1953,"count":93952,"owner":"garden-stage/schema-families:Garden"}
REFERENCE_PROGRESS {"event":"file_book.definition","elapsedMs":1953,"count":94208,"owner":"garden-stage/format:single~10"}
REFERENCE_PROGRESS {"event":"file_book.definition","elapsedMs":1954,"count":94464,"owner":"garden-stage/runtime-named-declarations:ValueChangedBoth"}
REFERENCE_PROGRESS {"event":"file_book.definition","elapsedMs":1954,"count":94720,"owner":"Result"}
REFERENCE_PROGRESS {"event":"file_book.definition","elapsedMs":1955,"count":94976,"owner":"garden-stage/runtime-owners:Resource"}
REFERENCE_PROGRESS {"event":"file_book.definition","elapsedMs":1955,"count":95232,"owner":"String"}
REFERENCE_PROGRESS {"event":"file_book.definition","elapsedMs":1955,"count":95488,"owner":"garden-stage/schema-families:Store"}
REFERENCE_PROGRESS {"event":"file_book.definition","elapsedMs":1956,"count":95744,"owner":"String"}
REFERENCE_PROGRESS {"event":"file_book.definition","elapsedMs":1956,"count":96000,"owner":"garden-stage/core-v1/src/ecs/world:Handle"}
REFERENCE_PROGRESS {"event":"file_book.definition","elapsedMs":1957,"count":96256,"owner":"garden-stage/schema-families:Active"}
REFERENCE_PROGRESS {"event":"file_book.definition","elapsedMs":1957,"count":96512,"owner":"garden-stage/schema-families:Store"}
REFERENCE_PROGRESS {"event":"file_book.definition","elapsedMs":1957,"count":96768,"owner":"garden-stage/schema-families:Garden"}
REFERENCE_PROGRESS {"event":"file_book.definition","elapsedMs":1957,"count":97024,"owner":"garden-stage/schema-families:Garden"}
REFERENCE_PROGRESS {"event":"file_book.definition","elapsedMs":1957,"count":97280,"owner":"garden-stage/runtime-owners:Resource"}
REFERENCE_PROGRESS {"event":"file_book.definition","elapsedMs":1958,"count":97536,"owner":"garden-stage/core-v1/src/ecs/indexed-lifecycle:Metadata"}
REFERENCE_PROGRESS {"event":"file_book.definition","elapsedMs":1959,"count":97792,"owner":"garden-stage/core-v1/src/ecs/owner-handoff:PrototypeHandoffRows"}
REFERENCE_PROGRESS {"event":"file_book.definition","elapsedMs":1959,"count":98048,"owner":"garden-stage/schema-families:Title"}
REFERENCE_PROGRESS {"event":"file_book.definition","elapsedMs":1960,"count":98304,"owner":"garden-stage/schema-families:Active"}
REFERENCE_PROGRESS {"event":"file_book.definition","elapsedMs":1960,"count":98560,"owner":"Maybe"}
REFERENCE_PROGRESS {"event":"file_book.definition","elapsedMs":1960,"count":98816,"owner":"garden-stage/schema-families:Count"}
REFERENCE_PROGRESS {"event":"file_book.definition","elapsedMs":1960,"count":99072,"owner":"garden-stage/runtime-named-declarations:ValueAddedBoth"}
REFERENCE_PROGRESS {"event":"file_book.definition","elapsedMs":1961,"count":99328,"owner":"garden-stage/runtime-owners:Resource"}
REFERENCE_PROGRESS {"event":"file_book.definition","elapsedMs":1961,"count":99584,"owner":"garden-stage/schema-families:Garden"}
REFERENCE_PROGRESS {"event":"file_book.definition","elapsedMs":1961,"count":99840,"owner":"garden-stage/core-v1/src/ecs/column:ensure~2"}
REFERENCE_PROGRESS {"event":"file_book.definition","elapsedMs":1961,"count":100096,"owner":"Maybe"}
REFERENCE_PROGRESS {"event":"file_book.definition","elapsedMs":1962,"count":100352,"owner":"garden-stage/schema-families:Garden"}
REFERENCE_PROGRESS {"event":"file_book.definition","elapsedMs":1963,"count":100608,"owner":"String"}
REFERENCE_PROGRESS {"event":"file_book.definition","elapsedMs":1963,"count":100864,"owner":"garden-stage/schema-families:Garden"}
REFERENCE_PROGRESS {"event":"file_book.definition","elapsedMs":1965,"count":101120,"owner":"garden-stage/schema-families:Garden"}
REFERENCE_PROGRESS {"event":"file_book.definition","elapsedMs":1966,"count":101376,"owner":"garden-stage/core-v1/src/ecs/inspector:Frame"}
REFERENCE_PROGRESS {"event":"file_book.definition","elapsedMs":1966,"count":101632,"owner":"garden-stage/schema-families:Garden"}
REFERENCE_PROGRESS {"event":"file_book.definition","elapsedMs":1967,"count":101888,"owner":"garden-stage/runtime-named-declarations:ValueOptionalFour"}
REFERENCE_PROGRESS {"event":"file_book.definition","elapsedMs":1967,"count":102144,"owner":"garden-stage/runtime-owners:Resource"}
REFERENCE_PROGRESS {"event":"file_book.definition","elapsedMs":1973,"count":102400,"owner":"garden-stage/schema-families:Garden"}
REFERENCE_PROGRESS {"event":"file_book.definition","elapsedMs":1979,"count":102656,"owner":"garden-stage/runtime-owners:Resource"}
REFERENCE_PROGRESS {"event":"file_book.definition","elapsedMs":1981,"count":102912,"owner":"garden-stage/schema-families:Garden"}
REFERENCE_PROGRESS {"event":"file_book.definition","elapsedMs":1981,"count":103168,"owner":"garden-stage/schema-families:Garden"}
REFERENCE_PROGRESS {"event":"file_book.definition","elapsedMs":1985,"count":103424,"owner":"garden-stage/core-v1/src/ecs/inspector:Frame"}
REFERENCE_PROGRESS {"event":"file_book.definition","elapsedMs":1985,"count":103680,"owner":"garden-stage/runtime-owners:Resource"}
REFERENCE_PROGRESS {"event":"file_book.definition","elapsedMs":1986,"count":103936,"owner":"garden-stage/schema-families:Garden"}
REFERENCE_PROGRESS {"event":"file_book.definition","elapsedMs":1986,"count":104192,"owner":"garden-stage/runtime-named-declarations:ValueFiveAlias"}
REFERENCE_PROGRESS {"event":"file_book.definition","elapsedMs":1986,"count":104448,"owner":"garden-stage/schema-families:Garden"}
REFERENCE_PROGRESS {"event":"file_book.definition","elapsedMs":1986,"count":104704,"owner":"garden-stage/schema-families:Garden"}
REFERENCE_PROGRESS {"event":"file_book.definition","elapsedMs":1987,"count":104960,"owner":"garden-stage/query:ReadQuery"}
REFERENCE_PROGRESS {"event":"file_book.definition","elapsedMs":1991,"count":105216,"owner":"garden-stage/full-consumer:Get"}
REFERENCE_PROGRESS {"event":"file_book.definition","elapsedMs":1991,"count":105472,"owner":"garden-stage/runtime-named-declarations:ValueWithWithout"}
REFERENCE_PROGRESS {"event":"file_book.definition","elapsedMs":1992,"count":105728,"owner":"garden-stage/runtime-owners:Resource"}
REFERENCE_PROGRESS {"event":"file_book.definition","elapsedMs":1992,"count":105984,"owner":"Sigma"}
REFERENCE_PROGRESS {"event":"file_book.definition","elapsedMs":1993,"count":106240,"owner":"List"}
REFERENCE_PROGRESS {"event":"file_book.definition","elapsedMs":1993,"count":106496,"owner":"garden-stage/schema-families:Garden"}
REFERENCE_PROGRESS {"event":"file_book.definition","elapsedMs":1993,"count":106752,"owner":"garden-stage/schema-families:Garden"}
REFERENCE_PROGRESS {"event":"file_book.definition","elapsedMs":1999,"count":107008,"owner":"garden-stage/core-v1/src/ecs/inspector:Frame"}
REFERENCE_PROGRESS {"event":"file_book.definition","elapsedMs":1999,"count":107264,"owner":"garden-stage/schema-families:Garden"}
REFERENCE_PROGRESS {"event":"file_book.definition","elapsedMs":2000,"count":107520,"owner":"List"}
REFERENCE_PROGRESS {"event":"file_book.definition","elapsedMs":2001,"count":107776,"owner":"garden-stage/schema-families:Store"}
REFERENCE_PROGRESS {"event":"file_book.definition","elapsedMs":2005,"count":108032,"owner":"garden-stage/schema-families:Garden"}
REFERENCE_PROGRESS {"event":"file_book.definition","elapsedMs":2006,"count":108288,"owner":"garden-stage/schema-families:Garden"}
REFERENCE_PROGRESS {"event":"file_book.definition","elapsedMs":2006,"count":108544,"owner":"String"}
REFERENCE_PROGRESS {"event":"file_book.definition","elapsedMs":2010,"count":108800,"owner":"garden-stage/core-v1/src/ecs/inspector-query:SingleError"}
REFERENCE_PROGRESS {"event":"file_book.definition","elapsedMs":2010,"count":109056,"owner":"garden-stage/schema-families:Garden"}
REFERENCE_PROGRESS {"event":"file_book.definition","elapsedMs":2011,"count":109312,"owner":"garden-stage/runtime-owners:Resource"}
REFERENCE_PROGRESS {"event":"file_book.definition","elapsedMs":2011,"count":109568,"owner":"garden-stage/runtime-named-declarations:ValueRepeated"}
REFERENCE_PROGRESS {"event":"file_book.definition","elapsedMs":2012,"count":109824,"owner":"String"}
REFERENCE_PROGRESS {"event":"file_book.definition","elapsedMs":2012,"count":110080,"owner":"Result"}
REFERENCE_PROGRESS {"event":"file_book.definition","elapsedMs":2012,"count":110336,"owner":"garden-stage/schema-families:Garden"}
REFERENCE_PROGRESS {"event":"file_book.definition","elapsedMs":2013,"count":110592,"owner":"garden-stage/core-v1/src/ecs/inspector-query:LookupError"}
REFERENCE_PROGRESS {"event":"file_book.definition","elapsedMs":2013,"count":110848,"owner":"garden-stage/runtime-named-declarations:ValueChangedBoth"}
REFERENCE_PROGRESS {"event":"file_book.definition","elapsedMs":2013,"count":111104,"owner":"garden-stage/runtime-named-declarations:ValueChangedBoth"}
REFERENCE_PROGRESS {"event":"file_book.definition","elapsedMs":2013,"count":111360,"owner":"garden-stage/schema-families:Garden"}
REFERENCE_PROGRESS {"event":"file_book.definition","elapsedMs":2014,"count":111616,"owner":"garden-stage/schema-families:Garden"}
REFERENCE_PROGRESS {"event":"file_book.definition","elapsedMs":2014,"count":111872,"owner":"garden-stage/schema-families:Store"}
REFERENCE_PROGRESS {"event":"file_book.definition","elapsedMs":2014,"count":112128,"owner":"Result"}
REFERENCE_PROGRESS {"event":"file_book.definition","elapsedMs":2014,"count":112384,"owner":"garden-stage/runtime-named-declarations:ValueMixedFilters"}
REFERENCE_PROGRESS {"event":"file_book.definition","elapsedMs":2016,"count":112640,"owner":"garden-stage/schema-families:Garden"}
REFERENCE_PROGRESS {"event":"file_book.definition","elapsedMs":2016,"count":112896,"owner":"garden-stage/core-v1/src/ecs/inspector:Frame"}
REFERENCE_PROGRESS {"event":"file_book.definition","elapsedMs":2017,"count":113152,"owner":"garden-stage/query:Row"}
REFERENCE_PROGRESS {"event":"file_book.definition","elapsedMs":2017,"count":113408,"owner":"String"}
REFERENCE_PROGRESS {"event":"file_book.definition","elapsedMs":2018,"count":113664,"owner":"List"}
REFERENCE_PROGRESS {"event":"file_book.definition","elapsedMs":2018,"count":113920,"owner":"garden-stage/query:ReadQuery"}
REFERENCE_PROGRESS {"event":"file_book.definition","elapsedMs":2018,"count":114176,"owner":"garden-stage/schema-families:Garden"}
REFERENCE_PROGRESS {"event":"file_book.definition","elapsedMs":2019,"count":114432,"owner":"garden-stage/runtime-named-declarations:ValueOptionalUnselectedFilter"}
REFERENCE_PROGRESS {"event":"file_book.definition","elapsedMs":2019,"count":114688,"owner":"garden-stage/runtime-named-declarations:ValueOptionalUnselectedFilter"}
REFERENCE_PROGRESS {"event":"file_book.definition","elapsedMs":2019,"count":114944,"owner":"garden-stage/core-v1/src/ecs/inspector:Frame"}
REFERENCE_PROGRESS {"event":"file_book.definition","elapsedMs":2019,"count":115200,"owner":"garden-stage/runtime-owners:Resource"}
REFERENCE_PROGRESS {"event":"file_book.definition","elapsedMs":2019,"count":115456,"owner":"garden-stage/core-v1/src/ecs/world:World"}
REFERENCE_PROGRESS {"event":"file_book.definition","elapsedMs":2019,"count":115712,"owner":"garden-stage/schema-families:Garden"}
REFERENCE_PROGRESS {"event":"file_book.definition","elapsedMs":2019,"count":115968,"owner":"garden-stage/schema-families:Garden"}
REFERENCE_PROGRESS {"event":"file_book.definition","elapsedMs":2020,"count":116224,"owner":"garden-stage/core-v1/src/ecs/component:Swap"}
REFERENCE_PROGRESS {"event":"file_book.definition","elapsedMs":2020,"count":116480,"owner":"garden-stage/schema-families:Count"}
REFERENCE_PROGRESS {"event":"file_book.definition","elapsedMs":2020,"count":116736,"owner":"garden-stage/schema-families:Store"}
REFERENCE_PROGRESS {"event":"file_book.definition","elapsedMs":2020,"count":116992,"owner":"garden-stage/schema-families:Stock"}
REFERENCE_PROGRESS {"event":"file_book.definition","elapsedMs":2020,"count":117248,"owner":"garden-stage/core-v1/src/ecs/column:recover_past~0"}
REFERENCE_PROGRESS {"event":"file_book.definition","elapsedMs":2045,"count":117504,"owner":"Sigma"}
REFERENCE_PROGRESS {"event":"file_book.definition","elapsedMs":2047,"count":117760,"owner":"garden-stage/schema-families:Store"}
REFERENCE_PROGRESS {"event":"file_book.definition","elapsedMs":2047,"count":118016,"owner":"garden-stage/schema-families:Garden"}
REFERENCE_PROGRESS {"event":"file_book.definition","elapsedMs":2047,"count":118272,"owner":"String"}
REFERENCE_PROGRESS {"event":"file_book.definition","elapsedMs":2047,"count":118528,"owner":"garden-stage/schema-families:Garden"}
REFERENCE_PROGRESS {"event":"file_book.definition","elapsedMs":2047,"count":118784,"owner":"garden-stage/gates:Holder"}
REFERENCE_PROGRESS {"event":"file_book.definition","elapsedMs":2047,"count":119040,"owner":"garden-stage/runtime-owners:Resource"}
REFERENCE_PROGRESS {"event":"file_book.definition","elapsedMs":2087,"count":119296,"owner":"Result"}
REFERENCE_PROGRESS {"event":"file_book.definition","elapsedMs":2087,"count":119552,"owner":"garden-stage/runtime-named-declarations:ValueEmpty"}
REFERENCE_PROGRESS {"event":"file_book.definition","elapsedMs":2088,"count":119808,"owner":"Sigma"}
REFERENCE_PROGRESS {"event":"file_book.definition","elapsedMs":2088,"count":120064,"owner":"String"}
REFERENCE_PROGRESS {"event":"file_book.definition","elapsedMs":2088,"count":120320,"owner":"garden-stage/schema-families:Garden"}
REFERENCE_PROGRESS {"event":"file_book.definition","elapsedMs":2089,"count":120576,"owner":"garden-stage/schema-families:Garden"}
REFERENCE_PROGRESS {"event":"file_book.definition","elapsedMs":2089,"count":120832,"owner":"Sigma"}
REFERENCE_PROGRESS {"event":"file_book.definition","elapsedMs":2089,"count":121088,"owner":"garden-stage/full-consumer:Get"}
REFERENCE_PROGRESS {"event":"file_book.definition","elapsedMs":2089,"count":121344,"owner":"garden-stage/schema-families:Garden"}
REFERENCE_PROGRESS {"event":"file_book.definition","elapsedMs":2090,"count":121600,"owner":"garden-stage/schema-families:Store"}
REFERENCE_PROGRESS {"event":"file_book.definition","elapsedMs":2090,"count":121856,"owner":"garden-stage/runtime-named-declarations:ValueFiveAlias"}
REFERENCE_PROGRESS {"event":"file_book.definition","elapsedMs":2090,"count":122112,"owner":"List"}
REFERENCE_PROGRESS {"event":"file_book.definition","elapsedMs":2090,"count":122368,"owner":"garden-stage/core-v1/src/ecs/inspector:Frame"}
REFERENCE_PROGRESS {"event":"file_book.definition","elapsedMs":2090,"count":122624,"owner":"garden-stage/schema-families:Store"}
REFERENCE_PROGRESS {"event":"file_book.definition","elapsedMs":2091,"count":122880,"owner":"garden-stage/schema-families:Garden"}
REFERENCE_PROGRESS {"event":"file_book.definition","elapsedMs":2091,"count":123136,"owner":"garden-stage/runtime-owners:Resource"}
REFERENCE_PROGRESS {"event":"file_book.definition","elapsedMs":2091,"count":123392,"owner":"garden-stage/schema-families:Garden"}
REFERENCE_PROGRESS {"event":"file_book.definition","elapsedMs":2091,"count":123648,"owner":"String"}
REFERENCE_PROGRESS {"event":"file_book.definition","elapsedMs":2091,"count":123904,"owner":"garden-stage/schema-families:Garden"}
REFERENCE_PROGRESS {"event":"file_book.definition","elapsedMs":2092,"count":124160,"owner":"garden-stage/schema-families:Store"}
REFERENCE_PROGRESS {"event":"file_book.definition","elapsedMs":2092,"count":124416,"owner":"garden-stage/full-consumer:Get"}
REFERENCE_PROGRESS {"event":"file_book.definition","elapsedMs":2092,"count":124672,"owner":"garden-stage/schema-families:Garden"}
REFERENCE_PROGRESS {"event":"file_book.definition","elapsedMs":2092,"count":124928,"owner":"garden-stage/runtime-named-declarations:ValueMultipleWithout"}
REFERENCE_PROGRESS {"event":"file_book.definition","elapsedMs":2092,"count":125184,"owner":"garden-stage/runtime-named-declarations:ValueMultipleWithout"}
REFERENCE_PROGRESS {"event":"file_book.definition","elapsedMs":2093,"count":125440,"owner":"String"}
REFERENCE_PROGRESS {"event":"file_book.definition","elapsedMs":2093,"count":125696,"owner":"Sigma"}
REFERENCE_PROGRESS {"event":"file_book.definition","elapsedMs":2093,"count":125952,"owner":"garden-stage/schema-families:Garden"}
REFERENCE_PROGRESS {"event":"file_book.definition","elapsedMs":2093,"count":126208,"owner":"garden-stage/full-consumer:fetched~16"}
REFERENCE_PROGRESS {"event":"file_book.definition","elapsedMs":2093,"count":126464,"owner":"String"}
REFERENCE_PROGRESS {"event":"file_book.definition","elapsedMs":2093,"count":126720,"owner":"garden-stage/core-v1/src/ecs/inspector-query:SingleError"}
REFERENCE_PROGRESS {"event":"file_book.definition","elapsedMs":2094,"count":126976,"owner":"garden-stage/schema-families:Garden"}
REFERENCE_PROGRESS {"event":"file_book.definition","elapsedMs":2095,"count":127232,"owner":"String"}
REFERENCE_PROGRESS {"event":"file_book.definition","elapsedMs":2095,"count":127488,"owner":"garden-stage/schema-families:Garden"}
REFERENCE_PROGRESS {"event":"file_book.definition","elapsedMs":2096,"count":127744,"owner":"garden-stage/query:Row"}
REFERENCE_PROGRESS {"event":"file_book.definition","elapsedMs":2096,"count":128000,"owner":"garden-stage/schema-families:Store"}
REFERENCE_PROGRESS {"event":"file_book.definition","elapsedMs":2100,"count":128256,"owner":"garden-stage/schema-families:Garden"}
REFERENCE_PROGRESS {"event":"file_book.definition","elapsedMs":2100,"count":128512,"owner":"garden-stage/schema-families:Store"}
REFERENCE_PROGRESS {"event":"file_book.definition","elapsedMs":2100,"count":128768,"owner":"garden-stage/core-v1/src/ecs/inspector:Frame"}
REFERENCE_PROGRESS {"event":"file_book.definition","elapsedMs":2101,"count":129024,"owner":"Result"}
REFERENCE_PROGRESS {"event":"file_book.definition","elapsedMs":2101,"count":129280,"owner":"garden-stage/runtime-owners:Resource"}
REFERENCE_PROGRESS {"event":"file_book.definition","elapsedMs":2101,"count":129536,"owner":"garden-stage/runtime-owners:Resource"}
REFERENCE_PROGRESS {"event":"file_book.definition","elapsedMs":2101,"count":129792,"owner":"String"}
REFERENCE_PROGRESS {"event":"file_book.definition","elapsedMs":2102,"count":130048,"owner":"garden-stage/format:tail~28"}
REFERENCE_PROGRESS {"event":"file_book.definition","elapsedMs":2102,"count":130304,"owner":"garden-stage/runtime-owners:Resource"}
REFERENCE_PROGRESS {"event":"file_book.definition","elapsedMs":2102,"count":130560,"owner":"garden-stage/schema-families:Garden"}
REFERENCE_PROGRESS {"event":"file_book.definition","elapsedMs":2103,"count":130816,"owner":"garden-stage/schema-families:Garden"}
REFERENCE_PROGRESS {"event":"file_book.definition","elapsedMs":2104,"count":131072,"owner":"garden-stage/schema-families:Count"}
REFERENCE_PROGRESS {"event":"file_book.definition","elapsedMs":2105,"count":131328,"owner":"garden-stage/runtime-named-declarations:ValueAddedBoth"}
REFERENCE_PROGRESS {"event":"file_book.definition","elapsedMs":2108,"count":131584,"owner":"garden-stage/schema-families:Garden"}
REFERENCE_PROGRESS {"event":"file_book.definition","elapsedMs":2108,"count":131840,"owner":"garden-stage/schema-families:Garden"}
REFERENCE_PROGRESS {"event":"file_book.definition","elapsedMs":2109,"count":132096,"owner":"garden-stage/schema-families:Stock"}
REFERENCE_PROGRESS {"event":"file_book.definition","elapsedMs":2110,"count":132352,"owner":"garden-stage/schema-families:Garden"}
REFERENCE_PROGRESS {"event":"file_book.definition","elapsedMs":2110,"count":132608,"owner":"garden-stage/runtime-owners:Resource"}
REFERENCE_PROGRESS {"event":"file_book.definition","elapsedMs":2110,"count":132864,"owner":"garden-stage/runtime-owners:Resource"}
REFERENCE_PROGRESS {"event":"file_book.definition","elapsedMs":2110,"count":133120,"owner":"garden-stage/schema-families:Store"}
REFERENCE_PROGRESS {"event":"file_book.definition","elapsedMs":2111,"count":133376,"owner":"Bool"}
REFERENCE_PROGRESS {"event":"file_book.definition","elapsedMs":2111,"count":133632,"owner":"Bool"}
REFERENCE_PROGRESS {"event":"file_book.definition","elapsedMs":2111,"count":133888,"owner":"Bool"}
REFERENCE_PROGRESS {"event":"file_book.definition","elapsedMs":2111,"count":134144,"owner":"Word.Con"}
REFERENCE_PROGRESS {"event":"file_book.definition","elapsedMs":2111,"count":134400,"owner":"Bool"}
REFERENCE_PROGRESS {"event":"file_book.definition","elapsedMs":2111,"count":134656,"owner":"garden-stage/runtime-owners:Resource"}
REFERENCE_PROGRESS {"event":"file_book.definition","elapsedMs":2111,"count":134912,"owner":"garden-stage/schema-families:Store"}
REFERENCE_PROGRESS {"event":"file_book.definition","elapsedMs":2111,"count":135168,"owner":"garden-stage/schema-families:Garden"}
REFERENCE_PROGRESS {"event":"file_book.definition","elapsedMs":2111,"count":135424,"owner":"garden-stage/runtime-owners:Resource"}
REFERENCE_PROGRESS {"event":"file_book.definition","elapsedMs":2111,"count":135680,"owner":"garden-stage/runtime-owners:Resource"}
REFERENCE_PROGRESS {"event":"file_book.definition","elapsedMs":2111,"count":135936,"owner":"Bool"}
REFERENCE_PROGRESS {"event":"file_book.definition","elapsedMs":2111,"count":136192,"owner":"garden-stage/runtime-owners:Resource"}
REFERENCE_PROGRESS {"event":"file_book.definition","elapsedMs":2111,"count":136448,"owner":"garden-stage/schema-families:Store"}
REFERENCE_PROGRESS {"event":"file_book.definition","elapsedMs":2111,"count":136704,"owner":"garden-stage/core-v1/src/ecs/world:World"}
REFERENCE_PROGRESS {"event":"file_book.definition","elapsedMs":2111,"count":136960,"owner":"garden-stage/schema-families:Garden"}
REFERENCE_PROGRESS {"event":"file_book.definition","elapsedMs":2111,"count":137216,"owner":"garden-stage/schema-families:Store"}
REFERENCE_PROGRESS {"event":"file_book.definition","elapsedMs":2111,"count":137472,"owner":"garden-stage/schema-families:Store"}
REFERENCE_PROGRESS {"event":"file_book.definition","elapsedMs":2111,"count":137728,"owner":"Sigma"}
REFERENCE_PROGRESS {"event":"file_book.definition","elapsedMs":2111,"count":137984,"owner":"Bool"}
REFERENCE_PROGRESS {"event":"file_book.definition","elapsedMs":2111,"count":138240,"owner":"garden-stage/schema-families:Garden"}
REFERENCE_PROGRESS {"event":"file_book.definition","elapsedMs":2111,"count":138496,"owner":"garden-stage/schema-families:Garden"}
REFERENCE_PROGRESS {"event":"file_book.definition","elapsedMs":2111,"count":138752,"owner":"garden-stage/schema-families:Garden"}
REFERENCE_PROGRESS {"event":"file_book.definition","elapsedMs":2111,"count":139008,"owner":"garden-stage/schema-families:Garden"}
REFERENCE_PROGRESS {"event":"file_book.definition","elapsedMs":2111,"count":139264,"owner":"garden-stage/runtime-owners:Resource"}
REFERENCE_PROGRESS {"event":"file_book.definition","elapsedMs":2111,"count":139520,"owner":"garden-stage/schema-families:Store"}
REFERENCE_PROGRESS {"event":"file_book.definition","elapsedMs":2111,"count":139776,"owner":"garden-stage/core-v1/src/ecs/world:World"}
REFERENCE_PROGRESS {"event":"file_book.definition","elapsedMs":2111,"count":140032,"owner":"garden-stage/schema-families:Garden"}
REFERENCE_PROGRESS {"event":"file_book.definition","elapsedMs":2111,"count":140288,"owner":"garden-stage/schema-families:Garden"}
REFERENCE_PROGRESS {"event":"file_book.definition","elapsedMs":2111,"count":140544,"owner":"garden-stage/schema-families:Garden"}
REFERENCE_PROGRESS {"event":"file_book.definition","elapsedMs":2111,"count":140800,"owner":"Word.Con"}
REFERENCE_PROGRESS {"event":"file_book.definition","elapsedMs":2111,"count":141056,"owner":"Bool"}
REFERENCE_PROGRESS {"event":"file_book.definition","elapsedMs":2111,"count":141312,"owner":"garden-stage/schema-families:Garden"}
REFERENCE_PROGRESS {"event":"file_book.definition","elapsedMs":2111,"count":141568,"owner":"garden-stage/schema-families:Garden"}
REFERENCE_PROGRESS {"event":"file_book.definition","elapsedMs":2111,"count":141824,"owner":"garden-stage/schema-families:Garden"}
REFERENCE_PROGRESS {"event":"file_book.definition","elapsedMs":2111,"count":142080,"owner":"Sigma"}
REFERENCE_PROGRESS {"event":"file_book.definition","elapsedMs":2111,"count":142336,"owner":"Bool"}
REFERENCE_PROGRESS {"event":"file_book.definition","elapsedMs":2111,"count":142592,"owner":"garden-stage/core-v1/src/ecs/world:World"}
REFERENCE_PROGRESS {"event":"file_book.definition","elapsedMs":2111,"count":142848,"owner":"garden-stage/core-v1/src/ecs/world:World"}
REFERENCE_PROGRESS {"event":"file_book.definition","elapsedMs":2111,"count":143104,"owner":"Sigma"}
REFERENCE_PROGRESS {"event":"file_book.definition","elapsedMs":2114,"count":143360,"owner":"garden-stage/schema-families:Store"}
REFERENCE_PROGRESS {"event":"file_book.definition","elapsedMs":2114,"count":143616,"owner":"garden-stage/core-v1/src/ecs/world:World"}
REFERENCE_PROGRESS {"event":"file_book.definition","elapsedMs":2114,"count":143872,"owner":"Word.Con"}
REFERENCE_PROGRESS {"event":"file_book.definition","elapsedMs":2114,"count":144128,"owner":"garden-stage/schema-families:Garden"}
REFERENCE_PROGRESS {"event":"file_book.definition","elapsedMs":2114,"count":144384,"owner":"garden-stage/schema-families:Garden"}
REFERENCE_PROGRESS {"event":"file_book.definition","elapsedMs":2114,"count":144640,"owner":"garden-stage/schema-families:Store"}
REFERENCE_PROGRESS {"event":"file_book.definition","elapsedMs":2114,"count":144896,"owner":"garden-stage/schema-families:Store"}
REFERENCE_PROGRESS {"event":"file_book.definition","elapsedMs":2114,"count":145152,"owner":"garden-stage/schema-families:Garden"}
REFERENCE_PROGRESS {"event":"file_book.definition","elapsedMs":2114,"count":145408,"owner":"garden-stage/schema-families:Garden"}
REFERENCE_PROGRESS {"event":"file_book.definition","elapsedMs":2114,"count":145664,"owner":"garden-stage/schema-families:Garden"}
REFERENCE_PROGRESS {"event":"file_book.definition","elapsedMs":2114,"count":145920,"owner":"Sigma"}
REFERENCE_PROGRESS {"event":"file_book.definition","elapsedMs":2114,"count":146176,"owner":"Bool"}
REFERENCE_PROGRESS {"event":"file_book.definition","elapsedMs":2114,"count":146432,"owner":"garden-stage/schema-families:Garden"}
REFERENCE_PROGRESS {"event":"file_book.definition","elapsedMs":2114,"count":146688,"owner":"garden-stage/runtime-owners:Resource"}
REFERENCE_PROGRESS {"event":"file_book.definition","elapsedMs":2114,"count":146944,"owner":"garden-stage/runtime-owners:Resource"}
REFERENCE_PROGRESS {"event":"file_book.definition","elapsedMs":2114,"count":147200,"owner":"Bool"}
REFERENCE_PROGRESS {"event":"file_book.definition","elapsedMs":2114,"count":147456,"owner":"garden-stage/runtime-owners:Resource"}
REFERENCE_PROGRESS {"event":"file_book.definition","elapsedMs":2114,"count":147712,"owner":"garden-stage/schema-families:Store"}
REFERENCE_PROGRESS {"event":"file_book.definition","elapsedMs":2114,"count":147968,"owner":"garden-stage/core-v1/src/ecs/world:World"}
REFERENCE_PROGRESS {"event":"file_book.definition","elapsedMs":2114,"count":148224,"owner":"Word.Con"}
REFERENCE_PROGRESS {"event":"file_book.definition","elapsedMs":2114,"count":148480,"owner":"Bool"}
REFERENCE_PROGRESS {"event":"file_book.definition","elapsedMs":2114,"count":148736,"owner":"Bool"}
REFERENCE_PROGRESS {"event":"file_book.definition","elapsedMs":2114,"count":148992,"owner":"garden-stage/schema-families:Garden"}
REFERENCE_PROGRESS {"event":"file_book.definition","elapsedMs":2114,"count":149248,"owner":"Sigma"}
REFERENCE_PROGRESS {"event":"file_book.definition","elapsedMs":2114,"count":149504,"owner":"garden-stage/schema-families:Garden"}
REFERENCE_PROGRESS {"event":"file_book.definition","elapsedMs":2114,"count":149760,"owner":"garden-stage/schema-families:Garden"}
REFERENCE_PROGRESS {"event":"file_book.definition","elapsedMs":2114,"count":150016,"owner":"garden-stage/schema-families:Garden"}
REFERENCE_PROGRESS {"event":"file_book.definition","elapsedMs":2115,"count":150272,"owner":"garden-stage/query:Row"}
REFERENCE_PROGRESS {"event":"file_book.definition","elapsedMs":2115,"count":150528,"owner":"garden-stage/schema-families:Store"}
REFERENCE_PROGRESS {"event":"file_book.definition","elapsedMs":2115,"count":150784,"owner":"garden-stage/full-consumer:Get"}
REFERENCE_PROGRESS {"event":"file_book.definition","elapsedMs":2115,"count":151040,"owner":"garden-stage/core-v1/src/ecs/inspector:Frame"}
REFERENCE_PROGRESS {"event":"file_book.definition","elapsedMs":2116,"count":151296,"owner":"String"}
REFERENCE_PROGRESS {"event":"file_book.definition","elapsedMs":2117,"count":151552,"owner":"garden-stage/schema-families:Store"}
REFERENCE_PROGRESS {"event":"file_book.definition","elapsedMs":2117,"count":151808,"owner":"garden-stage/core-v1/src/ecs/inspector:Frame"}
REFERENCE_PROGRESS {"event":"file_book.definition","elapsedMs":2117,"count":152064,"owner":"garden-stage/core-v1/src/ecs/inspector:Frame"}
REFERENCE_PROGRESS {"event":"file_book.definition","elapsedMs":2117,"count":152320,"owner":"garden-stage/core-v1/src/ecs/inspector:Frame"}
REFERENCE_PROGRESS {"event":"file_book.definition","elapsedMs":2117,"count":152576,"owner":"garden-stage/schema-families:Garden"}
REFERENCE_PROGRESS {"event":"file_book.definition","elapsedMs":2117,"count":152832,"owner":"Maybe"}
REFERENCE_PROGRESS {"event":"file_book.definition","elapsedMs":2118,"count":153088,"owner":"Sigma"}
REFERENCE_PROGRESS {"event":"file_book.definition","elapsedMs":2118,"count":153344,"owner":"garden-stage/schema-families:Garden"}
REFERENCE_PROGRESS {"event":"type_adts.calls","elapsedMs":2118,"calls":262144,"owner":"garden-stage/query:get_field~25"}
REFERENCE_PROGRESS {"event":"file_book.definition","elapsedMs":2118,"count":153600,"owner":"garden-stage/runtime-named-declarations:ValueFiveAlias"}
REFERENCE_PROGRESS {"event":"file_book.definition","elapsedMs":2118,"count":153856,"owner":"garden-stage/schema-families:Garden"}
REFERENCE_PROGRESS {"event":"file_book.definition","elapsedMs":2118,"count":154112,"owner":"garden-stage/schema-families:Garden"}
REFERENCE_PROGRESS {"event":"file_book.definition","elapsedMs":2118,"count":154368,"owner":"garden-stage/schema-families:Store"}
REFERENCE_PROGRESS {"event":"file_book.definition","elapsedMs":2118,"count":154624,"owner":"garden-stage/schema-families:Garden"}
REFERENCE_PROGRESS {"event":"file_book.definition","elapsedMs":2119,"count":154880,"owner":"garden-stage/runtime-named-declarations:ValueWithWithout"}
REFERENCE_PROGRESS {"event":"file_book.definition","elapsedMs":2119,"count":155136,"owner":"garden-stage/query:Row"}
REFERENCE_PROGRESS {"event":"file_book.definition","elapsedMs":2124,"count":155392,"owner":"garden-stage/query:Row"}
REFERENCE_PROGRESS {"event":"file_book.definition","elapsedMs":2124,"count":155648,"owner":"garden-stage/schema-families:Store"}
REFERENCE_PROGRESS {"event":"file_book.definition","elapsedMs":2127,"count":155904,"owner":"garden-stage/query:Row"}
REFERENCE_PROGRESS {"event":"file_book.definition","elapsedMs":2127,"count":156160,"owner":"garden-stage/schema-families:Garden"}
REFERENCE_PROGRESS {"event":"file_book.definition","elapsedMs":2127,"count":156416,"owner":"garden-stage/full-consumer:Get"}
REFERENCE_PROGRESS {"event":"file_book.definition","elapsedMs":2127,"count":156672,"owner":"garden-stage/schema-families:Garden"}
REFERENCE_PROGRESS {"event":"file_book.definition","elapsedMs":2128,"count":156928,"owner":"Sigma"}
REFERENCE_PROGRESS {"event":"file_book.definition","elapsedMs":2128,"count":157184,"owner":"garden-stage/schema-families:Garden"}
REFERENCE_PROGRESS {"event":"file_book.definition","elapsedMs":2128,"count":157440,"owner":"garden-stage/schema-families:Garden"}
REFERENCE_PROGRESS {"event":"file_book.definition","elapsedMs":2128,"count":157696,"owner":"garden-stage/runtime-named-declarations:ValueMultipleWithout"}
REFERENCE_PROGRESS {"event":"file_book.definition","elapsedMs":2129,"count":157952,"owner":"Result"}
REFERENCE_PROGRESS {"event":"file_book.definition","elapsedMs":2129,"count":158208,"owner":"garden-stage/runtime-named-declarations:ValueRepeated"}
REFERENCE_PROGRESS {"event":"file_book.definition","elapsedMs":2129,"count":158464,"owner":"garden-stage/schema-families:Garden"}
REFERENCE_PROGRESS {"event":"file_book.definition","elapsedMs":2129,"count":158720,"owner":"garden-stage/runtime-named-declarations:ValueRepeated"}
REFERENCE_PROGRESS {"event":"file_book.definition","elapsedMs":2130,"count":158976,"owner":"garden-stage/schema-families:Garden"}
REFERENCE_PROGRESS {"event":"file_book.definition","elapsedMs":2130,"count":159232,"owner":"garden-stage/runtime-owners:Resource"}
REFERENCE_PROGRESS {"event":"file_book.definition","elapsedMs":2130,"count":159488,"owner":"garden-stage/schema-families:Garden"}
REFERENCE_PROGRESS {"event":"file_book.definition","elapsedMs":2130,"count":159744,"owner":"garden-stage/schema-families:Garden"}
REFERENCE_PROGRESS {"event":"file_book.definition","elapsedMs":2130,"count":160000,"owner":"garden-stage/schema-families:Garden"}
REFERENCE_PROGRESS {"event":"file_book.definition","elapsedMs":2130,"count":160256,"owner":"Unit"}
REFERENCE_PROGRESS {"event":"file_book.definition","elapsedMs":2130,"count":160512,"owner":"garden-stage/schema-families:Garden"}
REFERENCE_PROGRESS {"event":"file_book.definition","elapsedMs":2131,"count":160768,"owner":"Result"}
REFERENCE_PROGRESS {"event":"file_book.definition","elapsedMs":2131,"count":161024,"owner":"String"}
REFERENCE_PROGRESS {"event":"file_book.definition","elapsedMs":2131,"count":161280,"owner":"garden-stage/full-consumer:Snapshot"}
REFERENCE_PROGRESS {"event":"file_book.definition","elapsedMs":2131,"count":161536,"owner":"garden-stage/runtime-named-declarations:ValueMixedFilters"}
REFERENCE_PROGRESS {"event":"file_book.definition","elapsedMs":2131,"count":161792,"owner":"garden-stage/schema-families:Garden"}
REFERENCE_PROGRESS {"event":"file_book.definition","elapsedMs":2131,"count":162048,"owner":"String"}
REFERENCE_PROGRESS {"event":"file_book.definition","elapsedMs":2131,"count":162304,"owner":"garden-stage/runtime-owners:Resource"}
REFERENCE_PROGRESS {"event":"file_book.definition","elapsedMs":2132,"count":162560,"owner":"List"}
REFERENCE_PROGRESS {"event":"file_book.definition","elapsedMs":2132,"count":162816,"owner":"garden-stage/runtime-named-declarations:ValueRepeatedAdded"}
REFERENCE_PROGRESS {"event":"file_book.definition","elapsedMs":2132,"count":163072,"owner":"String"}
REFERENCE_PROGRESS {"event":"file_book.definition","elapsedMs":2132,"count":163328,"owner":"garden-stage/core-v1/src/ecs/inspector:Frame"}
REFERENCE_PROGRESS {"event":"file_book.definition","elapsedMs":2133,"count":163584,"owner":"garden-stage/runtime-named-declarations:ValueOptionalUnselectedFilter"}
REFERENCE_PROGRESS {"event":"file_book.definition","elapsedMs":2133,"count":163840,"owner":"garden-stage/runtime-named-declarations:ValueOptionalUnselectedFilter"}
REFERENCE_PROGRESS {"event":"file_book.definition","elapsedMs":2133,"count":164096,"owner":"garden-stage/runtime-owners:Resource"}
REFERENCE_PROGRESS {"event":"file_book.definition","elapsedMs":2149,"count":164352,"owner":"garden-stage/schema-families:Active"}
REFERENCE_PROGRESS {"event":"file_book.definition","elapsedMs":2150,"count":164608,"owner":"Maybe"}
REFERENCE_PROGRESS {"event":"file_book.definition","elapsedMs":2150,"count":164864,"owner":"garden-stage/schema-families:Garden"}
REFERENCE_PROGRESS {"event":"file_book.definition","elapsedMs":2151,"count":165120,"owner":"List"}
REFERENCE_PROGRESS {"event":"file_book.definition","elapsedMs":2151,"count":165376,"owner":"garden-stage/query:Row"}
REFERENCE_PROGRESS {"event":"file_book.definition","elapsedMs":2151,"count":165632,"owner":"garden-stage/runtime-owners:Resource"}
REFERENCE_PROGRESS {"event":"file_book.definition","elapsedMs":2152,"count":165888,"owner":"Bool"}
REFERENCE_PROGRESS {"event":"file_book.definition","elapsedMs":2152,"count":166144,"owner":"garden-stage/schema-families:Title"}
REFERENCE_PROGRESS {"event":"file_book.definition","elapsedMs":2153,"count":166400,"owner":"garden-stage/schema-families:Title"}
REFERENCE_PROGRESS {"event":"file_book.definition","elapsedMs":2153,"count":166656,"owner":"garden-stage/core-v1/src/ecs/lifecycle:Stamp"}
REFERENCE_PROGRESS {"event":"file_book.definition","elapsedMs":2153,"count":166912,"owner":"garden-stage/core-v1/src/ecs/lifecycle:Stamp"}
REFERENCE_PROGRESS {"event":"file_book.definition","elapsedMs":2154,"count":167168,"owner":"Maybe"}
REFERENCE_PROGRESS {"event":"file_book.definition","elapsedMs":2155,"count":167424,"owner":"garden-stage/schema-families:Garden"}
REFERENCE_PROGRESS {"event":"file_book.definition","elapsedMs":2155,"count":167680,"owner":"garden-stage/core-v1/src/ecs/world:World"}
REFERENCE_PROGRESS {"event":"file_book.definition","elapsedMs":2155,"count":167936,"owner":"garden-stage/gates:Holder"}
REFERENCE_PROGRESS {"event":"file_book.definition","elapsedMs":2156,"count":168192,"owner":"garden-stage/schema-families:Store"}
REFERENCE_PROGRESS {"event":"file_book.definition","elapsedMs":2159,"count":168448,"owner":"garden-stage/core-v1/src/ecs/inspector-query:SingleError"}
REFERENCE_PROGRESS {"event":"file_book.definition","elapsedMs":2159,"count":168704,"owner":"garden-stage/runtime-named-declarations:ValueEmpty"}
REFERENCE_PROGRESS {"event":"file_book.definition","elapsedMs":2159,"count":168960,"owner":"garden-stage/query:get~21"}
REFERENCE_PROGRESS {"event":"file_book.definition","elapsedMs":2159,"count":169216,"owner":"List"}
REFERENCE_PROGRESS {"event":"file_book.definition","elapsedMs":2159,"count":169472,"owner":"garden-stage/schema-families:Store"}
REFERENCE_PROGRESS {"event":"file_book.definition","elapsedMs":2159,"count":169728,"owner":"Result"}
REFERENCE_PROGRESS {"event":"file_book.definition","elapsedMs":2160,"count":169984,"owner":"garden-stage/query:Row"}
REFERENCE_PROGRESS {"event":"file_book.definition","elapsedMs":2160,"count":170240,"owner":"Result"}
REFERENCE_PROGRESS {"event":"file_book.definition","elapsedMs":2160,"count":170496,"owner":"garden-stage/schema-families:Garden"}
REFERENCE_PROGRESS {"event":"file_book.definition","elapsedMs":2160,"count":170752,"owner":"garden-stage/query:Row"}
REFERENCE_PROGRESS {"event":"file_book.definition","elapsedMs":2160,"count":171008,"owner":"List"}
REFERENCE_PROGRESS {"event":"file_book.definition","elapsedMs":2160,"count":171264,"owner":"garden-stage/schema-families:Garden"}
REFERENCE_PROGRESS {"event":"file_book.definition","elapsedMs":2160,"count":171520,"owner":"garden-stage/runtime-owners:Resource"}
REFERENCE_PROGRESS {"event":"file_book.definition","elapsedMs":2160,"count":171776,"owner":"garden-stage/schema-families:Garden"}
REFERENCE_PROGRESS {"event":"file_book.definition","elapsedMs":2161,"count":172032,"owner":"garden-stage/schema-families:Garden"}
REFERENCE_PROGRESS {"event":"file_book.definition","elapsedMs":2161,"count":172288,"owner":"garden-stage/schema-families:Store"}
REFERENCE_PROGRESS {"event":"file_book.definition","elapsedMs":2161,"count":172544,"owner":"garden-stage/schema-families:Garden"}
REFERENCE_PROGRESS {"event":"file_book.definition","elapsedMs":2161,"count":172800,"owner":"garden-stage/runtime-named-declarations:ValueMultipleWithout"}
REFERENCE_PROGRESS {"event":"file_book.definition","elapsedMs":2161,"count":173056,"owner":"garden-stage/schema-families:Store"}
REFERENCE_PROGRESS {"event":"file_book.definition","elapsedMs":2162,"count":173312,"owner":"Sigma"}
REFERENCE_PROGRESS {"event":"file_book.definition","elapsedMs":2162,"count":173568,"owner":"garden-stage/core-v1/src/ecs/inspector:Frame"}
REFERENCE_PROGRESS {"event":"file_book.definition","elapsedMs":2162,"count":173824,"owner":"garden-stage/schema-families:Garden"}
REFERENCE_PROGRESS {"event":"file_book.definition","elapsedMs":2162,"count":174080,"owner":"garden-stage/schema-families:Garden"}
REFERENCE_PROGRESS {"event":"file_book.definition","elapsedMs":2162,"count":174336,"owner":"garden-stage/schema-families:Garden"}
REFERENCE_PROGRESS {"event":"file_book.definition","elapsedMs":2162,"count":174592,"owner":"garden-stage/runtime-named-declarations:ValueContradictory"}
REFERENCE_PROGRESS {"event":"file_book.definition","elapsedMs":2162,"count":174848,"owner":"Result"}
REFERENCE_PROGRESS {"event":"file_book.definition","elapsedMs":2162,"count":175104,"owner":"garden-stage/schema-families:Garden"}
REFERENCE_PROGRESS {"event":"file_book.definition","elapsedMs":2164,"count":175360,"owner":"List"}
REFERENCE_PROGRESS {"event":"file_book.definition","elapsedMs":2164,"count":175616,"owner":"garden-stage/core-v1/src/ecs/inspector-query:LookupError"}
REFERENCE_PROGRESS {"event":"file_book.definition","elapsedMs":2164,"count":175872,"owner":"garden-stage/query:Row"}
REFERENCE_PROGRESS {"event":"file_book.definition","elapsedMs":2164,"count":176128,"owner":"garden-stage/runtime-named-declarations:ValueRepeatedAdded"}
REFERENCE_PROGRESS {"event":"file_book.definition","elapsedMs":2164,"count":176384,"owner":"garden-stage/schema-families:Garden"}
REFERENCE_PROGRESS {"event":"file_book.definition","elapsedMs":2164,"count":176640,"owner":"Result"}
REFERENCE_PROGRESS {"event":"file_book.definition","elapsedMs":2164,"count":176896,"owner":"garden-stage/core-v1/src/ecs/inspector-query:SingleError"}
REFERENCE_PROGRESS {"event":"file_book.definition","elapsedMs":2164,"count":177152,"owner":"garden-stage/schema-families:Garden"}
REFERENCE_PROGRESS {"event":"file_book.definition","elapsedMs":2165,"count":177408,"owner":"garden-stage/core-v1/src/ecs/lifecycle:Stamp"}
REFERENCE_PROGRESS {"event":"file_book.definition","elapsedMs":2165,"count":177664,"owner":"Maybe"}
REFERENCE_PROGRESS {"event":"file_book.definition","elapsedMs":2165,"count":177920,"owner":"garden-stage/core-v1/src/ecs/column:Column"}
REFERENCE_PROGRESS {"event":"file_book.definition","elapsedMs":2165,"count":178176,"owner":"garden-stage/schema-families:Count"}
REFERENCE_PROGRESS {"event":"file_book.definition","elapsedMs":2166,"count":178432,"owner":"garden-stage/schema-families:Count"}
REFERENCE_PROGRESS {"event":"file_book.definition","elapsedMs":2166,"count":178688,"owner":"garden-stage/query:ScanResult"}
REFERENCE_PROGRESS {"event":"file_book.definition","elapsedMs":2167,"count":178944,"owner":"garden-stage/schema-families:Garden"}
REFERENCE_PROGRESS {"event":"file_book.definition","elapsedMs":2167,"count":179200,"owner":"garden-stage/runtime-owners:Resource"}
REFERENCE_PROGRESS {"event":"file_book.definition","elapsedMs":2167,"count":179456,"owner":"garden-stage/core-v1/src/ecs/inspector:Frame"}
REFERENCE_PROGRESS {"event":"file_book.definition","elapsedMs":2167,"count":179712,"owner":"garden-stage/schema-families:Garden"}
REFERENCE_PROGRESS {"event":"file_book.definition","elapsedMs":2167,"count":179968,"owner":"garden-stage/schema-families:Garden"}
REFERENCE_PROGRESS {"event":"file_book.definition","elapsedMs":2168,"count":180224,"owner":"List"}
REFERENCE_PROGRESS {"event":"file_book.definition","elapsedMs":2168,"count":180480,"owner":"Sigma"}
REFERENCE_PROGRESS {"event":"file_book.definition","elapsedMs":2170,"count":180736,"owner":"garden-stage/schema-families:Stock"}
REFERENCE_PROGRESS {"event":"file_book.definition","elapsedMs":2170,"count":180992,"owner":"garden-stage/core-v1/src/ecs/lifecycle:Entry"}
REFERENCE_PROGRESS {"event":"file_book.definition","elapsedMs":2170,"count":181248,"owner":"List"}
REFERENCE_PROGRESS {"event":"file_book.definition","elapsedMs":2170,"count":181504,"owner":"garden-stage/schema-families:Store"}
REFERENCE_PROGRESS {"event":"file_book.definition","elapsedMs":2170,"count":181760,"owner":"garden-stage/schema-families:Garden"}
REFERENCE_PROGRESS {"event":"file_book.definition","elapsedMs":2170,"count":182016,"owner":"garden-stage/core-v1/src/ecs/world:World"}
REFERENCE_PROGRESS {"event":"file_book.definition","elapsedMs":2171,"count":182272,"owner":"Maybe"}
REFERENCE_PROGRESS {"event":"file_book.definition","elapsedMs":2171,"count":182528,"owner":"garden-stage/runtime-named-declarations:ValueEmpty"}
REFERENCE_PROGRESS {"event":"file_book.definition","elapsedMs":2171,"count":182784,"owner":"List"}
REFERENCE_PROGRESS {"event":"file_book.definition","elapsedMs":2171,"count":183040,"owner":"Sigma"}
REFERENCE_PROGRESS {"event":"file_book.definition","elapsedMs":2171,"count":183296,"owner":"garden-stage/runtime-named-declarations:ValueRequiredPair"}
REFERENCE_PROGRESS {"event":"file_book.definition","elapsedMs":2171,"count":183552,"owner":"garden-stage/core-v1/src/ecs/inspector-query:LookupError"}
REFERENCE_PROGRESS {"event":"file_book.definition","elapsedMs":2171,"count":183808,"owner":"garden-stage/query:Row"}
REFERENCE_PROGRESS {"event":"file_book.definition","elapsedMs":2171,"count":184064,"owner":"garden-stage/schema-families:Garden"}
REFERENCE_PROGRESS {"event":"file_book.definition","elapsedMs":2172,"count":184320,"owner":"garden-stage/runtime-named-declarations:ValueWithWithout"}
REFERENCE_PROGRESS {"event":"file_book.definition","elapsedMs":2172,"count":184576,"owner":"garden-stage/core-v1/src/ecs/inspector:Frame"}
REFERENCE_PROGRESS {"event":"file_book.definition","elapsedMs":2172,"count":184832,"owner":"garden-stage/runtime-named-declarations:ValueMultipleWith"}
REFERENCE_PROGRESS {"event":"file_book.definition","elapsedMs":2172,"count":185088,"owner":"garden-stage/core-v1/src/ecs/inspector:Frame"}
REFERENCE_PROGRESS {"event":"file_book.definition","elapsedMs":2172,"count":185344,"owner":"List"}
REFERENCE_PROGRESS {"event":"file_book.definition","elapsedMs":2172,"count":185600,"owner":"Result"}
REFERENCE_PROGRESS {"event":"file_book.definition","elapsedMs":2172,"count":185856,"owner":"garden-stage/query:Row"}
REFERENCE_PROGRESS {"event":"file_book.definition","elapsedMs":2172,"count":186112,"owner":"Result"}
REFERENCE_PROGRESS {"event":"file_book.definition","elapsedMs":2172,"count":186368,"owner":"garden-stage/runtime-owners:Resource"}
REFERENCE_PROGRESS {"event":"file_book.definition","elapsedMs":2172,"count":186624,"owner":"garden-stage/schema-families:Store"}
REFERENCE_PROGRESS {"event":"file_book.definition","elapsedMs":2173,"count":186880,"owner":"List"}
REFERENCE_PROGRESS {"event":"file_book.definition","elapsedMs":2173,"count":187136,"owner":"garden-stage/runtime-named-declarations:ValueChangedBoth"}
REFERENCE_PROGRESS {"event":"file_book.definition","elapsedMs":2173,"count":187392,"owner":"garden-stage/schema-families:Garden"}
REFERENCE_PROGRESS {"event":"file_book.definition","elapsedMs":2173,"count":187648,"owner":"garden-stage/schema-families:Garden"}
REFERENCE_PROGRESS {"event":"file_book.definition","elapsedMs":2173,"count":187904,"owner":"garden-stage/query:Row"}
REFERENCE_PROGRESS {"event":"file_book.definition","elapsedMs":2173,"count":188160,"owner":"garden-stage/core-v1/src/ecs/world:Handle"}
REFERENCE_PROGRESS {"event":"file_book.definition","elapsedMs":2173,"count":188416,"owner":"garden-stage/runtime-owners:Resource"}
REFERENCE_PROGRESS {"event":"file_book.definition","elapsedMs":2174,"count":188672,"owner":"garden-stage/schema-families:Garden"}
REFERENCE_PROGRESS {"event":"file_book.definition","elapsedMs":2174,"count":188928,"owner":"garden-stage/schema-families:Active"}
REFERENCE_PROGRESS {"event":"file_book.definition","elapsedMs":2174,"count":189184,"owner":"garden-stage/core-v1/src/ecs/column:Column"}
REFERENCE_PROGRESS {"event":"file_book.definition","elapsedMs":2177,"count":189440,"owner":"Bool"}
REFERENCE_PROGRESS {"event":"file_book.definition","elapsedMs":2177,"count":189696,"owner":"garden-stage/core-v1/src/ecs/column:IndexedPreparedState"}
REFERENCE_PROGRESS {"event":"file_book.definition","elapsedMs":2177,"count":189952,"owner":"garden-stage/schema-families:Garden"}
REFERENCE_PROGRESS {"event":"file_book.definition","elapsedMs":2177,"count":190208,"owner":"garden-stage/query:ScanResult"}
REFERENCE_PROGRESS {"event":"file_book.definition","elapsedMs":2177,"count":190464,"owner":"garden-stage/schema-families:Garden"}
REFERENCE_PROGRESS {"event":"file_book.definition","elapsedMs":2178,"count":190720,"owner":"garden-stage/schema-families:Garden"}
REFERENCE_PROGRESS {"event":"file_book.definition","elapsedMs":2178,"count":190976,"owner":"garden-stage/query:Row"}
REFERENCE_PROGRESS {"event":"file_book.definition","elapsedMs":2178,"count":191232,"owner":"Sigma"}
REFERENCE_PROGRESS {"event":"file_book.definition","elapsedMs":2178,"count":191488,"owner":"garden-stage/schema-families:Title"}
REFERENCE_PROGRESS {"event":"file_book.definition","elapsedMs":2178,"count":191744,"owner":"Sigma"}
REFERENCE_PROGRESS {"event":"file_book.definition","elapsedMs":2179,"count":192000,"owner":"garden-stage/schema-families:Garden"}
REFERENCE_PROGRESS {"event":"file_book.definition","elapsedMs":2179,"count":192256,"owner":"List"}
REFERENCE_PROGRESS {"event":"file_book.definition","elapsedMs":2179,"count":192512,"owner":"Unit"}
REFERENCE_PROGRESS {"event":"file_book.definition","elapsedMs":2179,"count":192768,"owner":"garden-stage/core-v1/src/ecs/system:RunResult"}
REFERENCE_PROGRESS {"event":"file_book.definition","elapsedMs":2179,"count":193024,"owner":"garden-stage/core-v1/src/ecs/world:World"}
REFERENCE_PROGRESS {"event":"file_book.definition","elapsedMs":2179,"count":193280,"owner":"garden-stage/core-v1/src/ecs/world:Handle"}
REFERENCE_PROGRESS {"event":"file_book.definition","elapsedMs":2180,"count":193536,"owner":"garden-stage/schema-families:Garden"}
REFERENCE_PROGRESS {"event":"file_book.definition","elapsedMs":2180,"count":193792,"owner":"garden-stage/schema-families:Garden"}
REFERENCE_PROGRESS {"event":"file_book.definition","elapsedMs":2180,"count":194048,"owner":"garden-stage/schema-families:Garden"}
REFERENCE_PROGRESS {"event":"file_book.definition","elapsedMs":2180,"count":194304,"owner":"Sigma"}
REFERENCE_PROGRESS {"event":"file_book.definition","elapsedMs":2180,"count":194560,"owner":"garden-stage/schema-families:Garden"}
REFERENCE_PROGRESS {"event":"file_book.definition","elapsedMs":2180,"count":194816,"owner":"garden-stage/owner-carrier:InspectOwner"}
REFERENCE_PROGRESS {"event":"file_book.definition","elapsedMs":2180,"count":195072,"owner":"Result"}
REFERENCE_PROGRESS {"event":"file_book.definition","elapsedMs":2180,"count":195328,"owner":"Sigma"}
REFERENCE_PROGRESS {"event":"file_book.definition","elapsedMs":2180,"count":195584,"owner":"Result"}
REFERENCE_PROGRESS {"event":"file_book.definition","elapsedMs":2181,"count":195840,"owner":"garden-stage/owner-carrier:InspectOwner"}
REFERENCE_PROGRESS {"event":"file_book.definition","elapsedMs":2181,"count":196096,"owner":"Result"}
REFERENCE_PROGRESS {"event":"file_book.definition","elapsedMs":2181,"count":196352,"owner":"garden-stage/schema-families:Garden"}
REFERENCE_PROGRESS {"event":"file_book.definition","elapsedMs":2181,"count":196608,"owner":"garden-stage/core-v1/src/ecs/inspector-query:LookupError"}
REFERENCE_PROGRESS {"event":"file_book.definition","elapsedMs":2181,"count":196864,"owner":"garden-stage/owner-carrier:InspectOwner"}
REFERENCE_PROGRESS {"event":"file_book.definition","elapsedMs":2181,"count":197120,"owner":"garden-stage/schema-families:Garden"}
REFERENCE_PROGRESS {"event":"file_book.definition","elapsedMs":2181,"count":197376,"owner":"Bool"}
REFERENCE_PROGRESS {"event":"file_book.definition","elapsedMs":2181,"count":197632,"owner":"garden-stage/core-v1/src/ecs/column:Column"}
REFERENCE_PROGRESS {"event":"file_book.definition","elapsedMs":2181,"count":197888,"owner":"garden-stage/core-v1/src/ecs/lifecycle:Stamp"}
REFERENCE_PROGRESS {"event":"file_book.definition","elapsedMs":2181,"count":198144,"owner":"Bool"}
REFERENCE_PROGRESS {"event":"file_book.definition","elapsedMs":2181,"count":198400,"owner":"garden-stage/schema-families:Garden"}
REFERENCE_PROGRESS {"event":"file_book.definition","elapsedMs":2181,"count":198656,"owner":"garden-stage/core-v1/src/ecs/world:Handle"}
REFERENCE_PROGRESS {"event":"file_book.definition","elapsedMs":2181,"count":198912,"owner":"garden-stage/core-v1/src/ecs/world:RegistrationMeta"}
REFERENCE_PROGRESS {"event":"file_book.definition","elapsedMs":2181,"count":199168,"owner":"garden-stage/schema-families:Garden"}
REFERENCE_PROGRESS {"event":"file_book.definition","elapsedMs":2182,"count":199424,"owner":"garden-stage/core-v1/src/ecs/lifecycle:Entry"}
REFERENCE_PROGRESS {"event":"file_book.definition","elapsedMs":2183,"count":199680,"owner":"garden-stage/core-v1/src/ecs/system:Registry"}
REFERENCE_PROGRESS {"event":"file_book.definition","elapsedMs":2183,"count":199936,"owner":"garden-stage/core-v1/src/ecs/world:World"}
REFERENCE_PROGRESS {"event":"file_book.definition","elapsedMs":2183,"count":200192,"owner":"garden-stage/schema-families:Store"}
REFERENCE_PROGRESS {"event":"file_book.definition","elapsedMs":2183,"count":200448,"owner":"garden-stage/schema-families:Garden"}
REFERENCE_PROGRESS {"event":"file_book.definition","elapsedMs":2184,"count":200704,"owner":"garden-stage/core-v1/src/ecs/inspector-query:LookupError"}
REFERENCE_PROGRESS {"event":"file_book.definition","elapsedMs":2184,"count":200960,"owner":"garden-stage/query:scanned~13"}
REFERENCE_PROGRESS {"event":"file_book.definition","elapsedMs":2185,"count":201216,"owner":"garden-stage/owner-carrier:InspectOwner"}
REFERENCE_PROGRESS {"event":"file_book.definition","elapsedMs":2185,"count":201472,"owner":"garden-stage/schema-families:Garden"}
REFERENCE_PROGRESS {"event":"file_book.definition","elapsedMs":2186,"count":201728,"owner":"garden-stage/query:Row"}
REFERENCE_PROGRESS {"event":"file_book.definition","elapsedMs":2186,"count":201984,"owner":"Result"}
REFERENCE_PROGRESS {"event":"file_book.definition","elapsedMs":2212,"count":202240,"owner":"Result"}
REFERENCE_PROGRESS {"event":"file_book.definition","elapsedMs":2212,"count":202496,"owner":"garden-stage/core-v1/src/ecs/world:World"}
REFERENCE_PROGRESS {"event":"file_book.definition","elapsedMs":2212,"count":202752,"owner":"List"}
REFERENCE_PROGRESS {"event":"file_book.definition","elapsedMs":2212,"count":203008,"owner":"List"}
REFERENCE_PROGRESS {"event":"file_book.definition","elapsedMs":2212,"count":203264,"owner":"garden-stage/runtime-owners:Resource"}
REFERENCE_PROGRESS {"event":"file_book.definition","elapsedMs":2213,"count":203520,"owner":"garden-stage/schema-families:Garden"}
REFERENCE_PROGRESS {"event":"file_book.definition","elapsedMs":2214,"count":203776,"owner":"garden-stage/schema-families:Garden"}
REFERENCE_PROGRESS {"event":"file_book.definition","elapsedMs":2215,"count":204032,"owner":"garden-stage/schema-families:Garden"}
REFERENCE_PROGRESS {"event":"file_book.definition","elapsedMs":2215,"count":204288,"owner":"List"}
REFERENCE_PROGRESS {"event":"file_book.definition","elapsedMs":2216,"count":204544,"owner":"garden-stage/schema-families:Garden"}
REFERENCE_PROGRESS {"event":"file_book.definition","elapsedMs":2217,"count":204800,"owner":"garden-stage/query:Row"}
REFERENCE_PROGRESS {"event":"file_book.definition","elapsedMs":2217,"count":205056,"owner":"garden-stage/query:lookup_valid~15"}
REFERENCE_PROGRESS {"event":"file_book.definition","elapsedMs":2221,"count":205312,"owner":"garden-stage/schema-families:Garden"}
REFERENCE_PROGRESS {"event":"file_book.definition","elapsedMs":2222,"count":205568,"owner":"garden-stage/query:Row"}
REFERENCE_PROGRESS {"event":"file_book.definition","elapsedMs":2222,"count":205824,"owner":"Sigma"}
REFERENCE_PROGRESS {"event":"file_book.definition","elapsedMs":2223,"count":206080,"owner":"garden-stage/schema-families:Garden"}
REFERENCE_PROGRESS {"event":"file_book.definition","elapsedMs":2223,"count":206336,"owner":"garden-stage/runtime-named-declarations:ValueRepeatedAdded"}
REFERENCE_PROGRESS {"event":"file_book.definition","elapsedMs":2224,"count":206592,"owner":"Sigma"}
REFERENCE_PROGRESS {"event":"file_book.definition","elapsedMs":2228,"count":206848,"owner":"garden-stage/runtime-owners:Resource"}
REFERENCE_PROGRESS {"event":"file_book.definition","elapsedMs":2228,"count":207104,"owner":"garden-stage/core-v1/src/ecs/world:TailScanPhase"}
REFERENCE_PROGRESS {"event":"file_book.definition","elapsedMs":2228,"count":207360,"owner":"garden-stage/schema-families:Garden"}
REFERENCE_PROGRESS {"event":"file_book.definition","elapsedMs":2228,"count":207616,"owner":"garden-stage/schema-families:Store"}
REFERENCE_PROGRESS {"event":"file_book.definition","elapsedMs":2228,"count":207872,"owner":"garden-stage/core-v1/src/ecs/world:RegistrationMeta"}
REFERENCE_PROGRESS {"event":"file_book.definition","elapsedMs":2229,"count":208128,"owner":"garden-stage/check-execution:Args"}
REFERENCE_PROGRESS {"event":"file_book.definition","elapsedMs":2230,"count":208384,"owner":"garden-stage/schema-families:Store"}
REFERENCE_PROGRESS {"event":"file_book.definition","elapsedMs":2239,"count":208640,"owner":"List"}
REFERENCE_PROGRESS {"event":"file_book.definition","elapsedMs":2240,"count":208896,"owner":"garden-stage/core-v1/src/ecs/check:required_field~6"}
REFERENCE_PROGRESS {"event":"file_book.definition","elapsedMs":2241,"count":209152,"owner":"garden-stage/query:Row"}
REFERENCE_PROGRESS {"event":"file_book.definition","elapsedMs":2241,"count":209408,"owner":"List"}
REFERENCE_PROGRESS {"event":"file_book.definition","elapsedMs":2241,"count":209664,"owner":"garden-stage/query:lookup_matched~11"}
REFERENCE_PROGRESS {"event":"file_book.definition","elapsedMs":2241,"count":209920,"owner":"garden-stage/schema-families:Garden"}
REFERENCE_PROGRESS {"event":"file_book.definition","elapsedMs":2242,"count":210176,"owner":"garden-stage/core-v1/src/ecs/world:Handle"}
REFERENCE_PROGRESS {"event":"file_book.definition","elapsedMs":2242,"count":210432,"owner":"garden-stage/runtime-named-declarations:ValueRequiredPair"}
REFERENCE_PROGRESS {"event":"file_book.definition","elapsedMs":2246,"count":210688,"owner":"garden-stage/schema-families:Garden"}
REFERENCE_PROGRESS {"event":"file_book.definition","elapsedMs":2246,"count":210944,"owner":"garden-stage/schema-families:Garden"}
REFERENCE_PROGRESS {"event":"file_book.definition","elapsedMs":2246,"count":211200,"owner":"garden-stage/schema-families:Garden"}
REFERENCE_PROGRESS {"event":"file_book.definition","elapsedMs":2247,"count":211456,"owner":"garden-stage/query:Row"}
REFERENCE_PROGRESS {"event":"file_book.definition","elapsedMs":2247,"count":211712,"owner":"garden-stage/owner-carrier:InspectOwner"}
REFERENCE_PROGRESS {"event":"file_book.definition","elapsedMs":2247,"count":211968,"owner":"garden-stage/owner-carrier:InspectOwner"}
REFERENCE_PROGRESS {"event":"file_book.definition","elapsedMs":2247,"count":212224,"owner":"garden-stage/schema-families:Garden"}
REFERENCE_PROGRESS {"event":"file_book.definition","elapsedMs":2247,"count":212480,"owner":"garden-stage/schema-families:Garden"}
REFERENCE_PROGRESS {"event":"file_book.definition","elapsedMs":2247,"count":212736,"owner":"garden-stage/schema-families:Garden"}
REFERENCE_PROGRESS {"event":"file_book.definition","elapsedMs":2248,"count":212992,"owner":"garden-stage/owner-carrier:InspectOwner"}
REFERENCE_PROGRESS {"event":"file_book.definition","elapsedMs":2248,"count":213248,"owner":"garden-stage/runtime-named-declarations:ValueRepeated"}
REFERENCE_PROGRESS {"event":"file_book.definition","elapsedMs":2248,"count":213504,"owner":"garden-stage/schema-families:Garden"}
REFERENCE_PROGRESS {"event":"file_book.definition","elapsedMs":2249,"count":213760,"owner":"garden-stage/runtime-named-declarations:ValueContradictory"}
REFERENCE_PROGRESS {"event":"file_book.definition","elapsedMs":2249,"count":214016,"owner":"garden-stage/runtime-named-declarations:ValueContradictory"}
REFERENCE_PROGRESS {"event":"file_book.definition","elapsedMs":2249,"count":214272,"owner":"garden-stage/owner-carrier:InspectOwner"}
REFERENCE_PROGRESS {"event":"file_book.definition","elapsedMs":2250,"count":214528,"owner":"Result"}
REFERENCE_PROGRESS {"event":"file_book.definition","elapsedMs":2250,"count":214784,"owner":"garden-stage/schema-families:Garden"}
REFERENCE_PROGRESS {"event":"file_book.definition","elapsedMs":2251,"count":215040,"owner":"Bool"}
REFERENCE_PROGRESS {"event":"file_book.definition","elapsedMs":2251,"count":215296,"owner":"garden-stage/owner-carrier:InspectOwner"}
REFERENCE_PROGRESS {"event":"file_book.definition","elapsedMs":2251,"count":215552,"owner":"garden-stage/core-v1/src/ecs/world:Handle"}
REFERENCE_PROGRESS {"event":"file_book.definition","elapsedMs":2251,"count":215808,"owner":"garden-stage/schema-families:Garden"}
REFERENCE_PROGRESS {"event":"file_book.definition","elapsedMs":2251,"count":216064,"owner":"garden-stage/owner-carrier:InspectOwner"}
REFERENCE_PROGRESS {"event":"file_book.definition","elapsedMs":2252,"count":216320,"owner":"garden-stage/core-v1/src/ecs/world:Handle"}
REFERENCE_PROGRESS {"event":"file_book.definition","elapsedMs":2252,"count":216576,"owner":"garden-stage/runtime-owners:Resource"}
REFERENCE_PROGRESS {"event":"file_book.definition","elapsedMs":2252,"count":216832,"owner":"Unit"}
REFERENCE_PROGRESS {"event":"file_book.definition","elapsedMs":2252,"count":217088,"owner":"List"}
REFERENCE_PROGRESS {"event":"file_book.definition","elapsedMs":2252,"count":217344,"owner":"garden-stage/core-v1/src/ecs/world:World"}
REFERENCE_PROGRESS {"event":"file_book.definition","elapsedMs":2252,"count":217600,"owner":"garden-stage/core-v1/src/ecs/world:RegistrationMeta"}
REFERENCE_PROGRESS {"event":"file_book.definition","elapsedMs":2252,"count":217856,"owner":"String"}
REFERENCE_PROGRESS {"event":"file_book.definition","elapsedMs":2252,"count":218112,"owner":"List"}
REFERENCE_PROGRESS {"event":"file_book.definition","elapsedMs":2253,"count":218368,"owner":"garden-stage/schema-families:Garden"}
REFERENCE_PROGRESS {"event":"file_book.definition","elapsedMs":2253,"count":218624,"owner":"garden-stage/runtime-owners:Resource"}
REFERENCE_PROGRESS {"event":"file_book.definition","elapsedMs":2253,"count":218880,"owner":"garden-stage/schema-families:Store"}
REFERENCE_PROGRESS {"event":"file_book.definition","elapsedMs":2253,"count":219136,"owner":"garden-stage/schema-families:Store"}
REFERENCE_PROGRESS {"event":"file_book.definition","elapsedMs":2253,"count":219392,"owner":"garden-stage/runtime-owners:Resource"}
REFERENCE_PROGRESS {"event":"file_book.definition","elapsedMs":2253,"count":219648,"owner":"garden-stage/core-v1/src/ecs/check:Checked"}
REFERENCE_PROGRESS {"event":"file_book.definition","elapsedMs":2254,"count":219904,"owner":"garden-stage/schema-families:Store"}
REFERENCE_PROGRESS {"event":"file_book.definition","elapsedMs":2254,"count":220160,"owner":"garden-stage/schema-families:Garden"}
REFERENCE_PROGRESS {"event":"file_book.definition","elapsedMs":2254,"count":220416,"owner":"List"}
REFERENCE_PROGRESS {"event":"file_book.definition","elapsedMs":2254,"count":220672,"owner":"garden-stage/schema-families:Garden"}
REFERENCE_PROGRESS {"event":"file_book.definition","elapsedMs":2254,"count":220928,"owner":"garden-stage/runtime-owners:Resource"}
REFERENCE_PROGRESS {"event":"file_book.definition","elapsedMs":2254,"count":221184,"owner":"List"}
REFERENCE_PROGRESS {"event":"file_book.definition","elapsedMs":2254,"count":221440,"owner":"garden-stage/owner-carrier:InspectOwner"}
REFERENCE_PROGRESS {"event":"file_book.definition","elapsedMs":2254,"count":221696,"owner":"garden-stage/owner-carrier:InspectOwner"}
REFERENCE_PROGRESS {"event":"file_book.definition","elapsedMs":2255,"count":221952,"owner":"garden-stage/owner-carrier:InspectOwner"}
REFERENCE_PROGRESS {"event":"file_book.definition","elapsedMs":2255,"count":222208,"owner":"garden-stage/owner-carrier:InspectOwner"}
REFERENCE_PROGRESS {"event":"file_book.definition","elapsedMs":2256,"count":222464,"owner":"garden-stage/owner-carrier:InspectOwner"}
REFERENCE_PROGRESS {"event":"file_book.definition","elapsedMs":2256,"count":222720,"owner":"List"}
REFERENCE_PROGRESS {"event":"file_book.definition","elapsedMs":2257,"count":222976,"owner":"garden-stage/schema-families:Garden"}
REFERENCE_PROGRESS {"event":"file_book.definition","elapsedMs":2257,"count":223232,"owner":"garden-stage/schema-families:Garden"}
REFERENCE_PROGRESS {"event":"file_book.definition","elapsedMs":2257,"count":223488,"owner":"garden-stage/schema-families:Garden"}
REFERENCE_PROGRESS {"event":"file_book.definition","elapsedMs":2257,"count":223744,"owner":"garden-stage/schema-families:Garden"}
REFERENCE_PROGRESS {"event":"file_book.definition","elapsedMs":2257,"count":224000,"owner":"garden-stage/schema-families:Garden"}
REFERENCE_PROGRESS {"event":"file_book.definition","elapsedMs":2258,"count":224256,"owner":"garden-stage/schema-families:Garden"}
REFERENCE_PROGRESS {"event":"file_book.definition","elapsedMs":2258,"count":224512,"owner":"List"}
REFERENCE_PROGRESS {"event":"file_book.definition","elapsedMs":2259,"count":224768,"owner":"garden-stage/owner-carrier:InspectOwner"}
REFERENCE_PROGRESS {"event":"file_book.definition","elapsedMs":2259,"count":225024,"owner":"garden-stage/selection:Selection"}
REFERENCE_PROGRESS {"event":"file_book.definition","elapsedMs":2259,"count":225280,"owner":"garden-stage/query:ScanResult"}
REFERENCE_PROGRESS {"event":"file_book.definition","elapsedMs":2260,"count":225536,"owner":"Bool"}
REFERENCE_PROGRESS {"event":"file_book.definition","elapsedMs":2260,"count":225792,"owner":"garden-stage/query:ScanResult"}
REFERENCE_PROGRESS {"event":"file_book.definition","elapsedMs":2260,"count":226048,"owner":"garden-stage/schema-families:Garden"}
REFERENCE_PROGRESS {"event":"file_book.definition","elapsedMs":2260,"count":226304,"owner":"garden-stage/query:ScanResult"}
REFERENCE_PROGRESS {"event":"file_book.definition","elapsedMs":2260,"count":226560,"owner":"garden-stage/owner-carrier:InspectOwner"}
REFERENCE_PROGRESS {"event":"file_book.definition","elapsedMs":2261,"count":226816,"owner":"garden-stage/runtime-named-declarations:ValueContradictory"}
REFERENCE_PROGRESS {"event":"file_book.definition","elapsedMs":2261,"count":227072,"owner":"garden-stage/schema-families:Garden"}
REFERENCE_PROGRESS {"event":"file_book.definition","elapsedMs":2261,"count":227328,"owner":"garden-stage/schema-families:Garden"}
REFERENCE_PROGRESS {"event":"file_book.definition","elapsedMs":2261,"count":227584,"owner":"garden-stage/schema-families:Garden"}
REFERENCE_PROGRESS {"event":"file_book.definition","elapsedMs":2262,"count":227840,"owner":"garden-stage/core-v1/src/ecs/world:Handle"}
REFERENCE_PROGRESS {"event":"file_book.definition","elapsedMs":2262,"count":228096,"owner":"garden-stage/owner-carrier:InspectOwner"}
REFERENCE_PROGRESS {"event":"file_book.definition","elapsedMs":2262,"count":228352,"owner":"garden-stage/schema-families:Garden"}
REFERENCE_PROGRESS {"event":"file_book.definition","elapsedMs":2262,"count":228608,"owner":"garden-stage/owner-carrier:InspectOwner"}
REFERENCE_PROGRESS {"event":"file_book.definition","elapsedMs":2262,"count":228864,"owner":"garden-stage/schema-families:Garden"}
REFERENCE_PROGRESS {"event":"file_book.definition","elapsedMs":2262,"count":229120,"owner":"Sigma"}
REFERENCE_PROGRESS {"event":"file_book.definition","elapsedMs":2263,"count":229376,"owner":"garden-stage/schema-families:Garden"}
REFERENCE_PROGRESS {"event":"file_book.definition","elapsedMs":2280,"count":229632,"owner":"Unit"}
REFERENCE_PROGRESS {"event":"file_book.definition","elapsedMs":2280,"count":229888,"owner":"garden-stage/schema-families:Garden"}
REFERENCE_PROGRESS {"event":"file_book.definition","elapsedMs":2281,"count":230144,"owner":"garden-stage/schema-families:Garden"}
REFERENCE_PROGRESS {"event":"file_book.definition","elapsedMs":2281,"count":230400,"owner":"garden-stage/check-execution:Args"}
REFERENCE_PROGRESS {"event":"file_book.definition","elapsedMs":2282,"count":230656,"owner":"garden-stage/core-v1/src/ecs/check:Frame"}
REFERENCE_PROGRESS {"event":"file_book.definition","elapsedMs":2282,"count":230912,"owner":"garden-stage/owner-carrier:InspectOwner"}
REFERENCE_PROGRESS {"event":"file_book.definition","elapsedMs":2282,"count":231168,"owner":"garden-stage/owner-carrier:inspect_unpack~0"}
REFERENCE_PROGRESS {"event":"file_book.definition","elapsedMs":2283,"count":231424,"owner":"garden-stage/core-v1/src/ecs/inspector-query:LookupError"}
REFERENCE_PROGRESS {"event":"file_book.definition","elapsedMs":2283,"count":231680,"owner":"garden-stage/selection:Selection"}
REFERENCE_PROGRESS {"event":"file_book.definition","elapsedMs":2283,"count":231936,"owner":"Result"}
REFERENCE_PROGRESS {"event":"file_book.definition","elapsedMs":2283,"count":232192,"owner":"garden-stage/owner-carrier:InspectOwner"}
REFERENCE_PROGRESS {"event":"file_book.definition","elapsedMs":2283,"count":232448,"owner":"garden-stage/core-v1/src/ecs/inspector:Frame"}
REFERENCE_PROGRESS {"event":"file_book.definition","elapsedMs":2283,"count":232704,"owner":"garden-stage/owner-carrier:InspectOwner"}
REFERENCE_PROGRESS {"event":"file_book.definition","elapsedMs":2283,"count":232960,"owner":"Bool"}
REFERENCE_PROGRESS {"event":"file_book.definition","elapsedMs":2283,"count":233216,"owner":"garden-stage/schema-families:Garden"}
REFERENCE_PROGRESS {"event":"file_book.definition","elapsedMs":2283,"count":233472,"owner":"garden-stage/query:Row"}
REFERENCE_PROGRESS {"event":"file_book.definition","elapsedMs":2283,"count":233728,"owner":"garden-stage/core-v1/src/ecs/inspector:Frame"}
REFERENCE_PROGRESS {"event":"file_book.definition","elapsedMs":2284,"count":233984,"owner":"List"}
REFERENCE_PROGRESS {"event":"file_book.definition","elapsedMs":2284,"count":234240,"owner":"garden-stage/runtime-owners:Resource"}
REFERENCE_PROGRESS {"event":"file_book.definition","elapsedMs":2284,"count":234496,"owner":"garden-stage/runtime-named-declarations:ValueMultipleWith"}
REFERENCE_PROGRESS {"event":"file_book.definition","elapsedMs":2284,"count":234752,"owner":"garden-stage/schema-families:Garden"}
REFERENCE_PROGRESS {"event":"file_book.definition","elapsedMs":2284,"count":235008,"owner":"garden-stage/schema-families:Garden"}
REFERENCE_PROGRESS {"event":"file_book.definition","elapsedMs":2284,"count":235264,"owner":"garden-stage/query:ScanResult"}
REFERENCE_PROGRESS {"event":"file_book.definition","elapsedMs":2284,"count":235520,"owner":"garden-stage/selection:Selection"}
REFERENCE_PROGRESS {"event":"file_book.definition","elapsedMs":2284,"count":235776,"owner":"garden-stage/schema-families:Garden"}
REFERENCE_PROGRESS {"event":"file_book.definition","elapsedMs":2284,"count":236032,"owner":"garden-stage/core-v1/src/ecs/world:Handle"}
REFERENCE_PROGRESS {"event":"file_book.definition","elapsedMs":2285,"count":236288,"owner":"garden-stage/query:Row"}
REFERENCE_PROGRESS {"event":"file_book.definition","elapsedMs":2285,"count":236544,"owner":"garden-stage/runtime-named-declarations:ValueChangedBoth"}
REFERENCE_PROGRESS {"event":"file_book.definition","elapsedMs":2285,"count":236800,"owner":"garden-stage/selection:matches_field~72"}
REFERENCE_PROGRESS {"event":"file_book.definition","elapsedMs":2286,"count":237056,"owner":"garden-stage/schema-families:Garden"}
REFERENCE_PROGRESS {"event":"file_book.definition","elapsedMs":2286,"count":237312,"owner":"garden-stage/schema-families:Garden"}
REFERENCE_PROGRESS {"event":"file_book.definition","elapsedMs":2286,"count":237568,"owner":"garden-stage/owner-carrier:InspectOwner"}
REFERENCE_PROGRESS {"event":"file_book.definition","elapsedMs":2286,"count":237824,"owner":"garden-stage/runtime-named-declarations:ValueRepeatedAdded"}
REFERENCE_PROGRESS {"event":"file_book.definition","elapsedMs":2286,"count":238080,"owner":"garden-stage/runtime-named-declarations:ValueRepeatedAdded"}
REFERENCE_PROGRESS {"event":"file_book.definition","elapsedMs":2286,"count":238336,"owner":"garden-stage/schema-families:Garden"}
REFERENCE_PROGRESS {"event":"file_book.definition","elapsedMs":2286,"count":238592,"owner":"garden-stage/owner-carrier:InspectOwner"}
REFERENCE_PROGRESS {"event":"file_book.definition","elapsedMs":2286,"count":238848,"owner":"garden-stage/core-v1/src/ecs/inspector-query:LookupError"}
REFERENCE_PROGRESS {"event":"file_book.definition","elapsedMs":2287,"count":239104,"owner":"garden-stage/schema-families:Garden"}
REFERENCE_PROGRESS {"event":"file_book.definition","elapsedMs":2287,"count":239360,"owner":"garden-stage/schema-families:Garden"}
REFERENCE_PROGRESS {"event":"file_book.definition","elapsedMs":2287,"count":239616,"owner":"garden-stage/schema-families:Store"}
REFERENCE_PROGRESS {"event":"file_book.definition","elapsedMs":2288,"count":239872,"owner":"garden-stage/schema-families:Garden"}
REFERENCE_PROGRESS {"event":"file_book.definition","elapsedMs":2289,"count":240128,"owner":"garden-stage/core-v1/src/ecs/check:Frame"}
REFERENCE_PROGRESS {"event":"file_book.definition","elapsedMs":2289,"count":240384,"owner":"Sigma"}
REFERENCE_PROGRESS {"event":"file_book.definition","elapsedMs":2290,"count":240640,"owner":"garden-stage/schema-families:Garden"}
REFERENCE_PROGRESS {"event":"file_book.definition","elapsedMs":2291,"count":240896,"owner":"Bool"}
REFERENCE_PROGRESS {"event":"file_book.definition","elapsedMs":2291,"count":241152,"owner":"garden-stage/core-v1/src/ecs/inspector:Frame"}
REFERENCE_PROGRESS {"event":"file_book.definition","elapsedMs":2291,"count":241408,"owner":"garden-stage/runtime-owners:Resource"}
REFERENCE_PROGRESS {"event":"file_book.definition","elapsedMs":2291,"count":241664,"owner":"garden-stage/schema-families:Garden"}
REFERENCE_PROGRESS {"event":"file_book.definition","elapsedMs":2291,"count":241920,"owner":"garden-stage/schema-families:Garden"}
REFERENCE_PROGRESS {"event":"file_book.definition","elapsedMs":2291,"count":242176,"owner":"garden-stage/schema-families:Garden"}
REFERENCE_PROGRESS {"event":"file_book.definition","elapsedMs":2291,"count":242432,"owner":"garden-stage/schema-families:Store"}
REFERENCE_PROGRESS {"event":"file_book.definition","elapsedMs":2291,"count":242688,"owner":"garden-stage/schema-families:Garden"}
REFERENCE_PROGRESS {"event":"file_book.definition","elapsedMs":2292,"count":242944,"owner":"garden-stage/runtime-named-declarations:ValueWithWithout"}
REFERENCE_PROGRESS {"event":"file_book.definition","elapsedMs":2292,"count":243200,"owner":"garden-stage/schema-families:Garden"}
REFERENCE_PROGRESS {"event":"file_book.definition","elapsedMs":2292,"count":243456,"owner":"garden-stage/schema-families:Garden"}
REFERENCE_PROGRESS {"event":"file_book.definition","elapsedMs":2292,"count":243712,"owner":"garden-stage/runtime-owners:Resource"}
REFERENCE_PROGRESS {"event":"file_book.definition","elapsedMs":2292,"count":243968,"owner":"garden-stage/core-v1/src/ecs/inspector:Frame"}
REFERENCE_PROGRESS {"event":"file_book.definition","elapsedMs":2292,"count":244224,"owner":"garden-stage/schema-families:Garden"}
REFERENCE_PROGRESS {"event":"file_book.definition","elapsedMs":2292,"count":244480,"owner":"garden-stage/schema-families:Garden"}
REFERENCE_PROGRESS {"event":"file_book.definition","elapsedMs":2292,"count":244736,"owner":"garden-stage/schema-families:Garden"}
REFERENCE_PROGRESS {"event":"file_book.definition","elapsedMs":2292,"count":244992,"owner":"garden-stage/core-v1/src/ecs/world:Handle"}
REFERENCE_PROGRESS {"event":"file_book.definition","elapsedMs":2292,"count":245248,"owner":"garden-stage/schema-families:Store"}
REFERENCE_PROGRESS {"event":"file_book.definition","elapsedMs":2292,"count":245504,"owner":"garden-stage/schema-families:Garden"}
REFERENCE_PROGRESS {"event":"file_book.definition","elapsedMs":2293,"count":245760,"owner":"Sigma"}
REFERENCE_PROGRESS {"event":"file_book.definition","elapsedMs":2293,"count":246016,"owner":"garden-stage/schema-families:Garden"}
REFERENCE_PROGRESS {"event":"file_book.definition","elapsedMs":2293,"count":246272,"owner":"Sigma"}
REFERENCE_PROGRESS {"event":"file_book.definition","elapsedMs":2293,"count":246528,"owner":"garden-stage/schema-families:Garden"}
REFERENCE_PROGRESS {"event":"file_book.definition","elapsedMs":2293,"count":246784,"owner":"garden-stage/core-v1/src/ecs/check:Frame"}
REFERENCE_PROGRESS {"event":"file_book.definition","elapsedMs":2294,"count":247040,"owner":"garden-stage/check-execution:Args"}
REFERENCE_PROGRESS {"event":"file_book.definition","elapsedMs":2299,"count":247296,"owner":"garden-stage/core-v1/src/ecs/world:Handle"}
REFERENCE_PROGRESS {"event":"file_book.definition","elapsedMs":2301,"count":247552,"owner":"garden-stage/runtime-owners:Resource"}
REFERENCE_PROGRESS {"event":"file_book.definition","elapsedMs":2301,"count":247808,"owner":"List"}
REFERENCE_PROGRESS {"event":"file_book.definition","elapsedMs":2302,"count":248064,"owner":"garden-stage/schema-families:Garden"}
REFERENCE_PROGRESS {"event":"file_book.definition","elapsedMs":2305,"count":248320,"owner":"garden-stage/query:Row"}
REFERENCE_PROGRESS {"event":"file_book.definition","elapsedMs":2305,"count":248576,"owner":"Bool"}
REFERENCE_PROGRESS {"event":"file_book.definition","elapsedMs":2306,"count":248832,"owner":"garden-stage/schema-families:Garden"}
REFERENCE_PROGRESS {"event":"file_book.definition","elapsedMs":2306,"count":249088,"owner":"garden-stage/runtime-named-declarations:ValueMultipleWithout"}
REFERENCE_PROGRESS {"event":"file_book.definition","elapsedMs":2307,"count":249344,"owner":"garden-stage/full-consumer:Snapshot"}
REFERENCE_PROGRESS {"event":"file_book.definition","elapsedMs":2307,"count":249600,"owner":"garden-stage/schema-families:Garden"}
REFERENCE_PROGRESS {"event":"file_book.definition","elapsedMs":2307,"count":249856,"owner":"garden-stage/schema-families:Garden"}
REFERENCE_PROGRESS {"event":"file_book.definition","elapsedMs":2308,"count":250112,"owner":"Bool"}
REFERENCE_PROGRESS {"event":"file_book.definition","elapsedMs":2309,"count":250368,"owner":"Bool"}
REFERENCE_PROGRESS {"event":"file_book.definition","elapsedMs":2309,"count":250624,"owner":"garden-stage/schema-families:Garden"}
REFERENCE_PROGRESS {"event":"file_book.definition","elapsedMs":2310,"count":250880,"owner":"garden-stage/core-v1/src/ecs/inspector:Frame"}
REFERENCE_PROGRESS {"event":"file_book.definition","elapsedMs":2310,"count":251136,"owner":"garden-stage/core-v1/src/ecs/world:Handle"}
REFERENCE_PROGRESS {"event":"file_book.definition","elapsedMs":2310,"count":251392,"owner":"String"}
REFERENCE_PROGRESS {"event":"file_book.definition","elapsedMs":2310,"count":251648,"owner":"String"}
REFERENCE_PROGRESS {"event":"file_book.definition","elapsedMs":2311,"count":251904,"owner":"garden-stage/schema-families:Garden"}
REFERENCE_PROGRESS {"event":"file_book.definition","elapsedMs":2311,"count":252160,"owner":"garden-stage/core-v1/src/ecs/inspector-query:LookupError"}
REFERENCE_PROGRESS {"event":"file_book.definition","elapsedMs":2311,"count":252416,"owner":"Sigma"}
REFERENCE_PROGRESS {"event":"file_book.definition","elapsedMs":2312,"count":252672,"owner":"garden-stage/runtime-named-declarations:ValueOptionalFour"}
REFERENCE_PROGRESS {"event":"file_book.definition","elapsedMs":2312,"count":252928,"owner":"garden-stage/runtime-named-declarations:ValueOptionalFour"}
REFERENCE_PROGRESS {"event":"file_book.definition","elapsedMs":2312,"count":253184,"owner":"garden-stage/runtime-owners:Resource"}
REFERENCE_PROGRESS {"event":"file_book.definition","elapsedMs":2312,"count":253440,"owner":"garden-stage/runtime-named-declarations:ValueRequiredPair"}
REFERENCE_PROGRESS {"event":"file_book.definition","elapsedMs":2313,"count":253696,"owner":"garden-stage/schema-families:Garden"}
REFERENCE_PROGRESS {"event":"file_book.definition","elapsedMs":2313,"count":253952,"owner":"garden-stage/runtime-owners:Resource"}
REFERENCE_PROGRESS {"event":"file_book.definition","elapsedMs":2313,"count":254208,"owner":"garden-stage/query:Row"}
REFERENCE_PROGRESS {"event":"file_book.definition","elapsedMs":2314,"count":254464,"owner":"String"}
REFERENCE_PROGRESS {"event":"file_book.definition","elapsedMs":2314,"count":254720,"owner":"garden-stage/schema-families:Store"}
REFERENCE_PROGRESS {"event":"file_book.definition","elapsedMs":2314,"count":254976,"owner":"garden-stage/core-v1/src/ecs/inspector-query:LookupError"}
REFERENCE_PROGRESS {"event":"file_book.definition","elapsedMs":2314,"count":255232,"owner":"Result"}
REFERENCE_PROGRESS {"event":"file_book.definition","elapsedMs":2314,"count":255488,"owner":"garden-stage/runtime-owners:Resource"}
REFERENCE_PROGRESS {"event":"file_book.definition","elapsedMs":2315,"count":255744,"owner":"garden-stage/query:Row"}
REFERENCE_PROGRESS {"event":"file_book.definition","elapsedMs":2315,"count":256000,"owner":"garden-stage/schema-families:Garden"}
REFERENCE_PROGRESS {"event":"file_book.definition","elapsedMs":2315,"count":256256,"owner":"garden-stage/core-v1/src/ecs/check:Frame"}
REFERENCE_PROGRESS {"event":"file_book.definition","elapsedMs":2315,"count":256512,"owner":"garden-stage/core-v1/src/ecs/inspector-query:LookupError"}
REFERENCE_PROGRESS {"event":"file_book.definition","elapsedMs":2316,"count":256768,"owner":"garden-stage/schema-families:Garden"}
REFERENCE_PROGRESS {"event":"file_book.definition","elapsedMs":2316,"count":257024,"owner":"garden-stage/schema-families:Store"}
REFERENCE_PROGRESS {"event":"file_book.definition","elapsedMs":2316,"count":257280,"owner":"garden-stage/runtime-owners:Resource"}
REFERENCE_PROGRESS {"event":"file_book.definition","elapsedMs":2316,"count":257536,"owner":"garden-stage/runtime-named-declarations:ValueContradictory"}
REFERENCE_PROGRESS {"event":"file_book.definition","elapsedMs":2317,"count":257792,"owner":"List"}
REFERENCE_PROGRESS {"event":"file_book.definition","elapsedMs":2317,"count":258048,"owner":"garden-stage/runtime-named-declarations:ValueContradictory"}
REFERENCE_PROGRESS {"event":"file_book.definition","elapsedMs":2318,"count":258304,"owner":"garden-stage/selection:Product"}
REFERENCE_PROGRESS {"event":"file_book.definition","elapsedMs":2318,"count":258560,"owner":"Sigma"}
REFERENCE_PROGRESS {"event":"file_book.definition","elapsedMs":2318,"count":258816,"owner":"garden-stage/schema-families:Garden"}
REFERENCE_PROGRESS {"event":"file_book.definition","elapsedMs":2318,"count":259072,"owner":"Unit"}
REFERENCE_PROGRESS {"event":"file_book.definition","elapsedMs":2319,"count":259328,"owner":"garden-stage/schema-families:Garden"}
REFERENCE_PROGRESS {"event":"file_book.definition","elapsedMs":2322,"count":259584,"owner":"garden-stage/runtime-owners:Resource"}
REFERENCE_PROGRESS {"event":"file_book.definition","elapsedMs":2323,"count":259840,"owner":"garden-stage/schema-families:Store"}
REFERENCE_PROGRESS {"event":"file_book.definition","elapsedMs":2323,"count":260096,"owner":"garden-stage/schema-families:Garden"}
REFERENCE_PROGRESS {"event":"file_book.definition","elapsedMs":2323,"count":260352,"owner":"garden-stage/schema-families:Store"}
REFERENCE_PROGRESS {"event":"file_book.definition","elapsedMs":2324,"count":260608,"owner":"garden-stage/schema-families:Garden"}
REFERENCE_PROGRESS {"event":"file_book.definition","elapsedMs":2324,"count":260864,"owner":"garden-stage/schema-families:Garden"}
REFERENCE_PROGRESS {"event":"file_book.definition","elapsedMs":2342,"count":261120,"owner":"List"}
REFERENCE_PROGRESS {"event":"file_book.definition","elapsedMs":2343,"count":261376,"owner":"List"}
REFERENCE_PROGRESS {"event":"file_book.definition","elapsedMs":2344,"count":261632,"owner":"garden-stage/runtime-owners:Resource"}
REFERENCE_PROGRESS {"event":"file_book.definition","elapsedMs":2344,"count":261888,"owner":"garden-stage/schema-families:Garden"}
REFERENCE_PROGRESS {"event":"file_book.definition","elapsedMs":2344,"count":262144,"owner":"garden-stage/runtime-named-declarations:ValueOptionalFour"}
REFERENCE_PROGRESS {"event":"file_book.definition","elapsedMs":2344,"count":262400,"owner":"garden-stage/core-v1/src/ecs/check:Frame"}
REFERENCE_PROGRESS {"event":"file_book.definition","elapsedMs":2344,"count":262656,"owner":"garden-stage/runtime-owners:Resource"}
REFERENCE_PROGRESS {"event":"file_book.definition","elapsedMs":2345,"count":262912,"owner":"garden-stage/core-v1/src/ecs/world:Handle"}
REFERENCE_PROGRESS {"event":"file_book.definition","elapsedMs":2345,"count":263168,"owner":"garden-stage/schema-families:Garden"}
REFERENCE_PROGRESS {"event":"file_book.definition","elapsedMs":2345,"count":263424,"owner":"garden-stage/runtime-named-declarations:ValueRequiredPair"}
REFERENCE_PROGRESS {"event":"file_book.definition","elapsedMs":2345,"count":263680,"owner":"garden-stage/owner-carrier:CheckOwner"}
REFERENCE_PROGRESS {"event":"file_book.definition","elapsedMs":2346,"count":263936,"owner":"String"}
REFERENCE_PROGRESS {"event":"file_book.definition","elapsedMs":2346,"count":264192,"owner":"garden-stage/runtime-named-declarations:ValueFiveAlias"}
REFERENCE_PROGRESS {"event":"file_book.definition","elapsedMs":2346,"count":264448,"owner":"garden-stage/schema-families:Store"}
REFERENCE_PROGRESS {"event":"file_book.definition","elapsedMs":2346,"count":264704,"owner":"garden-stage/query:Row"}
REFERENCE_PROGRESS {"event":"file_book.definition","elapsedMs":2346,"count":264960,"owner":"Result"}
REFERENCE_PROGRESS {"event":"file_book.definition","elapsedMs":2346,"count":265216,"owner":"garden-stage/schema-families:Garden"}
REFERENCE_PROGRESS {"event":"file_book.definition","elapsedMs":2347,"count":265472,"owner":"List"}
REFERENCE_PROGRESS {"event":"file_book.definition","elapsedMs":2347,"count":265728,"owner":"garden-stage/core-v1/src/ecs/world:Handle"}
REFERENCE_PROGRESS {"event":"file_book.definition","elapsedMs":2347,"count":265984,"owner":"garden-stage/full-consumer:Snapshot"}
REFERENCE_PROGRESS {"event":"file_book.definition","elapsedMs":2348,"count":266240,"owner":"garden-stage/schema-families:Garden"}
REFERENCE_PROGRESS {"event":"file_book.definition","elapsedMs":2348,"count":266496,"owner":"garden-stage/schema-families:Garden"}
REFERENCE_PROGRESS {"event":"file_book.definition","elapsedMs":2349,"count":266752,"owner":"garden-stage/runtime-named-declarations:ValueMultipleWithout"}
REFERENCE_PROGRESS {"event":"file_book.definition","elapsedMs":2349,"count":267008,"owner":"garden-stage/schema-families:Garden"}
REFERENCE_PROGRESS {"event":"file_book.definition","elapsedMs":2349,"count":267264,"owner":"garden-stage/query:each_field~14"}
REFERENCE_PROGRESS {"event":"file_book.definition","elapsedMs":2350,"count":267520,"owner":"garden-stage/schema-families:Garden"}
REFERENCE_PROGRESS {"event":"file_book.definition","elapsedMs":2350,"count":267776,"owner":"garden-stage/full-consumer:Snapshot"}
REFERENCE_PROGRESS {"event":"file_book.definition","elapsedMs":2350,"count":268032,"owner":"garden-stage/schema-families:Garden"}
REFERENCE_PROGRESS {"event":"file_book.definition","elapsedMs":2350,"count":268288,"owner":"garden-stage/schema-families:Garden"}
REFERENCE_PROGRESS {"event":"file_book.definition","elapsedMs":2351,"count":268544,"owner":"garden-stage/schema-families:Garden"}
REFERENCE_PROGRESS {"event":"file_book.definition","elapsedMs":2351,"count":268800,"owner":"Unit"}
REFERENCE_PROGRESS {"event":"file_book.definition","elapsedMs":2351,"count":269056,"owner":"garden-stage/runtime-named-declarations:ValueContradictory"}
REFERENCE_PROGRESS {"event":"file_book.definition","elapsedMs":2351,"count":269312,"owner":"garden-stage/owner-carrier:CheckOwner"}
REFERENCE_PROGRESS {"event":"file_book.definition","elapsedMs":2351,"count":269568,"owner":"garden-stage/schema-families:Garden"}
REFERENCE_PROGRESS {"event":"file_book.definition","elapsedMs":2351,"count":269824,"owner":"garden-stage/schema-families:Garden"}
REFERENCE_PROGRESS {"event":"file_book.definition","elapsedMs":2352,"count":270080,"owner":"String"}
REFERENCE_PROGRESS {"event":"file_book.definition","elapsedMs":2352,"count":270336,"owner":"garden-stage/selection:constrained~13"}
REFERENCE_PROGRESS {"event":"file_book.definition","elapsedMs":2352,"count":270592,"owner":"Bool"}
REFERENCE_PROGRESS {"event":"file_book.definition","elapsedMs":2352,"count":270848,"owner":"garden-stage/schema-families:Store"}
REFERENCE_PROGRESS {"event":"file_book.definition","elapsedMs":2352,"count":271104,"owner":"garden-stage/selection:Product"}
REFERENCE_PROGRESS {"event":"file_book.definition","elapsedMs":2352,"count":271360,"owner":"garden-stage/runtime-owners:Resource"}
REFERENCE_PROGRESS {"event":"file_book.definition","elapsedMs":2352,"count":271616,"owner":"garden-stage/runtime-owners:Resource"}
REFERENCE_PROGRESS {"event":"file_book.definition","elapsedMs":2352,"count":271872,"owner":"garden-stage/core-v1/src/ecs/inspector:Frame"}
REFERENCE_PROGRESS {"event":"file_book.definition","elapsedMs":2352,"count":272128,"owner":"garden-stage/schema-families:Store"}
REFERENCE_PROGRESS {"event":"file_book.definition","elapsedMs":2353,"count":272384,"owner":"garden-stage/schema-families:Garden"}
REFERENCE_PROGRESS {"event":"file_book.definition","elapsedMs":2353,"count":272640,"owner":"garden-stage/schema-families:Store"}
REFERENCE_PROGRESS {"event":"file_book.definition","elapsedMs":2353,"count":272896,"owner":"garden-stage/schema-families:Garden"}
REFERENCE_PROGRESS {"event":"file_book.definition","elapsedMs":2353,"count":273152,"owner":"garden-stage/schema-families:Garden"}
REFERENCE_PROGRESS {"event":"file_book.definition","elapsedMs":2353,"count":273408,"owner":"String"}
REFERENCE_PROGRESS {"event":"file_book.definition","elapsedMs":2353,"count":273664,"owner":"List"}
REFERENCE_PROGRESS {"event":"file_book.definition","elapsedMs":2353,"count":273920,"owner":"garden-stage/runtime-named-declarations:ValueEmpty"}
REFERENCE_PROGRESS {"event":"file_book.definition","elapsedMs":2354,"count":274176,"owner":"garden-stage/runtime-owners:Resource"}
REFERENCE_PROGRESS {"event":"file_book.definition","elapsedMs":2354,"count":274432,"owner":"garden-stage/schema-families:Garden"}
REFERENCE_PROGRESS {"event":"file_book.definition","elapsedMs":2354,"count":274688,"owner":"garden-stage/runtime-owners:Resource"}
REFERENCE_PROGRESS {"event":"file_book.definition","elapsedMs":2354,"count":274944,"owner":"garden-stage/schema-families:Garden"}
REFERENCE_PROGRESS {"event":"file_book.definition","elapsedMs":2354,"count":275200,"owner":"garden-stage/runtime-owners:Resource"}
REFERENCE_PROGRESS {"event":"file_book.definition","elapsedMs":2355,"count":275456,"owner":"Result"}
REFERENCE_PROGRESS {"event":"file_book.definition","elapsedMs":2355,"count":275712,"owner":"garden-stage/schema-families:Store"}
REFERENCE_PROGRESS {"event":"file_book.definition","elapsedMs":2355,"count":275968,"owner":"garden-stage/schema-families:Garden"}
REFERENCE_PROGRESS {"event":"file_book.definition","elapsedMs":2355,"count":276224,"owner":"garden-stage/runtime-owners:Resource"}
REFERENCE_PROGRESS {"event":"file_book.definition","elapsedMs":2356,"count":276480,"owner":"garden-stage/schema-families:Garden"}
REFERENCE_PROGRESS {"event":"file_book.definition","elapsedMs":2356,"count":276736,"owner":"garden-stage/runtime-owners:Resource"}
REFERENCE_PROGRESS {"event":"file_book.definition","elapsedMs":2356,"count":276992,"owner":"garden-stage/schema-families:Garden"}
REFERENCE_PROGRESS {"event":"file_book.definition","elapsedMs":2356,"count":277248,"owner":"garden-stage/runtime-owners:Resource"}
REFERENCE_PROGRESS {"event":"file_book.definition","elapsedMs":2356,"count":277504,"owner":"Result"}
REFERENCE_PROGRESS {"event":"file_book.definition","elapsedMs":2356,"count":277760,"owner":"garden-stage/schema-families:Store"}
REFERENCE_PROGRESS {"event":"file_book.definition","elapsedMs":2357,"count":278016,"owner":"garden-stage/schema-families:Garden"}
REFERENCE_PROGRESS {"event":"file_book.definition","elapsedMs":2357,"count":278272,"owner":"garden-stage/runtime-owners:Resource"}
REFERENCE_PROGRESS {"event":"file_book.definition","elapsedMs":2357,"count":278528,"owner":"Sigma"}
REFERENCE_PROGRESS {"event":"file_book.definition","elapsedMs":2357,"count":278784,"owner":"garden-stage/runtime-owners:Resource"}
REFERENCE_PROGRESS {"event":"file_book.definition","elapsedMs":2357,"count":279040,"owner":"garden-stage/schema-families:Garden"}
REFERENCE_PROGRESS {"event":"file_book.definition","elapsedMs":2358,"count":279296,"owner":"garden-stage/runtime-owners:Resource"}
REFERENCE_PROGRESS {"event":"file_book.definition","elapsedMs":2358,"count":279552,"owner":"garden-stage/schema-families:Garden"}
REFERENCE_PROGRESS {"event":"file_book.definition","elapsedMs":2358,"count":279808,"owner":"garden-stage/schema-families:Store"}
REFERENCE_PROGRESS {"event":"file_book.definition","elapsedMs":2359,"count":280064,"owner":"garden-stage/schema-families:Garden"}
REFERENCE_PROGRESS {"event":"file_book.definition","elapsedMs":2359,"count":280320,"owner":"garden-stage/runtime-owners:Resource"}
REFERENCE_PROGRESS {"event":"file_book.definition","elapsedMs":2359,"count":280576,"owner":"List"}
REFERENCE_PROGRESS {"event":"file_book.definition","elapsedMs":2359,"count":280832,"owner":"garden-stage/full-consumer:after_single~7"}
REFERENCE_PROGRESS {"event":"file_book.definition","elapsedMs":2360,"count":281088,"owner":"garden-stage/full-consumer:fetch_target~7"}
REFERENCE_PROGRESS {"event":"file_book.definition","elapsedMs":2360,"count":281344,"owner":"garden-stage/runtime-owners:Resource"}
REFERENCE_PROGRESS {"event":"file_book.definition","elapsedMs":2360,"count":281600,"owner":"garden-stage/runtime-named-declarations:ValueContradictory"}
REFERENCE_PROGRESS {"event":"file_book.definition","elapsedMs":2360,"count":281856,"owner":"garden-stage/runtime-owners:Resource"}
REFERENCE_PROGRESS {"event":"file_book.definition","elapsedMs":2361,"count":282112,"owner":"garden-stage/schema-families:Garden"}
REFERENCE_PROGRESS {"event":"file_book.definition","elapsedMs":2361,"count":282368,"owner":"garden-stage/runtime-owners:Resource"}
REFERENCE_PROGRESS {"event":"file_book.definition","elapsedMs":2361,"count":282624,"owner":"garden-stage/schema-families:Garden"}
REFERENCE_PROGRESS {"event":"file_book.definition","elapsedMs":2362,"count":282880,"owner":"garden-stage/runtime-named-declarations:ValueOptionalFour"}
REFERENCE_PROGRESS {"event":"file_book.definition","elapsedMs":2362,"count":283136,"owner":"Sigma"}
REFERENCE_PROGRESS {"event":"file_book.definition","elapsedMs":2362,"count":283392,"owner":"garden-stage/schema-families:Garden"}
REFERENCE_PROGRESS {"event":"file_book.definition","elapsedMs":2362,"count":283648,"owner":"List"}
REFERENCE_PROGRESS {"event":"file_book.definition","elapsedMs":2362,"count":283904,"owner":"garden-stage/schema-families:Garden"}
REFERENCE_PROGRESS {"event":"file_book.definition","elapsedMs":2362,"count":284160,"owner":"garden-stage/runtime-owners:Resource"}
REFERENCE_PROGRESS {"event":"file_book.definition","elapsedMs":2363,"count":284416,"owner":"garden-stage/runtime-named-declarations:ValueRepeatedAdded"}
REFERENCE_PROGRESS {"event":"file_book.definition","elapsedMs":2364,"count":284672,"owner":"garden-stage/runtime-owners:Resource"}
REFERENCE_PROGRESS {"event":"file_book.definition","elapsedMs":2364,"count":284928,"owner":"garden-stage/full-consumer:Snapshot"}
REFERENCE_PROGRESS {"event":"file_book.definition","elapsedMs":2365,"count":285184,"owner":"Sigma"}
REFERENCE_PROGRESS {"event":"file_book.definition","elapsedMs":2365,"count":285440,"owner":"garden-stage/owner-carrier:CheckOwner"}
REFERENCE_PROGRESS {"event":"file_book.definition","elapsedMs":2365,"count":285696,"owner":"garden-stage/owner-carrier:CheckOwner"}
REFERENCE_PROGRESS {"event":"file_book.definition","elapsedMs":2366,"count":285952,"owner":"garden-stage/schema-families:Garden"}
REFERENCE_PROGRESS {"event":"file_book.definition","elapsedMs":2366,"count":286208,"owner":"garden-stage/schema-families:Garden"}
REFERENCE_PROGRESS {"event":"file_book.definition","elapsedMs":2366,"count":286464,"owner":"garden-stage/owner-carrier:CheckOwner"}
REFERENCE_PROGRESS {"event":"file_book.definition","elapsedMs":2366,"count":286720,"owner":"garden-stage/query:Row"}
REFERENCE_PROGRESS {"event":"file_book.definition","elapsedMs":2367,"count":286976,"owner":"garden-stage/schema-families:Garden"}
REFERENCE_PROGRESS {"event":"file_book.definition","elapsedMs":2367,"count":287232,"owner":"garden-stage/owner-carrier:CheckOwner"}
REFERENCE_PROGRESS {"event":"file_book.definition","elapsedMs":2367,"count":287488,"owner":"garden-stage/schema-families:Garden"}
REFERENCE_PROGRESS {"event":"file_book.definition","elapsedMs":2368,"count":287744,"owner":"garden-stage/core-v1/src/ecs/check:Frame"}
REFERENCE_PROGRESS {"event":"file_book.definition","elapsedMs":2368,"count":288000,"owner":"garden-stage/owner-carrier:CheckOwner"}
REFERENCE_PROGRESS {"event":"file_book.definition","elapsedMs":2368,"count":288256,"owner":"garden-stage/schema-families:Garden"}
REFERENCE_PROGRESS {"event":"file_book.definition","elapsedMs":2368,"count":288512,"owner":"garden-stage/schema-families:Store"}
REFERENCE_PROGRESS {"event":"file_book.definition","elapsedMs":2369,"count":288768,"owner":"garden-stage/owner-carrier:CheckOwner"}
REFERENCE_PROGRESS {"event":"file_book.definition","elapsedMs":2369,"count":289024,"owner":"garden-stage/schema-families:Garden"}
REFERENCE_PROGRESS {"event":"file_book.definition","elapsedMs":2370,"count":289280,"owner":"garden-stage/schema-families:Garden"}
REFERENCE_PROGRESS {"event":"file_book.definition","elapsedMs":2371,"count":289536,"owner":"garden-stage/query:Row"}
REFERENCE_PROGRESS {"event":"file_book.definition","elapsedMs":2372,"count":289792,"owner":"garden-stage/schema-families:Garden"}
REFERENCE_PROGRESS {"event":"file_book.definition","elapsedMs":2372,"count":290048,"owner":"garden-stage/schema-families:Garden"}
REFERENCE_PROGRESS {"event":"file_book.definition","elapsedMs":2372,"count":290304,"owner":"garden-stage/schema-families:Store"}
REFERENCE_PROGRESS {"event":"file_book.definition","elapsedMs":2373,"count":290560,"owner":"garden-stage/runtime-named-declarations:ValueRepeated"}
REFERENCE_PROGRESS {"event":"file_book.definition","elapsedMs":2373,"count":290816,"owner":"Sigma"}
REFERENCE_PROGRESS {"event":"file_book.definition","elapsedMs":2373,"count":291072,"owner":"garden-stage/core-v1/src/ecs/check:Frame"}
REFERENCE_PROGRESS {"event":"file_book.definition","elapsedMs":2374,"count":291328,"owner":"garden-stage/schema-families:Garden"}
REFERENCE_PROGRESS {"event":"file_book.definition","elapsedMs":2374,"count":291584,"owner":"garden-stage/runtime-owners:Resource"}
REFERENCE_PROGRESS {"event":"file_book.definition","elapsedMs":2374,"count":291840,"owner":"garden-stage/runtime-owners:Resource"}
REFERENCE_PROGRESS {"event":"file_book.definition","elapsedMs":2389,"count":292096,"owner":"Sigma"}
REFERENCE_PROGRESS {"event":"file_book.definition","elapsedMs":2390,"count":292352,"owner":"garden-stage/schema-families:Garden"}
REFERENCE_PROGRESS {"event":"file_book.definition","elapsedMs":2390,"count":292608,"owner":"Sigma"}
REFERENCE_PROGRESS {"event":"file_book.definition","elapsedMs":2390,"count":292864,"owner":"garden-stage/schema-families:Garden"}
REFERENCE_PROGRESS {"event":"file_book.definition","elapsedMs":2390,"count":293120,"owner":"garden-stage/schema-families:Store"}
REFERENCE_PROGRESS {"event":"file_book.definition","elapsedMs":2391,"count":293376,"owner":"garden-stage/selection:Selection"}
REFERENCE_PROGRESS {"event":"file_book.definition","elapsedMs":2391,"count":293632,"owner":"garden-stage/schema-families:Garden"}
REFERENCE_PROGRESS {"event":"file_book.definition","elapsedMs":2391,"count":293888,"owner":"garden-stage/schema-families:Store"}
REFERENCE_PROGRESS {"event":"file_book.definition","elapsedMs":2391,"count":294144,"owner":"garden-stage/schema-families:Garden"}
REFERENCE_PROGRESS {"event":"file_book.definition","elapsedMs":2392,"count":294400,"owner":"Sigma"}
REFERENCE_PROGRESS {"event":"file_book.definition","elapsedMs":2392,"count":294656,"owner":"garden-stage/selection:pair_matches_target~31"}
REFERENCE_PROGRESS {"event":"file_book.definition","elapsedMs":2392,"count":294912,"owner":"garden-stage/full-consumer:Snapshot"}
REFERENCE_PROGRESS {"event":"file_book.definition","elapsedMs":2392,"count":295168,"owner":"garden-stage/core-v1/src/ecs/check:Frame"}
REFERENCE_PROGRESS {"event":"file_book.definition","elapsedMs":2392,"count":295424,"owner":"garden-stage/schema-families:Garden"}
REFERENCE_PROGRESS {"event":"file_book.definition","elapsedMs":2392,"count":295680,"owner":"garden-stage/core-v1/src/ecs/check:Frame"}
REFERENCE_PROGRESS {"event":"file_book.definition","elapsedMs":2392,"count":295936,"owner":"garden-stage/owner-carrier:CheckOwner"}
REFERENCE_PROGRESS {"event":"file_book.definition","elapsedMs":2393,"count":296192,"owner":"garden-stage/query:WorldRead"}
REFERENCE_PROGRESS {"event":"file_book.definition","elapsedMs":2393,"count":296448,"owner":"garden-stage/core-v1/src/ecs/world:Handle"}
REFERENCE_PROGRESS {"event":"file_book.definition","elapsedMs":2393,"count":296704,"owner":"garden-stage/schema-families:Garden"}
REFERENCE_PROGRESS {"event":"file_book.definition","elapsedMs":2393,"count":296960,"owner":"Sigma"}
REFERENCE_PROGRESS {"event":"file_book.definition","elapsedMs":2393,"count":297216,"owner":"garden-stage/runtime-owners:Resource"}
REFERENCE_PROGRESS {"event":"file_book.definition","elapsedMs":2394,"count":297472,"owner":"garden-stage/query:ScanResult"}
REFERENCE_PROGRESS {"event":"file_book.definition","elapsedMs":2394,"count":297728,"owner":"garden-stage/core-v1/src/ecs/world:Handle"}
REFERENCE_PROGRESS {"event":"file_book.definition","elapsedMs":2394,"count":297984,"owner":"garden-stage/owner-carrier:CheckOwner"}
REFERENCE_PROGRESS {"event":"file_book.definition","elapsedMs":2394,"count":298240,"owner":"garden-stage/core-v1/src/ecs/check:Frame"}
REFERENCE_PROGRESS {"event":"file_book.definition","elapsedMs":2394,"count":298496,"owner":"garden-stage/schema-families:Store"}
REFERENCE_PROGRESS {"event":"file_book.definition","elapsedMs":2394,"count":298752,"owner":"garden-stage/schema-families:Garden"}
REFERENCE_PROGRESS {"event":"file_book.definition","elapsedMs":2394,"count":299008,"owner":"garden-stage/schema-families:Garden"}
REFERENCE_PROGRESS {"event":"file_book.definition","elapsedMs":2394,"count":299264,"owner":"garden-stage/schema-families:Garden"}
REFERENCE_PROGRESS {"event":"file_book.definition","elapsedMs":2395,"count":299520,"owner":"garden-stage/runtime-named-declarations:ValueFiveAlias"}
REFERENCE_PROGRESS {"event":"file_book.definition","elapsedMs":2395,"count":299776,"owner":"garden-stage/schema-families:Garden"}
REFERENCE_PROGRESS {"event":"file_book.definition","elapsedMs":2395,"count":300032,"owner":"garden-stage/schema-families:Garden"}
REFERENCE_PROGRESS {"event":"file_book.definition","elapsedMs":2395,"count":300288,"owner":"garden-stage/schema-families:Garden"}
REFERENCE_PROGRESS {"event":"file_book.definition","elapsedMs":2395,"count":300544,"owner":"garden-stage/runtime-named-declarations:ValueFiveAlias"}
REFERENCE_PROGRESS {"event":"file_book.definition","elapsedMs":2395,"count":300800,"owner":"garden-stage/schema-families:Garden"}
REFERENCE_PROGRESS {"event":"file_book.definition","elapsedMs":2395,"count":301056,"owner":"garden-stage/full-consumer:Snapshot"}
REFERENCE_PROGRESS {"event":"file_book.definition","elapsedMs":2395,"count":301312,"owner":"garden-stage/runtime-owners:Resource"}
REFERENCE_PROGRESS {"event":"file_book.definition","elapsedMs":2395,"count":301568,"owner":"garden-stage/schema-families:Garden"}
REFERENCE_PROGRESS {"event":"file_book.definition","elapsedMs":2395,"count":301824,"owner":"Sigma"}
REFERENCE_PROGRESS {"event":"file_book.definition","elapsedMs":2395,"count":302080,"owner":"garden-stage/runtime-named-declarations:ValueWithWithout"}
REFERENCE_PROGRESS {"event":"file_book.definition","elapsedMs":2396,"count":302336,"owner":"garden-stage/schema-families:Garden"}
REFERENCE_PROGRESS {"event":"file_book.definition","elapsedMs":2396,"count":302592,"owner":"garden-stage/schema-families:Garden"}
REFERENCE_PROGRESS {"event":"file_book.definition","elapsedMs":2396,"count":302848,"owner":"garden-stage/core-v1/src/ecs/inspector-query:SingleError"}
REFERENCE_PROGRESS {"event":"file_book.definition","elapsedMs":2396,"count":303104,"owner":"garden-stage/core-v1/src/ecs/check:Frame"}
REFERENCE_PROGRESS {"event":"file_book.definition","elapsedMs":2396,"count":303360,"owner":"garden-stage/query:ScanResult"}
REFERENCE_PROGRESS {"event":"file_book.definition","elapsedMs":2396,"count":303616,"owner":"garden-stage/schema-families:Garden"}
REFERENCE_PROGRESS {"event":"file_book.definition","elapsedMs":2397,"count":303872,"owner":"garden-stage/schema-families:Garden"}
REFERENCE_PROGRESS {"event":"file_book.definition","elapsedMs":2397,"count":304128,"owner":"Maybe"}
REFERENCE_PROGRESS {"event":"file_book.definition","elapsedMs":2397,"count":304384,"owner":"Sigma"}
REFERENCE_PROGRESS {"event":"file_book.definition","elapsedMs":2397,"count":304640,"owner":"garden-stage/schema-families:Garden"}
REFERENCE_PROGRESS {"event":"file_book.definition","elapsedMs":2397,"count":304896,"owner":"garden-stage/schema-families:Garden"}
REFERENCE_PROGRESS {"event":"file_book.definition","elapsedMs":2397,"count":305152,"owner":"garden-stage/schema-families:Garden"}
REFERENCE_PROGRESS {"event":"file_book.definition","elapsedMs":2397,"count":305408,"owner":"garden-stage/schema-families:Garden"}
REFERENCE_PROGRESS {"event":"file_book.definition","elapsedMs":2397,"count":305664,"owner":"garden-stage/runtime-named-declarations:ValueRepeated"}
REFERENCE_PROGRESS {"event":"file_book.definition","elapsedMs":2397,"count":305920,"owner":"garden-stage/schema-families:Store"}
REFERENCE_PROGRESS {"event":"file_book.definition","elapsedMs":2397,"count":306176,"owner":"garden-stage/schema-families:Garden"}
REFERENCE_PROGRESS {"event":"file_book.definition","elapsedMs":2397,"count":306432,"owner":"garden-stage/schema-families:Garden"}
REFERENCE_PROGRESS {"event":"file_book.definition","elapsedMs":2398,"count":306688,"owner":"garden-stage/core-v1/src/ecs/world:Handle"}
REFERENCE_PROGRESS {"event":"file_book.definition","elapsedMs":2398,"count":306944,"owner":"garden-stage/runtime-named-declarations:ValueContradictory"}
REFERENCE_PROGRESS {"event":"file_book.definition","elapsedMs":2398,"count":307200,"owner":"garden-stage/schema-families:Garden"}
REFERENCE_PROGRESS {"event":"file_book.definition","elapsedMs":2398,"count":307456,"owner":"garden-stage/schema-families:Garden"}
REFERENCE_PROGRESS {"event":"file_book.definition","elapsedMs":2398,"count":307712,"owner":"Sigma"}
REFERENCE_PROGRESS {"event":"file_book.definition","elapsedMs":2398,"count":307968,"owner":"garden-stage/selection:Selection"}
REFERENCE_PROGRESS {"event":"file_book.definition","elapsedMs":2398,"count":308224,"owner":"garden-stage/core-v1/src/ecs/inspector:Frame"}
REFERENCE_PROGRESS {"event":"file_book.definition","elapsedMs":2399,"count":308480,"owner":"garden-stage/schema-families:Store"}
REFERENCE_PROGRESS {"event":"file_book.definition","elapsedMs":2399,"count":308736,"owner":"garden-stage/schema-families:Garden"}
REFERENCE_PROGRESS {"event":"file_book.definition","elapsedMs":2399,"count":308992,"owner":"garden-stage/selection:Product"}
REFERENCE_PROGRESS {"event":"file_book.definition","elapsedMs":2399,"count":309248,"owner":"garden-stage/core-v1/src/ecs/component:Access"}
REFERENCE_PROGRESS {"event":"file_book.definition","elapsedMs":2399,"count":309504,"owner":"garden-stage/schema-families:Garden"}
REFERENCE_PROGRESS {"event":"file_book.definition","elapsedMs":2400,"count":309760,"owner":"garden-stage/runtime-owners:Resource"}
REFERENCE_PROGRESS {"event":"file_book.definition","elapsedMs":2400,"count":310016,"owner":"garden-stage/schema-families:Garden"}
REFERENCE_PROGRESS {"event":"file_book.definition","elapsedMs":2400,"count":310272,"owner":"Bool"}
REFERENCE_PROGRESS {"event":"file_book.definition","elapsedMs":2400,"count":310528,"owner":"garden-stage/core-v1/src/ecs/inspector:Frame"}
REFERENCE_PROGRESS {"event":"file_book.definition","elapsedMs":2400,"count":310784,"owner":"garden-stage/core-v1/src/ecs/world:Handle"}
REFERENCE_PROGRESS {"event":"file_book.definition","elapsedMs":2400,"count":311040,"owner":"garden-stage/runtime-owners:Resource"}
REFERENCE_PROGRESS {"event":"file_book.definition","elapsedMs":2400,"count":311296,"owner":"garden-stage/schema-families:Garden"}
REFERENCE_PROGRESS {"event":"file_book.definition","elapsedMs":2400,"count":311552,"owner":"garden-stage/schema-families:Garden"}
REFERENCE_PROGRESS {"event":"file_book.definition","elapsedMs":2401,"count":311808,"owner":"garden-stage/runtime-named-declarations:ValueEmpty"}
REFERENCE_PROGRESS {"event":"file_book.definition","elapsedMs":2401,"count":312064,"owner":"garden-stage/runtime-named-declarations:ValueEmpty"}
REFERENCE_PROGRESS {"event":"file_book.definition","elapsedMs":2401,"count":312320,"owner":"Bool"}
REFERENCE_PROGRESS {"event":"file_book.definition","elapsedMs":2401,"count":312576,"owner":"garden-stage/schema-families:Garden"}
REFERENCE_PROGRESS {"event":"file_book.definition","elapsedMs":2401,"count":312832,"owner":"garden-stage/schema-families:Garden"}
REFERENCE_PROGRESS {"event":"file_book.definition","elapsedMs":2401,"count":313088,"owner":"garden-stage/core-v1/src/ecs/inspector-query:LookupError"}
REFERENCE_PROGRESS {"event":"file_book.definition","elapsedMs":2402,"count":313344,"owner":"garden-stage/query:ReadQuery"}
REFERENCE_PROGRESS {"event":"file_book.definition","elapsedMs":2402,"count":313600,"owner":"List"}
REFERENCE_PROGRESS {"event":"file_book.definition","elapsedMs":2402,"count":313856,"owner":"garden-stage/schema-families:Garden"}
REFERENCE_PROGRESS {"event":"file_book.definition","elapsedMs":2402,"count":314112,"owner":"garden-stage/core-v1/src/ecs/world:Handle"}
REFERENCE_PROGRESS {"event":"file_book.definition","elapsedMs":2402,"count":314368,"owner":"Sigma"}
REFERENCE_PROGRESS {"event":"file_book.definition","elapsedMs":2402,"count":314624,"owner":"garden-stage/schema-families:Garden"}
REFERENCE_PROGRESS {"event":"file_book.definition","elapsedMs":2402,"count":314880,"owner":"garden-stage/schema-families:Garden"}
REFERENCE_PROGRESS {"event":"file_book.definition","elapsedMs":2403,"count":315136,"owner":"Sigma"}
REFERENCE_PROGRESS {"event":"file_book.definition","elapsedMs":2403,"count":315392,"owner":"garden-stage/runtime-owners:Resource"}
REFERENCE_PROGRESS {"event":"file_book.definition","elapsedMs":2403,"count":315648,"owner":"List"}
REFERENCE_PROGRESS {"event":"file_book.definition","elapsedMs":2403,"count":315904,"owner":"garden-stage/core-v1/src/ecs/world:Handle"}
REFERENCE_PROGRESS {"event":"file_book.definition","elapsedMs":2403,"count":316160,"owner":"Sigma"}
REFERENCE_PROGRESS {"event":"file_book.definition","elapsedMs":2403,"count":316416,"owner":"Sigma"}
REFERENCE_PROGRESS {"event":"file_book.definition","elapsedMs":2403,"count":316672,"owner":"garden-stage/owner-carrier:CheckOwner"}
REFERENCE_PROGRESS {"event":"file_book.definition","elapsedMs":2403,"count":316928,"owner":"garden-stage/core-v1/src/ecs/inspector-query:LookupError"}
REFERENCE_PROGRESS {"event":"file_book.definition","elapsedMs":2403,"count":317184,"owner":"garden-stage/query:ReadQuery"}
REFERENCE_PROGRESS {"event":"file_book.definition","elapsedMs":2403,"count":317440,"owner":"List"}
REFERENCE_PROGRESS {"event":"file_book.definition","elapsedMs":2404,"count":317696,"owner":"garden-stage/schema-families:Garden"}
REFERENCE_PROGRESS {"event":"file_book.definition","elapsedMs":2404,"count":317952,"owner":"garden-stage/core-v1/src/ecs/world:Handle"}
REFERENCE_PROGRESS {"event":"file_book.definition","elapsedMs":2404,"count":318208,"owner":"Sigma"}
REFERENCE_PROGRESS {"event":"file_book.definition","elapsedMs":2404,"count":318464,"owner":"garden-stage/schema-families:Garden"}
REFERENCE_PROGRESS {"event":"file_book.definition","elapsedMs":2404,"count":318720,"owner":"garden-stage/schema-families:Garden"}
REFERENCE_PROGRESS {"event":"file_book.definition","elapsedMs":2404,"count":318976,"owner":"Sigma"}
REFERENCE_PROGRESS {"event":"file_book.definition","elapsedMs":2404,"count":319232,"owner":"garden-stage/runtime-owners:Resource"}
REFERENCE_PROGRESS {"event":"file_book.definition","elapsedMs":2404,"count":319488,"owner":"List"}
REFERENCE_PROGRESS {"event":"file_book.definition","elapsedMs":2405,"count":319744,"owner":"garden-stage/core-v1/src/ecs/world:Handle"}
REFERENCE_PROGRESS {"event":"file_book.definition","elapsedMs":2405,"count":320000,"owner":"Sigma"}
REFERENCE_PROGRESS {"event":"file_book.definition","elapsedMs":2405,"count":320256,"owner":"Sigma"}
REFERENCE_PROGRESS {"event":"file_book.definition","elapsedMs":2405,"count":320512,"owner":"garden-stage/owner-carrier:CheckOwner"}
REFERENCE_PROGRESS {"event":"file_book.definition","elapsedMs":2405,"count":320768,"owner":"garden-stage/core-v1/src/ecs/inspector-query:LookupError"}
REFERENCE_PROGRESS {"event":"file_book.definition","elapsedMs":2405,"count":321024,"owner":"garden-stage/schema-families:Garden"}
REFERENCE_PROGRESS {"event":"file_book.definition","elapsedMs":2405,"count":321280,"owner":"garden-stage/schema-families:Garden"}
REFERENCE_PROGRESS {"event":"file_book.definition","elapsedMs":2406,"count":321536,"owner":"garden-stage/core-v1/src/ecs/component:Access"}
REFERENCE_PROGRESS {"event":"file_book.definition","elapsedMs":2406,"count":321792,"owner":"garden-stage/schema-families:Store"}
REFERENCE_PROGRESS {"event":"file_book.definition","elapsedMs":2406,"count":322048,"owner":"garden-stage/schema-families:Garden"}
REFERENCE_PROGRESS {"event":"file_book.definition","elapsedMs":2407,"count":322304,"owner":"garden-stage/schema-families:Garden"}
REFERENCE_PROGRESS {"event":"file_book.definition","elapsedMs":2407,"count":322560,"owner":"garden-stage/core-v1/src/ecs/component:Access"}
REFERENCE_PROGRESS {"event":"file_book.definition","elapsedMs":2407,"count":322816,"owner":"garden-stage/core-v1/src/ecs/inspector:Frame"}
REFERENCE_PROGRESS {"event":"file_book.definition","elapsedMs":2407,"count":323072,"owner":"garden-stage/core-v1/src/ecs/inspector:Frame"}
REFERENCE_PROGRESS {"event":"file_book.definition","elapsedMs":2408,"count":323328,"owner":"garden-stage/schema-families:Garden"}
REFERENCE_PROGRESS {"event":"file_book.definition","elapsedMs":2408,"count":323584,"owner":"garden-stage/schema-families:Garden"}
REFERENCE_PROGRESS {"event":"file_book.definition","elapsedMs":2408,"count":323840,"owner":"Bool"}
REFERENCE_PROGRESS {"event":"file_book.definition","elapsedMs":2408,"count":324096,"owner":"garden-stage/schema-families:Garden"}
REFERENCE_PROGRESS {"event":"file_book.definition","elapsedMs":2408,"count":324352,"owner":"garden-stage/core-v1/src/ecs/check:Frame"}
REFERENCE_PROGRESS {"event":"file_book.definition","elapsedMs":2408,"count":324608,"owner":"Bool"}
REFERENCE_PROGRESS {"event":"file_book.definition","elapsedMs":2408,"count":324864,"owner":"garden-stage/schema-families:Garden"}
REFERENCE_PROGRESS {"event":"file_book.definition","elapsedMs":2408,"count":325120,"owner":"garden-stage/owner-carrier:CheckOwner"}
REFERENCE_PROGRESS {"event":"file_book.definition","elapsedMs":2409,"count":325376,"owner":"garden-stage/owner-carrier:CheckOwner"}
REFERENCE_PROGRESS {"event":"file_book.definition","elapsedMs":2409,"count":325632,"owner":"garden-stage/owner-carrier:CheckOwner"}
REFERENCE_PROGRESS {"event":"file_book.definition","elapsedMs":2409,"count":325888,"owner":"Sigma"}
REFERENCE_PROGRESS {"event":"file_book.definition","elapsedMs":2409,"count":326144,"owner":"garden-stage/runtime-named-declarations:ValueFiveAlias"}
REFERENCE_PROGRESS {"event":"file_book.definition","elapsedMs":2409,"count":326400,"owner":"garden-stage/runtime-owners:Resource"}
REFERENCE_PROGRESS {"event":"file_book.definition","elapsedMs":2409,"count":326656,"owner":"garden-stage/owner-carrier:CheckOwner"}
REFERENCE_PROGRESS {"event":"file_book.definition","elapsedMs":2409,"count":326912,"owner":"garden-stage/schema-families:Garden"}
REFERENCE_PROGRESS {"event":"file_book.definition","elapsedMs":2409,"count":327168,"owner":"garden-stage/schema-families:Garden"}
REFERENCE_PROGRESS {"event":"file_book.definition","elapsedMs":2410,"count":327424,"owner":"garden-stage/runtime-named-declarations:ValueMultipleWith"}
REFERENCE_PROGRESS {"event":"file_book.definition","elapsedMs":2410,"count":327680,"owner":"garden-stage/runtime-named-declarations:ValueMultipleWith"}
REFERENCE_PROGRESS {"event":"file_book.definition","elapsedMs":2410,"count":327936,"owner":"garden-stage/schema-families:Garden"}
REFERENCE_PROGRESS {"event":"file_book.definition","elapsedMs":2410,"count":328192,"owner":"garden-stage/core-v1/src/ecs/world:Handle"}
REFERENCE_PROGRESS {"event":"file_book.definition","elapsedMs":2410,"count":328448,"owner":"garden-stage/owner-carrier:CheckOwner"}
REFERENCE_PROGRESS {"event":"file_book.definition","elapsedMs":2410,"count":328704,"owner":"garden-stage/schema-families:Garden"}
REFERENCE_PROGRESS {"event":"file_book.definition","elapsedMs":2410,"count":328960,"owner":"garden-stage/owner-carrier:CheckOwner"}
REFERENCE_PROGRESS {"event":"file_book.definition","elapsedMs":2410,"count":329216,"owner":"garden-stage/runtime-named-declarations:ValueRepeated"}
REFERENCE_PROGRESS {"event":"file_book.definition","elapsedMs":2410,"count":329472,"owner":"garden-stage/schema-families:Garden"}
REFERENCE_PROGRESS {"event":"file_book.definition","elapsedMs":2410,"count":329728,"owner":"garden-stage/schema-families:Garden"}
REFERENCE_PROGRESS {"event":"file_book.definition","elapsedMs":2410,"count":329984,"owner":"Sigma"}
REFERENCE_PROGRESS {"event":"file_book.definition","elapsedMs":2411,"count":330240,"owner":"garden-stage/schema-families:Garden"}
REFERENCE_PROGRESS {"event":"file_book.definition","elapsedMs":2411,"count":330496,"owner":"List"}
REFERENCE_PROGRESS {"event":"file_book.definition","elapsedMs":2411,"count":330752,"owner":"garden-stage/runtime-owners:Resource"}
REFERENCE_PROGRESS {"event":"file_book.definition","elapsedMs":2411,"count":331008,"owner":"garden-stage/schema-families:Garden"}
REFERENCE_PROGRESS {"event":"file_book.definition","elapsedMs":2411,"count":331264,"owner":"garden-stage/schema-families:Garden"}
REFERENCE_PROGRESS {"event":"file_book.definition","elapsedMs":2412,"count":331520,"owner":"garden-stage/selection:Product"}
REFERENCE_PROGRESS {"event":"file_book.definition","elapsedMs":2412,"count":331776,"owner":"garden-stage/core-v1/src/ecs/world:Handle"}
REFERENCE_PROGRESS {"event":"file_book.definition","elapsedMs":2412,"count":332032,"owner":"garden-stage/core-v1/src/ecs/inspector:Frame"}
REFERENCE_PROGRESS {"event":"file_book.definition","elapsedMs":2412,"count":332288,"owner":"garden-stage/core-v1/src/ecs/world:Handle"}
REFERENCE_PROGRESS {"event":"file_book.definition","elapsedMs":2412,"count":332544,"owner":"garden-stage/schema-families:Garden"}
REFERENCE_PROGRESS {"event":"file_book.definition","elapsedMs":2413,"count":332800,"owner":"garden-stage/runtime-owners:Resource"}
REFERENCE_PROGRESS {"event":"file_book.definition","elapsedMs":2413,"count":333056,"owner":"garden-stage/schema-families:Store"}
REFERENCE_PROGRESS {"event":"file_book.definition","elapsedMs":2413,"count":333312,"owner":"garden-stage/schema-families:Garden"}
REFERENCE_PROGRESS {"event":"file_book.definition","elapsedMs":2413,"count":333568,"owner":"garden-stage/schema-families:Garden"}
REFERENCE_PROGRESS {"event":"file_book.definition","elapsedMs":2413,"count":333824,"owner":"String"}
REFERENCE_PROGRESS {"event":"file_book.definition","elapsedMs":2413,"count":334080,"owner":"garden-stage/schema-families:Store"}
REFERENCE_PROGRESS {"event":"file_book.definition","elapsedMs":2413,"count":334336,"owner":"garden-stage/schema-families:Garden"}
REFERENCE_PROGRESS {"event":"file_book.definition","elapsedMs":2413,"count":334592,"owner":"garden-stage/schema-families:Garden"}
REFERENCE_PROGRESS {"event":"file_book.definition","elapsedMs":2414,"count":334848,"owner":"garden-stage/schema-families:Garden"}
REFERENCE_PROGRESS {"event":"file_book.definition","elapsedMs":2414,"count":335104,"owner":"garden-stage/schema-families:Garden"}
REFERENCE_PROGRESS {"event":"file_book.definition","elapsedMs":2433,"count":335360,"owner":"garden-stage/runtime-owners:Resource"}
REFERENCE_PROGRESS {"event":"file_book.definition","elapsedMs":2433,"count":335616,"owner":"garden-stage/schema-families:Garden"}
REFERENCE_PROGRESS {"event":"file_book.definition","elapsedMs":2434,"count":335872,"owner":"garden-stage/schema-families:Store"}
REFERENCE_PROGRESS {"event":"file_book.definition","elapsedMs":2434,"count":336128,"owner":"garden-stage/owner-carrier:CheckOwner"}
REFERENCE_PROGRESS {"event":"file_book.definition","elapsedMs":2434,"count":336384,"owner":"garden-stage/schema-families:Garden"}
REFERENCE_PROGRESS {"event":"file_book.definition","elapsedMs":2434,"count":336640,"owner":"Bool"}
REFERENCE_PROGRESS {"event":"file_book.definition","elapsedMs":2434,"count":336896,"owner":"garden-stage/schema-families:Garden"}
REFERENCE_PROGRESS {"event":"file_book.definition","elapsedMs":2434,"count":337152,"owner":"garden-stage/runtime-owners:Resource"}
REFERENCE_PROGRESS {"event":"file_book.definition","elapsedMs":2434,"count":337408,"owner":"garden-stage/core-v1/src/ecs/check:Frame"}
REFERENCE_PROGRESS {"event":"file_book.definition","elapsedMs":2434,"count":337664,"owner":"garden-stage/core-v1/src/ecs/check:Frame"}
REFERENCE_PROGRESS {"event":"file_book.definition","elapsedMs":2434,"count":337920,"owner":"garden-stage/schema-families:Garden"}
REFERENCE_PROGRESS {"event":"file_book.definition","elapsedMs":2434,"count":338176,"owner":"garden-stage/core-v1/src/ecs/inspector:Frame"}
REFERENCE_PROGRESS {"event":"file_book.definition","elapsedMs":2435,"count":338432,"owner":"garden-stage/schema-families:Garden"}
REFERENCE_PROGRESS {"event":"file_book.definition","elapsedMs":2436,"count":338688,"owner":"garden-stage/schema-families:Garden"}
REFERENCE_PROGRESS {"event":"file_book.definition","elapsedMs":2436,"count":338944,"owner":"garden-stage/selection:projected_left~15"}
REFERENCE_PROGRESS {"event":"file_book.definition","elapsedMs":2436,"count":339200,"owner":"garden-stage/runtime-owners:Resource"}
REFERENCE_PROGRESS {"event":"file_book.definition","elapsedMs":2436,"count":339456,"owner":"garden-stage/schema-families:Garden"}
REFERENCE_PROGRESS {"event":"file_book.definition","elapsedMs":2437,"count":339712,"owner":"garden-stage/schema-families:Garden"}
REFERENCE_PROGRESS {"event":"file_book.definition","elapsedMs":2437,"count":339968,"owner":"garden-stage/schema-families:Garden"}
REFERENCE_PROGRESS {"event":"file_book.definition","elapsedMs":2437,"count":340224,"owner":"garden-stage/runtime-owners:Resource"}
REFERENCE_PROGRESS {"event":"file_book.definition","elapsedMs":2437,"count":340480,"owner":"garden-stage/core-v1/src/ecs/inspector:Frame"}
REFERENCE_PROGRESS {"event":"file_book.definition","elapsedMs":2438,"count":340736,"owner":"garden-stage/schema-families:Garden"}
REFERENCE_PROGRESS {"event":"file_book.definition","elapsedMs":2438,"count":340992,"owner":"garden-stage/core-v1/src/ecs/compose:Selection"}
REFERENCE_PROGRESS {"event":"file_book.definition","elapsedMs":2438,"count":341248,"owner":"garden-stage/runtime-owners:Resource"}
REFERENCE_PROGRESS {"event":"file_book.definition","elapsedMs":2439,"count":341504,"owner":"garden-stage/schema-families:Garden"}
REFERENCE_PROGRESS {"event":"file_book.definition","elapsedMs":2439,"count":341760,"owner":"garden-stage/selection:Selection"}
REFERENCE_PROGRESS {"event":"type_adts.calls","elapsedMs":2439,"calls":524288,"owner":"garden-stage/runtime-declarations:check_requiredPair~0"}
REFERENCE_PROGRESS {"event":"file_book.definition","elapsedMs":2440,"count":342016,"owner":"garden-stage/selection:Selection"}
REFERENCE_PROGRESS {"event":"file_book.definition","elapsedMs":2441,"count":342272,"owner":"garden-stage/schema-families:Store"}
REFERENCE_PROGRESS {"event":"file_book.definition","elapsedMs":2441,"count":342528,"owner":"garden-stage/schema-families:Garden"}
REFERENCE_PROGRESS {"event":"file_book.definition","elapsedMs":2442,"count":342784,"owner":"garden-stage/runtime-owners:Resource"}
REFERENCE_PROGRESS {"event":"file_book.definition","elapsedMs":2442,"count":343040,"owner":"garden-stage/schema-families:Garden"}
REFERENCE_PROGRESS {"event":"file_book.definition","elapsedMs":2442,"count":343296,"owner":"garden-stage/schema-families:Store"}
REFERENCE_PROGRESS {"event":"file_book.definition","elapsedMs":2444,"count":343552,"owner":"garden-stage/schema-families:Garden"}
REFERENCE_PROGRESS {"event":"file_book.definition","elapsedMs":2445,"count":343808,"owner":"garden-stage/core-v1/src/ecs/component:Access"}
REFERENCE_PROGRESS {"event":"file_book.definition","elapsedMs":2445,"count":344064,"owner":"garden-stage/core-v1/src/ecs/world:Handle"}
REFERENCE_PROGRESS {"event":"file_book.definition","elapsedMs":2445,"count":344320,"owner":"garden-stage/schema-families:Store"}
REFERENCE_PROGRESS {"event":"file_book.definition","elapsedMs":2446,"count":344576,"owner":"garden-stage/core-v1/src/ecs/world:World"}
REFERENCE_PROGRESS {"event":"file_book.definition","elapsedMs":2446,"count":344832,"owner":"garden-stage/schema-families:Garden"}
REFERENCE_PROGRESS {"event":"file_book.definition","elapsedMs":2448,"count":345088,"owner":"garden-stage/selection:Product"}
REFERENCE_PROGRESS {"event":"file_book.definition","elapsedMs":2449,"count":345344,"owner":"garden-stage/selection:predicate_both~21"}
REFERENCE_PROGRESS {"event":"file_book.definition","elapsedMs":2449,"count":345600,"owner":"garden-stage/schema-families:Store"}
REFERENCE_PROGRESS {"event":"file_book.definition","elapsedMs":2449,"count":345856,"owner":"garden-stage/schema-families:Store"}
REFERENCE_PROGRESS {"event":"file_book.definition","elapsedMs":2449,"count":346112,"owner":"garden-stage/schema-families:Garden"}
REFERENCE_PROGRESS {"event":"file_book.definition","elapsedMs":2449,"count":346368,"owner":"garden-stage/core-v1/src/ecs/world:Handle"}
REFERENCE_PROGRESS {"event":"file_book.definition","elapsedMs":2450,"count":346624,"owner":"garden-stage/schema-families:Garden"}
REFERENCE_PROGRESS {"event":"file_book.definition","elapsedMs":2450,"count":346880,"owner":"garden-stage/schema-families:Garden"}
REFERENCE_PROGRESS {"event":"file_book.definition","elapsedMs":2450,"count":347136,"owner":"garden-stage/schema-families:Garden"}
REFERENCE_PROGRESS {"event":"file_book.definition","elapsedMs":2450,"count":347392,"owner":"Bool"}
REFERENCE_PROGRESS {"event":"file_book.definition","elapsedMs":2451,"count":347648,"owner":"garden-stage/schema-families:Store"}
REFERENCE_PROGRESS {"event":"file_book.definition","elapsedMs":2451,"count":347904,"owner":"garden-stage/schema-families:Garden"}
REFERENCE_PROGRESS {"event":"file_book.definition","elapsedMs":2452,"count":348160,"owner":"garden-stage/schema-families:Store"}
REFERENCE_PROGRESS {"event":"file_book.definition","elapsedMs":2452,"count":348416,"owner":"garden-stage/schema-families:Garden"}
REFERENCE_PROGRESS {"event":"file_book.definition","elapsedMs":2452,"count":348672,"owner":"garden-stage/schema-families:Garden"}
REFERENCE_PROGRESS {"event":"file_book.definition","elapsedMs":2452,"count":348928,"owner":"garden-stage/schema-families:Garden"}
REFERENCE_PROGRESS {"event":"file_book.definition","elapsedMs":2452,"count":349184,"owner":"garden-stage/schema-families:Garden"}
REFERENCE_PROGRESS {"event":"file_book.definition","elapsedMs":2453,"count":349440,"owner":"Bool"}
REFERENCE_PROGRESS {"event":"file_book.definition","elapsedMs":2453,"count":349696,"owner":"garden-stage/schema-families:Garden"}
REFERENCE_PROGRESS {"event":"file_book.definition","elapsedMs":2453,"count":349952,"owner":"garden-stage/runtime-named-declarations:ValueWithWithout"}
REFERENCE_PROGRESS {"event":"file_book.definition","elapsedMs":2453,"count":350208,"owner":"garden-stage/schema-families:Store"}
REFERENCE_PROGRESS {"event":"file_book.definition","elapsedMs":2454,"count":350464,"owner":"garden-stage/core-v1/src/ecs/check:Frame"}
REFERENCE_PROGRESS {"event":"file_book.definition","elapsedMs":2454,"count":350720,"owner":"Bool"}
REFERENCE_PROGRESS {"event":"file_book.definition","elapsedMs":2454,"count":350976,"owner":"garden-stage/schema-families:Store"}
REFERENCE_PROGRESS {"event":"file_book.definition","elapsedMs":2454,"count":351232,"owner":"Sigma"}
REFERENCE_PROGRESS {"event":"file_book.definition","elapsedMs":2454,"count":351488,"owner":"List"}
REFERENCE_PROGRESS {"event":"file_book.definition","elapsedMs":2454,"count":351744,"owner":"garden-stage/schema-families:Garden"}
REFERENCE_PROGRESS {"event":"file_book.definition","elapsedMs":2455,"count":352000,"owner":"garden-stage/core-v1/src/ecs/component:Access"}
REFERENCE_PROGRESS {"event":"file_book.definition","elapsedMs":2455,"count":352256,"owner":"garden-stage/schema-families:Garden"}
REFERENCE_PROGRESS {"event":"file_book.definition","elapsedMs":2455,"count":352512,"owner":"garden-stage/schema-families:Store"}
REFERENCE_PROGRESS {"event":"file_book.definition","elapsedMs":2455,"count":352768,"owner":"garden-stage/schema-families:Store"}
REFERENCE_PROGRESS {"event":"file_book.definition","elapsedMs":2455,"count":353024,"owner":"garden-stage/runtime-owners:Resource"}
REFERENCE_PROGRESS {"event":"file_book.definition","elapsedMs":2455,"count":353280,"owner":"garden-stage/schema-families:Garden"}
REFERENCE_PROGRESS {"event":"file_book.definition","elapsedMs":2456,"count":353536,"owner":"garden-stage/schema-families:Garden"}
REFERENCE_PROGRESS {"event":"file_book.definition","elapsedMs":2456,"count":353792,"owner":"garden-stage/schema-families:Garden"}
REFERENCE_PROGRESS {"event":"file_book.definition","elapsedMs":2456,"count":354048,"owner":"garden-stage/schema-families:Garden"}
REFERENCE_PROGRESS {"event":"file_book.definition","elapsedMs":2456,"count":354304,"owner":"garden-stage/schema-families:Garden"}
REFERENCE_PROGRESS {"event":"file_book.definition","elapsedMs":2457,"count":354560,"owner":"Bool"}
REFERENCE_PROGRESS {"event":"file_book.definition","elapsedMs":2457,"count":354816,"owner":"garden-stage/runtime-owners:Resource"}
REFERENCE_PROGRESS {"event":"file_book.definition","elapsedMs":2457,"count":355072,"owner":"garden-stage/schema-families:Garden"}
REFERENCE_PROGRESS {"event":"file_book.definition","elapsedMs":2457,"count":355328,"owner":"garden-stage/schema-families:Garden"}
REFERENCE_PROGRESS {"event":"file_book.definition","elapsedMs":2457,"count":355584,"owner":"garden-stage/selection:Predicate"}
REFERENCE_PROGRESS {"event":"file_book.definition","elapsedMs":2458,"count":355840,"owner":"garden-stage/schema-families:Garden"}
REFERENCE_PROGRESS {"event":"file_book.definition","elapsedMs":2458,"count":356096,"owner":"garden-stage/core-v1/src/ecs/world:World"}
REFERENCE_PROGRESS {"event":"file_book.definition","elapsedMs":2458,"count":356352,"owner":"garden-stage/schema-families:Store"}
REFERENCE_PROGRESS {"event":"file_book.definition","elapsedMs":2458,"count":356608,"owner":"Bool"}
REFERENCE_PROGRESS {"event":"file_book.definition","elapsedMs":2458,"count":356864,"owner":"garden-stage/schema-families:Garden"}
REFERENCE_PROGRESS {"event":"file_book.definition","elapsedMs":2458,"count":357120,"owner":"garden-stage/schema-families:Garden"}
REFERENCE_PROGRESS {"event":"file_book.definition","elapsedMs":2459,"count":357376,"owner":"garden-stage/core-v1/src/ecs/world:Handle"}
REFERENCE_PROGRESS {"event":"file_book.definition","elapsedMs":2459,"count":357632,"owner":"garden-stage/schema-families:Garden"}
REFERENCE_PROGRESS {"event":"file_book.definition","elapsedMs":2459,"count":357888,"owner":"garden-stage/core-v1/src/ecs/component:Access"}
REFERENCE_PROGRESS {"event":"file_book.definition","elapsedMs":2459,"count":358144,"owner":"garden-stage/core-v1/src/ecs/check:Frame"}
REFERENCE_PROGRESS {"event":"file_book.definition","elapsedMs":2459,"count":358400,"owner":"Sigma"}
REFERENCE_PROGRESS {"event":"file_book.definition","elapsedMs":2461,"count":358656,"owner":"garden-stage/schema-families:Garden"}
REFERENCE_PROGRESS {"event":"file_book.definition","elapsedMs":2461,"count":358912,"owner":"garden-stage/core-v1/src/ecs/check:Frame"}
REFERENCE_PROGRESS {"event":"file_book.definition","elapsedMs":2461,"count":359168,"owner":"garden-stage/schema-families:Store"}
REFERENCE_PROGRESS {"event":"file_book.definition","elapsedMs":2461,"count":359424,"owner":"garden-stage/runtime-named-declarations:ValueMultipleWith"}
REFERENCE_PROGRESS {"event":"file_book.definition","elapsedMs":2461,"count":359680,"owner":"garden-stage/core-v1/src/ecs/check:Frame"}
REFERENCE_PROGRESS {"event":"file_book.definition","elapsedMs":2461,"count":359936,"owner":"garden-stage/schema-families:Garden"}
REFERENCE_PROGRESS {"event":"file_book.definition","elapsedMs":2461,"count":360192,"owner":"garden-stage/schema-families:Garden"}
REFERENCE_PROGRESS {"event":"file_book.definition","elapsedMs":2461,"count":360448,"owner":"garden-stage/runtime-owners:Resource"}
REFERENCE_PROGRESS {"event":"file_book.definition","elapsedMs":2461,"count":360704,"owner":"garden-stage/schema-families:Garden"}
REFERENCE_PROGRESS {"event":"file_book.definition","elapsedMs":2461,"count":360960,"owner":"Maybe"}
REFERENCE_PROGRESS {"event":"file_book.definition","elapsedMs":2463,"count":361216,"owner":"garden-stage/selection:Product"}
REFERENCE_PROGRESS {"event":"file_book.definition","elapsedMs":2463,"count":361472,"owner":"garden-stage/schema-families:Store"}
REFERENCE_PROGRESS {"event":"file_book.definition","elapsedMs":2463,"count":361728,"owner":"garden-stage/schema-families:Garden"}
REFERENCE_PROGRESS {"event":"file_book.definition","elapsedMs":2463,"count":361984,"owner":"Bool"}
REFERENCE_PROGRESS {"event":"file_book.definition","elapsedMs":2464,"count":362240,"owner":"garden-stage/runtime-owners:Resource"}
REFERENCE_PROGRESS {"event":"file_book.definition","elapsedMs":2464,"count":362496,"owner":"garden-stage/schema-families:Garden"}
REFERENCE_PROGRESS {"event":"file_book.definition","elapsedMs":2464,"count":362752,"owner":"garden-stage/core-v1/src/ecs/component:Access"}
REFERENCE_PROGRESS {"event":"file_book.definition","elapsedMs":2464,"count":363008,"owner":"garden-stage/schema-families:Garden"}
REFERENCE_PROGRESS {"event":"file_book.definition","elapsedMs":2464,"count":363264,"owner":"garden-stage/schema-families:Store"}
REFERENCE_PROGRESS {"event":"file_book.definition","elapsedMs":2464,"count":363520,"owner":"Bool"}
REFERENCE_PROGRESS {"event":"file_book.definition","elapsedMs":2464,"count":363776,"owner":"garden-stage/schema-families:Garden"}
REFERENCE_PROGRESS {"event":"file_book.definition","elapsedMs":2464,"count":364032,"owner":"garden-stage/selection:Predicate"}
REFERENCE_PROGRESS {"event":"file_book.definition","elapsedMs":2465,"count":364288,"owner":"garden-stage/core-v1/src/ecs/world:RegistrationMeta"}
REFERENCE_PROGRESS {"event":"file_book.definition","elapsedMs":2465,"count":364544,"owner":"garden-stage/schema-families:Store"}
REFERENCE_PROGRESS {"event":"file_book.definition","elapsedMs":2465,"count":364800,"owner":"garden-stage/core-v1/src/ecs/world:RegistrationMeta"}
REFERENCE_PROGRESS {"event":"file_book.definition","elapsedMs":2465,"count":365056,"owner":"garden-stage/core-v1/src/ecs/column:Column"}
REFERENCE_PROGRESS {"event":"file_book.definition","elapsedMs":2465,"count":365312,"owner":"Bool"}
REFERENCE_PROGRESS {"event":"file_book.definition","elapsedMs":2466,"count":365568,"owner":"garden-stage/schema-families:Title"}
REFERENCE_PROGRESS {"event":"file_book.definition","elapsedMs":2466,"count":365824,"owner":"garden-stage/runtime-owners:Resource"}
REFERENCE_PROGRESS {"event":"file_book.definition","elapsedMs":2466,"count":366080,"owner":"garden-stage/schema-families:Store"}
REFERENCE_PROGRESS {"event":"file_book.definition","elapsedMs":2467,"count":366336,"owner":"Sigma"}
REFERENCE_PROGRESS {"event":"file_book.definition","elapsedMs":2467,"count":366592,"owner":"garden-stage/core-v1/src/ecs/world:Handle"}
REFERENCE_PROGRESS {"event":"file_book.definition","elapsedMs":2468,"count":366848,"owner":"garden-stage/schema-families:Garden"}
REFERENCE_PROGRESS {"event":"file_book.definition","elapsedMs":2468,"count":367104,"owner":"garden-stage/schema-families:Garden"}
REFERENCE_PROGRESS {"event":"file_book.definition","elapsedMs":2468,"count":367360,"owner":"garden-stage/schema-families:Store"}
REFERENCE_PROGRESS {"event":"file_book.definition","elapsedMs":2486,"count":367616,"owner":"Sigma"}
REFERENCE_PROGRESS {"event":"file_book.definition","elapsedMs":2487,"count":367872,"owner":"garden-stage/schema-families:Garden"}
REFERENCE_PROGRESS {"event":"file_book.definition","elapsedMs":2487,"count":368128,"owner":"garden-stage/core-v1/src/ecs/column:Column"}
REFERENCE_PROGRESS {"event":"file_book.definition","elapsedMs":2489,"count":368384,"owner":"garden-stage/schema-families:Store"}
REFERENCE_PROGRESS {"event":"file_book.definition","elapsedMs":2490,"count":368640,"owner":"garden-stage/selection:Selection"}
REFERENCE_PROGRESS {"event":"file_book.definition","elapsedMs":2490,"count":368896,"owner":"Sigma"}
REFERENCE_PROGRESS {"event":"file_book.definition","elapsedMs":2491,"count":369152,"owner":"Sigma"}
REFERENCE_PROGRESS {"event":"file_book.definition","elapsedMs":2493,"count":369408,"owner":"garden-stage/schema-families:Stock"}
REFERENCE_PROGRESS {"event":"file_book.definition","elapsedMs":2495,"count":369664,"owner":"garden-stage/core-v1/src/ecs/column:indexed_prepared_unseal~3"}
REFERENCE_PROGRESS {"event":"file_book.definition","elapsedMs":2495,"count":369920,"owner":"garden-stage/schema-families:Store"}
REFERENCE_PROGRESS {"event":"file_book.definition","elapsedMs":2496,"count":370176,"owner":"Sigma"}
REFERENCE_PROGRESS {"event":"file_book.definition","elapsedMs":2496,"count":370432,"owner":"garden-stage/schema-families:Garden"}
REFERENCE_PROGRESS {"event":"file_book.definition","elapsedMs":2496,"count":370688,"owner":"garden-stage/schema-families:ActiveRest"}
REFERENCE_PROGRESS {"event":"file_book.definition","elapsedMs":2497,"count":370944,"owner":"garden-stage/schema-families:Active"}
REFERENCE_PROGRESS {"event":"file_book.definition","elapsedMs":2502,"count":371200,"owner":"garden-stage/schema-families:Title"}
REFERENCE_PROGRESS {"event":"file_book.definition","elapsedMs":2502,"count":371456,"owner":"garden-stage/schema-families:Title"}
REFERENCE_PROGRESS {"event":"file_book.definition","elapsedMs":2503,"count":371712,"owner":"Sigma"}
REFERENCE_PROGRESS {"event":"file_book.definition","elapsedMs":2503,"count":371968,"owner":"garden-stage/schema-families:Garden"}
REFERENCE_PROGRESS {"event":"file_book.definition","elapsedMs":2503,"count":372224,"owner":"garden-stage/schema-families:Garden"}
REFERENCE_PROGRESS {"event":"file_book.definition","elapsedMs":2504,"count":372480,"owner":"Unit"}
REFERENCE_PROGRESS {"event":"file_book.definition","elapsedMs":2504,"count":372736,"owner":"Sigma"}
REFERENCE_PROGRESS {"event":"file_book.definition","elapsedMs":2504,"count":372992,"owner":"garden-stage/core-v1/src/ecs/check:Frame"}
REFERENCE_PROGRESS {"event":"file_book.definition","elapsedMs":2504,"count":373248,"owner":"Bool"}
REFERENCE_PROGRESS {"event":"file_book.definition","elapsedMs":2504,"count":373504,"owner":"garden-stage/core-v1/src/ecs/component:Access"}
REFERENCE_PROGRESS {"event":"file_book.definition","elapsedMs":2504,"count":373760,"owner":"garden-stage/schema-families:Garden"}
REFERENCE_PROGRESS {"event":"file_book.definition","elapsedMs":2505,"count":374016,"owner":"Bool"}
REFERENCE_PROGRESS {"event":"file_book.definition","elapsedMs":2506,"count":374272,"owner":"Maybe"}
REFERENCE_PROGRESS {"event":"file_book.definition","elapsedMs":2507,"count":374528,"owner":"Maybe"}
REFERENCE_PROGRESS {"event":"file_book.definition","elapsedMs":2508,"count":374784,"owner":"Bool"}
REFERENCE_PROGRESS {"event":"file_book.definition","elapsedMs":2509,"count":375040,"owner":"Bool"}
REFERENCE_PROGRESS {"event":"file_book.definition","elapsedMs":2511,"count":375296,"owner":"garden-stage/schema-families:Garden"}
REFERENCE_PROGRESS {"event":"file_book.definition","elapsedMs":2511,"count":375552,"owner":"garden-stage/schema-families:Garden"}
REFERENCE_PROGRESS {"event":"file_book.definition","elapsedMs":2511,"count":375808,"owner":"garden-stage/schema-families:Garden"}
REFERENCE_PROGRESS {"event":"file_book.definition","elapsedMs":2513,"count":376064,"owner":"garden-stage/schema-families:Garden"}
REFERENCE_PROGRESS {"event":"file_book.definition","elapsedMs":2514,"count":376320,"owner":"garden-stage/schema-families:Garden"}
REFERENCE_PROGRESS {"event":"file_book.definition","elapsedMs":2515,"count":376576,"owner":"garden-stage/schema-families:Garden"}
REFERENCE_PROGRESS {"event":"file_book.definition","elapsedMs":2515,"count":376832,"owner":"garden-stage/schema-families:Store"}
REFERENCE_PROGRESS {"event":"file_book.definition","elapsedMs":2515,"count":377088,"owner":"Bool"}
REFERENCE_PROGRESS {"event":"file_book.definition","elapsedMs":2515,"count":377344,"owner":"Bool"}
REFERENCE_PROGRESS {"event":"file_book.definition","elapsedMs":2516,"count":377600,"owner":"garden-stage/schema-families:Garden"}
REFERENCE_PROGRESS {"event":"file_book.definition","elapsedMs":2517,"count":377856,"owner":"garden-stage/core-v1/src/ecs/owner-handoff:PrototypeHandoffRows"}
REFERENCE_PROGRESS {"event":"file_book.definition","elapsedMs":2517,"count":378112,"owner":"garden-stage/core-v1/src/ecs/component:Access"}
REFERENCE_PROGRESS {"event":"file_book.definition","elapsedMs":2517,"count":378368,"owner":"Bool"}
REFERENCE_PROGRESS {"event":"file_book.definition","elapsedMs":2518,"count":378624,"owner":"Maybe"}
REFERENCE_PROGRESS {"event":"file_book.definition","elapsedMs":2519,"count":378880,"owner":"garden-stage/schema-families:Title"}
REFERENCE_PROGRESS {"event":"file_book.definition","elapsedMs":2519,"count":379136,"owner":"garden-stage/runtime-owners:Resource"}
REFERENCE_PROGRESS {"event":"file_book.definition","elapsedMs":2519,"count":379392,"owner":"garden-stage/schema-families:Garden"}
REFERENCE_PROGRESS {"event":"file_book.definition","elapsedMs":2520,"count":379648,"owner":"garden-stage/schema-families:Garden"}
REFERENCE_PROGRESS {"event":"file_book.definition","elapsedMs":2520,"count":379904,"owner":"garden-stage/core-v1/src/ecs/check:Frame"}
REFERENCE_PROGRESS {"event":"file_book.definition","elapsedMs":2520,"count":380160,"owner":"garden-stage/schema-families:Garden"}
REFERENCE_PROGRESS {"event":"file_book.definition","elapsedMs":2520,"count":380416,"owner":"Bool"}
REFERENCE_PROGRESS {"event":"file_book.definition","elapsedMs":2520,"count":380672,"owner":"garden-stage/runtime-owners:Resource"}
REFERENCE_PROGRESS {"event":"file_book.definition","elapsedMs":2521,"count":380928,"owner":"Bool"}
REFERENCE_PROGRESS {"event":"file_book.definition","elapsedMs":2521,"count":381184,"owner":"garden-stage/schema-families:Garden"}
REFERENCE_PROGRESS {"event":"file_book.definition","elapsedMs":2521,"count":381440,"owner":"garden-stage/schema-families:Garden"}
REFERENCE_PROGRESS {"event":"file_book.definition","elapsedMs":2521,"count":381696,"owner":"garden-stage/schema-families:Garden"}
REFERENCE_PROGRESS {"event":"file_book.definition","elapsedMs":2521,"count":381952,"owner":"garden-stage/schema-families:Garden"}
REFERENCE_PROGRESS {"event":"file_book.definition","elapsedMs":2522,"count":382208,"owner":"garden-stage/core-v1/src/ecs/owner-handoff:PrototypeHandoffRows"}
REFERENCE_PROGRESS {"event":"file_book.definition","elapsedMs":2523,"count":382464,"owner":"Bool"}
REFERENCE_PROGRESS {"event":"file_book.definition","elapsedMs":2523,"count":382720,"owner":"garden-stage/schema-families:Garden"}
REFERENCE_PROGRESS {"event":"file_book.definition","elapsedMs":2523,"count":382976,"owner":"garden-stage/schema-families:Count"}
REFERENCE_PROGRESS {"event":"file_book.definition","elapsedMs":2524,"count":383232,"owner":"garden-stage/schema-families:Garden"}
REFERENCE_PROGRESS {"event":"file_book.definition","elapsedMs":2524,"count":383488,"owner":"garden-stage/runtime-owners:Resource"}
REFERENCE_PROGRESS {"event":"file_book.definition","elapsedMs":2524,"count":383744,"owner":"garden-stage/runtime-owners:Resource"}
REFERENCE_PROGRESS {"event":"file_book.definition","elapsedMs":2525,"count":384000,"owner":"garden-stage/core-v1/src/ecs/column:History"}
REFERENCE_PROGRESS {"event":"file_book.definition","elapsedMs":2527,"count":384256,"owner":"garden-stage/core-v1/src/ecs/column:History"}
REFERENCE_PROGRESS {"event":"file_book.definition","elapsedMs":2527,"count":384512,"owner":"Maybe"}
REFERENCE_PROGRESS {"event":"file_book.definition","elapsedMs":2528,"count":384768,"owner":"Bool.and"}
REFERENCE_PROGRESS {"event":"file_book.definition","elapsedMs":2528,"count":385024,"owner":"garden-stage/core-v1/src/ecs/owner-handoff:PrototypeHandoffRows"}
REFERENCE_PROGRESS {"event":"file_book.definition","elapsedMs":2530,"count":385280,"owner":"garden-stage/core-v1/src/ecs/component:Access"}
REFERENCE_PROGRESS {"event":"file_book.definition","elapsedMs":2530,"count":385536,"owner":"garden-stage/runtime-owners:Resource"}
REFERENCE_PROGRESS {"event":"file_book.definition","elapsedMs":2530,"count":385792,"owner":"garden-stage/runtime-owners:Resource"}
REFERENCE_PROGRESS {"event":"file_book.definition","elapsedMs":2536,"count":386048,"owner":"garden-stage/schema-families:Garden"}
REFERENCE_PROGRESS {"event":"file_book.definition","elapsedMs":2537,"count":386304,"owner":"Bool"}
REFERENCE_PROGRESS {"event":"file_book.definition","elapsedMs":2537,"count":386560,"owner":"Sigma"}
REFERENCE_PROGRESS {"event":"file_book.definition","elapsedMs":2537,"count":386816,"owner":"garden-stage/core-v1/src/ecs/column:History"}
REFERENCE_PROGRESS {"event":"file_book.definition","elapsedMs":2542,"count":387072,"owner":"garden-stage/schema-families:Active"}
REFERENCE_PROGRESS {"event":"file_book.definition","elapsedMs":2543,"count":387328,"owner":"garden-stage/schema-families:Store"}
REFERENCE_PROGRESS {"event":"file_book.definition","elapsedMs":2543,"count":387584,"owner":"Maybe"}
REFERENCE_PROGRESS {"event":"file_book.definition","elapsedMs":2543,"count":387840,"owner":"Maybe"}
REFERENCE_PROGRESS {"event":"file_book.definition","elapsedMs":2544,"count":388096,"owner":"garden-stage/core-v1/src/ecs/column:Column"}
REFERENCE_PROGRESS {"event":"file_book.definition","elapsedMs":2566,"count":388352,"owner":"garden-stage/schema-families:Garden"}
REFERENCE_PROGRESS {"event":"file_book.definition","elapsedMs":2568,"count":388608,"owner":"garden-stage/schema-families:Title"}
REFERENCE_PROGRESS {"event":"file_book.definition","elapsedMs":2571,"count":388864,"owner":"Bool"}
REFERENCE_PROGRESS {"event":"file_book.definition","elapsedMs":2572,"count":389120,"owner":"garden-stage/schema-families:Garden"}
REFERENCE_PROGRESS {"event":"file_book.definition","elapsedMs":2574,"count":389376,"owner":"garden-stage/schema-families:Store"}
REFERENCE_PROGRESS {"event":"file_book.definition","elapsedMs":2574,"count":389632,"owner":"garden-stage/runtime-owners:Resource"}
REFERENCE_PROGRESS {"event":"file_book.definition","elapsedMs":2574,"count":389888,"owner":"garden-stage/runtime-owners:Resource"}
REFERENCE_PROGRESS {"event":"file_book.definition","elapsedMs":2574,"count":390144,"owner":"Bool"}
REFERENCE_PROGRESS {"event":"file_book.definition","elapsedMs":2575,"count":390400,"owner":"garden-stage/schema-families:Garden"}
REFERENCE_PROGRESS {"event":"file_book.definition","elapsedMs":2575,"count":390656,"owner":"Bool"}
REFERENCE_PROGRESS {"event":"file_book.definition","elapsedMs":2575,"count":390912,"owner":"garden-stage/selection:Product"}
REFERENCE_PROGRESS {"event":"file_book.definition","elapsedMs":2575,"count":391168,"owner":"Bool"}
REFERENCE_PROGRESS {"event":"file_book.definition","elapsedMs":2576,"count":391424,"owner":"garden-stage/schema-families:Garden"}
REFERENCE_PROGRESS {"event":"file_book.definition","elapsedMs":2576,"count":391680,"owner":"Sigma"}
REFERENCE_PROGRESS {"event":"file_book.definition","elapsedMs":2576,"count":391936,"owner":"garden-stage/schema-families:Count"}
REFERENCE_PROGRESS {"event":"file_book.definition","elapsedMs":2577,"count":392192,"owner":"Bool"}
REFERENCE_PROGRESS {"event":"file_book.definition","elapsedMs":2577,"count":392448,"owner":"garden-stage/schema-families:Count"}
REFERENCE_PROGRESS {"event":"file_book.definition","elapsedMs":2577,"count":392704,"owner":"garden-stage/core-v1/src/ecs/column:History"}
REFERENCE_PROGRESS {"event":"file_book.definition","elapsedMs":2578,"count":392960,"owner":"garden-stage/schema-families:Garden"}
REFERENCE_PROGRESS {"event":"file_book.definition","elapsedMs":2578,"count":393216,"owner":"List"}
REFERENCE_PROGRESS {"event":"file_book.definition","elapsedMs":2579,"count":393472,"owner":"garden-stage/schema-families:Count"}
REFERENCE_PROGRESS {"event":"file_book.definition","elapsedMs":2579,"count":393728,"owner":"garden-stage/core-v1/src/ecs/component:Access"}
REFERENCE_PROGRESS {"event":"file_book.definition","elapsedMs":2579,"count":393984,"owner":"Unit"}
REFERENCE_PROGRESS {"event":"file_book.definition","elapsedMs":2579,"count":394240,"owner":"Maybe"}
REFERENCE_PROGRESS {"event":"file_book.definition","elapsedMs":2579,"count":394496,"owner":"garden-stage/core-v1/src/ecs/column:Column"}
REFERENCE_PROGRESS {"event":"file_book.definition","elapsedMs":2580,"count":394752,"owner":"garden-stage/schema-families:Stock"}
REFERENCE_PROGRESS {"event":"file_book.definition","elapsedMs":2581,"count":395008,"owner":"garden-stage/schema-families:Stock"}
REFERENCE_PROGRESS {"event":"file_book.definition","elapsedMs":2581,"count":395264,"owner":"garden-stage/core-v1/src/ecs/column:Column"}
REFERENCE_PROGRESS {"event":"file_book.definition","elapsedMs":2581,"count":395520,"owner":"Bool"}
REFERENCE_PROGRESS {"event":"file_book.definition","elapsedMs":2582,"count":395776,"owner":"garden-stage/core-v1/src/ecs/owner-handoff:PrototypeHandoffRows"}
REFERENCE_PROGRESS {"event":"file_book.definition","elapsedMs":2582,"count":396032,"owner":"Bool"}
REFERENCE_PROGRESS {"event":"file_book.definition","elapsedMs":2582,"count":396288,"owner":"Bool"}
REFERENCE_PROGRESS {"event":"file_book.definition","elapsedMs":2584,"count":396544,"owner":"garden-stage/schema-families:Garden"}
REFERENCE_PROGRESS {"event":"file_book.definition","elapsedMs":2584,"count":396800,"owner":"Maybe"}
REFERENCE_PROGRESS {"event":"file_book.definition","elapsedMs":2584,"count":397056,"owner":"Maybe"}
REFERENCE_PROGRESS {"event":"file_book.definition","elapsedMs":2585,"count":397312,"owner":"Maybe"}
REFERENCE_PROGRESS {"event":"file_book.definition","elapsedMs":2585,"count":397568,"owner":"garden-stage/core-v1/src/ecs/column:History"}
REFERENCE_PROGRESS {"event":"file_book.definition","elapsedMs":2585,"count":397824,"owner":"Bool"}
REFERENCE_PROGRESS {"event":"file_book.definition","elapsedMs":2586,"count":398080,"owner":"garden-stage/core-v1/src/ecs/owner-handoff:PrototypeHandoffRows"}
REFERENCE_PROGRESS {"event":"file_book.definition","elapsedMs":2586,"count":398336,"owner":"Maybe"}
REFERENCE_PROGRESS {"event":"file_book.definition","elapsedMs":2587,"count":398592,"owner":"garden-stage/schema-families:Garden"}
REFERENCE_PROGRESS {"event":"file_book.definition","elapsedMs":2588,"count":398848,"owner":"garden-stage/schema-families:Title"}
REFERENCE_PROGRESS {"event":"file_book.definition","elapsedMs":2589,"count":399104,"owner":"garden-stage/core-v1/src/ecs/column:Column"}
REFERENCE_PROGRESS {"event":"file_book.definition","elapsedMs":2589,"count":399360,"owner":"garden-stage/core-v1/src/ecs/column:Column"}
REFERENCE_PROGRESS {"event":"file_book.definition","elapsedMs":2590,"count":399616,"owner":"garden-stage/core-v1/src/ecs/column:Column"}
REFERENCE_PROGRESS {"event":"file_book.definition","elapsedMs":2590,"count":399872,"owner":"Maybe"}
REFERENCE_PROGRESS {"event":"file_book.definition","elapsedMs":2591,"count":400128,"owner":"Bool"}
REFERENCE_PROGRESS {"event":"file_book.definition","elapsedMs":2591,"count":400384,"owner":"garden-stage/schema-families:Garden"}
REFERENCE_PROGRESS {"event":"file_book.definition","elapsedMs":2592,"count":400640,"owner":"garden-stage/schema-families:Title"}
REFERENCE_PROGRESS {"event":"file_book.definition","elapsedMs":2592,"count":400896,"owner":"garden-stage/core-v1/src/ecs/column:IndexedOrdinaryState"}
REFERENCE_PROGRESS {"event":"file_book.definition","elapsedMs":2592,"count":401152,"owner":"Sigma"}
REFERENCE_PROGRESS {"event":"file_book.definition","elapsedMs":2592,"count":401408,"owner":"garden-stage/core-v1/src/ecs/world:World"}
REFERENCE_PROGRESS {"event":"file_book.definition","elapsedMs":2592,"count":401664,"owner":"garden-stage/schema-families:Garden"}
REFERENCE_PROGRESS {"event":"file_book.definition","elapsedMs":2593,"count":401920,"owner":"Sigma"}
REFERENCE_PROGRESS {"event":"file_book.definition","elapsedMs":2593,"count":402176,"owner":"garden-stage/selection:Product"}
REFERENCE_PROGRESS {"event":"file_book.definition","elapsedMs":2593,"count":402432,"owner":"List"}
REFERENCE_PROGRESS {"event":"file_book.definition","elapsedMs":2593,"count":402688,"owner":"garden-stage/schema-families:Garden"}
REFERENCE_PROGRESS {"event":"file_book.definition","elapsedMs":2593,"count":402944,"owner":"garden-stage/runtime-owners:Resource"}
REFERENCE_PROGRESS {"event":"file_book.definition","elapsedMs":2594,"count":403200,"owner":"Unit"}
REFERENCE_PROGRESS {"event":"file_book.definition","elapsedMs":2594,"count":403456,"owner":"garden-stage/schema-families:Garden"}
REFERENCE_PROGRESS {"event":"file_book.definition","elapsedMs":2594,"count":403712,"owner":"garden-stage/schema-families:Garden"}
REFERENCE_PROGRESS {"event":"file_book.definition","elapsedMs":2594,"count":403968,"owner":"garden-stage/schema-families:Garden"}
REFERENCE_PROGRESS {"event":"file_book.definition","elapsedMs":2594,"count":404224,"owner":"garden-stage/schema-families:Garden"}
REFERENCE_PROGRESS {"event":"file_book.definition","elapsedMs":2594,"count":404480,"owner":"garden-stage/schema-families:Garden"}
REFERENCE_PROGRESS {"event":"file_book.definition","elapsedMs":2595,"count":404736,"owner":"Sigma"}
REFERENCE_PROGRESS {"event":"file_book.definition","elapsedMs":2595,"count":404992,"owner":"garden-stage/core-v1/src/ecs/column:History"}
REFERENCE_PROGRESS {"event":"file_book.definition","elapsedMs":2595,"count":405248,"owner":"garden-stage/schema-families:Garden"}
REFERENCE_PROGRESS {"event":"file_book.definition","elapsedMs":2596,"count":405504,"owner":"garden-stage/schema-families:Count"}
REFERENCE_PROGRESS {"event":"file_book.definition","elapsedMs":2596,"count":405760,"owner":"Maybe"}
REFERENCE_PROGRESS {"event":"file_book.definition","elapsedMs":2596,"count":406016,"owner":"garden-stage/schema-families:Count"}
REFERENCE_PROGRESS {"event":"file_book.definition","elapsedMs":2596,"count":406272,"owner":"garden-stage/core-v1/src/ecs/column:Column"}
REFERENCE_PROGRESS {"event":"file_book.definition","elapsedMs":2596,"count":406528,"owner":"garden-stage/schema-families:Count"}
REFERENCE_PROGRESS {"event":"file_book.definition","elapsedMs":2597,"count":406784,"owner":"garden-stage/schema-families:Garden"}
REFERENCE_PROGRESS {"event":"file_book.definition","elapsedMs":2597,"count":407040,"owner":"garden-stage/schema-families:Garden"}
REFERENCE_PROGRESS {"event":"file_book.definition","elapsedMs":2597,"count":407296,"owner":"garden-stage/core-v1/src/ecs/column:History"}
REFERENCE_PROGRESS {"event":"file_book.definition","elapsedMs":2597,"count":407552,"owner":"garden-stage/core-v1/src/ecs/column:SeekPhase"}
REFERENCE_PROGRESS {"event":"file_book.definition","elapsedMs":2597,"count":407808,"owner":"garden-stage/runtime-owners:Resource"}
REFERENCE_PROGRESS {"event":"file_book.definition","elapsedMs":2597,"count":408064,"owner":"garden-stage/schema-families:Garden"}
REFERENCE_PROGRESS {"event":"file_book.definition","elapsedMs":2597,"count":408320,"owner":"garden-stage/schema-families:Garden"}
REFERENCE_PROGRESS {"event":"file_book.definition","elapsedMs":2598,"count":408576,"owner":"Bool"}
REFERENCE_PROGRESS {"event":"file_book.definition","elapsedMs":2598,"count":408832,"owner":"Bool"}
REFERENCE_PROGRESS {"event":"file_book.definition","elapsedMs":2622,"count":409088,"owner":"garden-stage/schema-families:Stock"}
REFERENCE_PROGRESS {"event":"file_book.definition","elapsedMs":2623,"count":409344,"owner":"Sigma"}
REFERENCE_PROGRESS {"event":"file_book.definition","elapsedMs":2623,"count":409600,"owner":"Maybe"}
REFERENCE_PROGRESS {"event":"file_book.definition","elapsedMs":2623,"count":409856,"owner":"Sigma"}
REFERENCE_PROGRESS {"event":"file_book.definition","elapsedMs":2623,"count":410112,"owner":"garden-stage/schema-families:Stock"}
REFERENCE_PROGRESS {"event":"file_book.definition","elapsedMs":2623,"count":410368,"owner":"garden-stage/core-v1/src/ecs/owner-handoff:PrototypeHandoffRows"}
REFERENCE_PROGRESS {"event":"file_book.definition","elapsedMs":2623,"count":410624,"owner":"garden-stage/core-v1/src/ecs/owner-handoff:PrototypeHandoffRows"}
REFERENCE_PROGRESS {"event":"file_book.definition","elapsedMs":2623,"count":410880,"owner":"Sigma"}
REFERENCE_PROGRESS {"event":"file_book.definition","elapsedMs":2623,"count":411136,"owner":"garden-stage/schema-families:Garden"}
REFERENCE_PROGRESS {"event":"file_book.definition","elapsedMs":2623,"count":411392,"owner":"garden-stage/schema-families:Store"}
REFERENCE_PROGRESS {"event":"file_book.definition","elapsedMs":2623,"count":411648,"owner":"garden-stage/schema-families:Active"}
REFERENCE_PROGRESS {"event":"file_book.definition","elapsedMs":2623,"count":411904,"owner":"Maybe"}
REFERENCE_PROGRESS {"event":"file_book.definition","elapsedMs":2624,"count":412160,"owner":"garden-stage/schema-families:Active"}
REFERENCE_PROGRESS {"event":"file_book.definition","elapsedMs":2624,"count":412416,"owner":"Bool"}
REFERENCE_PROGRESS {"event":"file_book.definition","elapsedMs":2624,"count":412672,"owner":"garden-stage/schema-families:Active"}
REFERENCE_PROGRESS {"event":"file_book.definition","elapsedMs":2625,"count":412928,"owner":"Bool"}
REFERENCE_PROGRESS {"event":"file_book.definition","elapsedMs":2625,"count":413184,"owner":"garden-stage/schema-families:Garden"}
REFERENCE_PROGRESS {"event":"file_book.definition","elapsedMs":2625,"count":413440,"owner":"garden-stage/core-v1/src/ecs/column:SeekPhase"}
REFERENCE_PROGRESS {"event":"file_book.definition","elapsedMs":2625,"count":413696,"owner":"garden-stage/core-v1/src/ecs/owner-handoff:PrototypeHandoffRows"}
REFERENCE_PROGRESS {"event":"file_book.definition","elapsedMs":2625,"count":413952,"owner":"Maybe"}
REFERENCE_PROGRESS {"event":"file_book.definition","elapsedMs":2625,"count":414208,"owner":"Maybe"}
REFERENCE_PROGRESS {"event":"file_book.definition","elapsedMs":2625,"count":414464,"owner":"Maybe"}
REFERENCE_PROGRESS {"event":"file_book.definition","elapsedMs":2625,"count":414720,"owner":"Bool"}
REFERENCE_PROGRESS {"event":"file_book.definition","elapsedMs":2625,"count":414976,"owner":"garden-stage/schema-families:project_active"}
REFERENCE_PROGRESS {"event":"file_book.definition","elapsedMs":2626,"count":415232,"owner":"List"}
REFERENCE_PROGRESS {"event":"file_book.definition","elapsedMs":2626,"count":415488,"owner":"garden-stage/schema-families:Garden"}
REFERENCE_PROGRESS {"event":"file_book.definition","elapsedMs":2626,"count":415744,"owner":"garden-stage/core-v1/src/ecs/column:History"}
REFERENCE_PROGRESS {"event":"file_book.definition","elapsedMs":2627,"count":416000,"owner":"Sigma"}
REFERENCE_PROGRESS {"event":"file_book.definition","elapsedMs":2627,"count":416256,"owner":"Bool"}
REFERENCE_PROGRESS {"event":"file_book.definition","elapsedMs":2627,"count":416512,"owner":"Maybe"}
REFERENCE_PROGRESS {"event":"file_book.definition","elapsedMs":2627,"count":416768,"owner":"garden-stage/schema-families:Garden"}
REFERENCE_PROGRESS {"event":"file_book.definition","elapsedMs":2628,"count":417024,"owner":"garden-stage/core-v1/src/ecs/column:Carrier"}
REFERENCE_PROGRESS {"event":"file_book.definition","elapsedMs":2628,"count":417280,"owner":"garden-stage/schema-families:Title"}
REFERENCE_PROGRESS {"event":"file_book.definition","elapsedMs":2628,"count":417536,"owner":"Maybe"}
REFERENCE_PROGRESS {"event":"file_book.definition","elapsedMs":2628,"count":417792,"owner":"garden-stage/schema-families:Title"}
REFERENCE_PROGRESS {"event":"file_book.definition","elapsedMs":2628,"count":418048,"owner":"garden-stage/schema-families:Title"}
REFERENCE_PROGRESS {"event":"file_book.definition","elapsedMs":2628,"count":418304,"owner":"garden-stage/schema-families:Garden"}
REFERENCE_PROGRESS {"event":"file_book.definition","elapsedMs":2628,"count":418560,"owner":"Sigma"}
REFERENCE_PROGRESS {"event":"file_book.definition","elapsedMs":2628,"count":418816,"owner":"garden-stage/core-v1/src/ecs/column:History"}
REFERENCE_PROGRESS {"event":"file_book.definition","elapsedMs":2628,"count":419072,"owner":"garden-stage/core-v1/src/ecs/component:Access"}
REFERENCE_PROGRESS {"event":"file_book.definition","elapsedMs":2628,"count":419328,"owner":"garden-stage/schema-families:Garden"}
REFERENCE_PROGRESS {"event":"file_book.definition","elapsedMs":2629,"count":419584,"owner":"garden-stage/schema-families:Garden"}
REFERENCE_PROGRESS {"event":"file_book.definition","elapsedMs":2629,"count":419840,"owner":"garden-stage/runtime-owners:Resource"}
REFERENCE_PROGRESS {"event":"file_book.definition","elapsedMs":2630,"count":420096,"owner":"garden-stage/schema-families:Store"}
REFERENCE_PROGRESS {"event":"file_book.definition","elapsedMs":2630,"count":420352,"owner":"garden-stage/schema-families:Store"}
REFERENCE_PROGRESS {"event":"file_book.definition","elapsedMs":2630,"count":420608,"owner":"Bool"}
REFERENCE_PROGRESS {"event":"file_book.definition","elapsedMs":2631,"count":420864,"owner":"garden-stage/schema-families:Store"}
REFERENCE_PROGRESS {"event":"file_book.definition","elapsedMs":2631,"count":421120,"owner":"garden-stage/core-v1/src/ecs/check:Frame"}
REFERENCE_PROGRESS {"event":"file_book.definition","elapsedMs":2631,"count":421376,"owner":"Sigma"}
REFERENCE_PROGRESS {"event":"file_book.definition","elapsedMs":2632,"count":421632,"owner":"garden-stage/core-v1/src/ecs/column:History"}
REFERENCE_PROGRESS {"event":"file_book.definition","elapsedMs":2632,"count":421888,"owner":"garden-stage/core-v1/src/ecs/column:Column"}
REFERENCE_PROGRESS {"event":"file_book.definition","elapsedMs":2632,"count":422144,"owner":"garden-stage/schema-families:Count"}
REFERENCE_PROGRESS {"event":"file_book.definition","elapsedMs":2632,"count":422400,"owner":"Maybe"}
REFERENCE_PROGRESS {"event":"file_book.definition","elapsedMs":2632,"count":422656,"owner":"garden-stage/core-v1/src/ecs/indexed-lifecycle:Metadata"}
REFERENCE_PROGRESS {"event":"file_book.definition","elapsedMs":2632,"count":422912,"owner":"garden-stage/core-v1/src/ecs/indexed-lifecycle:Metadata"}
REFERENCE_PROGRESS {"event":"file_book.definition","elapsedMs":2632,"count":423168,"owner":"garden-stage/schema-families:Count"}
REFERENCE_PROGRESS {"event":"file_book.definition","elapsedMs":2632,"count":423424,"owner":"garden-stage/schema-families:Count"}
REFERENCE_PROGRESS {"event":"file_book.definition","elapsedMs":2632,"count":423680,"owner":"List"}
REFERENCE_PROGRESS {"event":"file_book.definition","elapsedMs":2632,"count":423936,"owner":"List"}
REFERENCE_PROGRESS {"event":"file_book.definition","elapsedMs":2632,"count":424192,"owner":"garden-stage/schema-families:Stock"}
REFERENCE_PROGRESS {"event":"file_book.definition","elapsedMs":2632,"count":424448,"owner":"Bool"}
REFERENCE_PROGRESS {"event":"file_book.definition","elapsedMs":2633,"count":424704,"owner":"garden-stage/core-v1/src/ecs/column:Column"}
REFERENCE_PROGRESS {"event":"file_book.definition","elapsedMs":2633,"count":424960,"owner":"garden-stage/schema-families:Stock"}
REFERENCE_PROGRESS {"event":"file_book.definition","elapsedMs":2633,"count":425216,"owner":"Maybe"}
REFERENCE_PROGRESS {"event":"file_book.definition","elapsedMs":2634,"count":425472,"owner":"Sigma"}
REFERENCE_PROGRESS {"event":"file_book.definition","elapsedMs":2634,"count":425728,"owner":"garden-stage/core-v1/src/ecs/column:IndexedPreparedCarrier"}
REFERENCE_PROGRESS {"event":"file_book.definition","elapsedMs":2634,"count":425984,"owner":"garden-stage/schema-families:Stock"}
REFERENCE_PROGRESS {"event":"file_book.definition","elapsedMs":2634,"count":426240,"owner":"garden-stage/schema-families:Stock"}
REFERENCE_PROGRESS {"event":"file_book.definition","elapsedMs":2634,"count":426496,"owner":"garden-stage/schema-families:Garden"}
REFERENCE_PROGRESS {"event":"file_book.definition","elapsedMs":2634,"count":426752,"owner":"Sigma"}
REFERENCE_PROGRESS {"event":"file_book.definition","elapsedMs":2634,"count":427008,"owner":"garden-stage/schema-families:Store"}
REFERENCE_PROGRESS {"event":"file_book.definition","elapsedMs":2634,"count":427264,"owner":"garden-stage/core-v1/src/ecs/column:Column"}
REFERENCE_PROGRESS {"event":"file_book.definition","elapsedMs":2634,"count":427520,"owner":"Maybe"}
REFERENCE_PROGRESS {"event":"file_book.definition","elapsedMs":2634,"count":427776,"owner":"Sigma"}
REFERENCE_PROGRESS {"event":"file_book.definition","elapsedMs":2634,"count":428032,"owner":"garden-stage/core-v1/src/ecs/indexed-lifecycle:Metadata"}
REFERENCE_PROGRESS {"event":"file_book.definition","elapsedMs":2634,"count":428288,"owner":"garden-stage/core-v1/src/ecs/owner-handoff:PrototypeHandoffRows"}
REFERENCE_PROGRESS {"event":"file_book.definition","elapsedMs":2634,"count":428544,"owner":"Sigma"}
REFERENCE_PROGRESS {"event":"file_book.definition","elapsedMs":2634,"count":428800,"owner":"garden-stage/core-v1/src/ecs/column:History"}
REFERENCE_PROGRESS {"event":"file_book.definition","elapsedMs":2634,"count":429056,"owner":"Maybe"}
REFERENCE_PROGRESS {"event":"file_book.definition","elapsedMs":2634,"count":429312,"owner":"garden-stage/core-v1/src/ecs/column:Column"}
REFERENCE_PROGRESS {"event":"file_book.definition","elapsedMs":2634,"count":429568,"owner":"Sigma"}
REFERENCE_PROGRESS {"event":"file_book.definition","elapsedMs":2635,"count":429824,"owner":"Bool"}
REFERENCE_PROGRESS {"event":"file_book.definition","elapsedMs":2635,"count":430080,"owner":"garden-stage/core-v1/src/ecs/column:History"}
REFERENCE_PROGRESS {"event":"file_book.definition","elapsedMs":2635,"count":430336,"owner":"garden-stage/core-v1/src/ecs/column:Column"}
REFERENCE_PROGRESS {"event":"file_book.definition","elapsedMs":2635,"count":430592,"owner":"Bool"}
REFERENCE_PROGRESS {"event":"file_book.definition","elapsedMs":2635,"count":430848,"owner":"garden-stage/schema-families:Title"}
REFERENCE_PROGRESS {"event":"file_book.definition","elapsedMs":2635,"count":431104,"owner":"garden-stage/core-v1/src/ecs/column:Column"}
REFERENCE_PROGRESS {"event":"file_book.definition","elapsedMs":2635,"count":431360,"owner":"garden-stage/schema-families:Title"}
REFERENCE_PROGRESS {"event":"file_book.definition","elapsedMs":2635,"count":431616,"owner":"garden-stage/schema-families:Title"}
REFERENCE_PROGRESS {"event":"file_book.definition","elapsedMs":2635,"count":431872,"owner":"Sigma"}
REFERENCE_PROGRESS {"event":"file_book.definition","elapsedMs":2635,"count":432128,"owner":"garden-stage/core-v1/src/ecs/column:Carrier"}
REFERENCE_PROGRESS {"event":"file_book.definition","elapsedMs":2635,"count":432384,"owner":"String"}
REFERENCE_PROGRESS {"event":"file_book.definition","elapsedMs":2636,"count":432640,"owner":"garden-stage/schema-families:Stock"}
REFERENCE_PROGRESS {"event":"file_book.definition","elapsedMs":2636,"count":432896,"owner":"garden-stage/schema-families:Garden"}
REFERENCE_PROGRESS {"event":"file_book.definition","elapsedMs":2636,"count":433152,"owner":"garden-stage/core-v1/src/ecs/check:Frame"}
REFERENCE_PROGRESS {"event":"file_book.definition","elapsedMs":2636,"count":433408,"owner":"garden-stage/schema-families:Store"}
REFERENCE_PROGRESS {"event":"file_book.definition","elapsedMs":2636,"count":433664,"owner":"String"}
REFERENCE_PROGRESS {"event":"file_book.definition","elapsedMs":2637,"count":433920,"owner":"garden-stage/schema-families:Store"}
REFERENCE_PROGRESS {"event":"file_book.definition","elapsedMs":2637,"count":434176,"owner":"garden-stage/schema-families:Garden"}
REFERENCE_PROGRESS {"event":"file_book.definition","elapsedMs":2637,"count":434432,"owner":"Bool"}
REFERENCE_PROGRESS {"event":"file_book.definition","elapsedMs":2637,"count":434688,"owner":"garden-stage/schema-families:Garden"}
REFERENCE_PROGRESS {"event":"file_book.definition","elapsedMs":2637,"count":434944,"owner":"garden-stage/runtime-owners:Resource"}
REFERENCE_PROGRESS {"event":"file_book.definition","elapsedMs":2637,"count":435200,"owner":"garden-stage/runtime-owners:Resource"}
REFERENCE_PROGRESS {"event":"file_book.definition","elapsedMs":2637,"count":435456,"owner":"garden-stage/schema-families:Count"}
REFERENCE_PROGRESS {"event":"file_book.definition","elapsedMs":2638,"count":435712,"owner":"Sigma"}
REFERENCE_PROGRESS {"event":"file_book.definition","elapsedMs":2638,"count":435968,"owner":"garden-stage/schema-families:Count"}
REFERENCE_PROGRESS {"event":"file_book.definition","elapsedMs":2638,"count":436224,"owner":"garden-stage/schema-families:Garden"}
REFERENCE_PROGRESS {"event":"file_book.definition","elapsedMs":2638,"count":436480,"owner":"Maybe"}
REFERENCE_PROGRESS {"event":"file_book.definition","elapsedMs":2638,"count":436736,"owner":"garden-stage/schema-families:Garden"}
REFERENCE_PROGRESS {"event":"file_book.definition","elapsedMs":2638,"count":436992,"owner":"garden-stage/runtime-owners:Resource"}
REFERENCE_PROGRESS {"event":"file_book.definition","elapsedMs":2638,"count":437248,"owner":"Sigma"}
REFERENCE_PROGRESS {"event":"file_book.definition","elapsedMs":2638,"count":437504,"owner":"garden-stage/schema-families:Garden"}
REFERENCE_PROGRESS {"event":"file_book.definition","elapsedMs":2638,"count":437760,"owner":"garden-stage/core-v1/src/ecs/column:Column"}
REFERENCE_PROGRESS {"event":"file_book.definition","elapsedMs":2638,"count":438016,"owner":"Sigma"}
REFERENCE_PROGRESS {"event":"file_book.definition","elapsedMs":2638,"count":438272,"owner":"Bool"}
REFERENCE_PROGRESS {"event":"file_book.definition","elapsedMs":2638,"count":438528,"owner":"garden-stage/schema-families:Title"}
REFERENCE_PROGRESS {"event":"file_book.definition","elapsedMs":2638,"count":438784,"owner":"Maybe"}
REFERENCE_PROGRESS {"event":"file_book.definition","elapsedMs":2638,"count":439040,"owner":"garden-stage/core-v1/src/ecs/lifecycle:Stamp"}
REFERENCE_PROGRESS {"event":"file_book.definition","elapsedMs":2638,"count":439296,"owner":"garden-stage/schema-families:Garden"}
REFERENCE_PROGRESS {"event":"file_book.definition","elapsedMs":2639,"count":439552,"owner":"garden-stage/schema-families:Store"}
REFERENCE_PROGRESS {"event":"file_book.definition","elapsedMs":2639,"count":439808,"owner":"Bool"}
REFERENCE_PROGRESS {"event":"file_book.definition","elapsedMs":2639,"count":440064,"owner":"garden-stage/schema-families:Garden"}
REFERENCE_PROGRESS {"event":"file_book.definition","elapsedMs":2639,"count":440320,"owner":"garden-stage/schema-families:Garden"}
REFERENCE_PROGRESS {"event":"file_book.definition","elapsedMs":2640,"count":440576,"owner":"garden-stage/schema-families:Store"}
REFERENCE_PROGRESS {"event":"file_book.definition","elapsedMs":2640,"count":440832,"owner":"garden-stage/schema-families:Garden"}
REFERENCE_PROGRESS {"event":"file_book.definition","elapsedMs":2640,"count":441088,"owner":"Maybe"}
REFERENCE_PROGRESS {"event":"file_book.definition","elapsedMs":2640,"count":441344,"owner":"Maybe"}
REFERENCE_PROGRESS {"event":"file_book.definition","elapsedMs":2640,"count":441600,"owner":"Sigma"}
REFERENCE_PROGRESS {"event":"file_book.definition","elapsedMs":2641,"count":441856,"owner":"garden-stage/core-v1/src/ecs/column:Column"}
REFERENCE_PROGRESS {"event":"file_book.definition","elapsedMs":2641,"count":442112,"owner":"garden-stage/schema-families:Stock"}
REFERENCE_PROGRESS {"event":"file_book.definition","elapsedMs":2641,"count":442368,"owner":"Bool"}
REFERENCE_PROGRESS {"event":"file_book.definition","elapsedMs":2641,"count":442624,"owner":"garden-stage/schema-families:Garden"}
REFERENCE_PROGRESS {"event":"file_book.definition","elapsedMs":2641,"count":442880,"owner":"garden-stage/schema-families:Store"}
REFERENCE_PROGRESS {"event":"file_book.definition","elapsedMs":2642,"count":443136,"owner":"Sigma"}
REFERENCE_PROGRESS {"event":"file_book.definition","elapsedMs":2642,"count":443392,"owner":"garden-stage/schema-families:Store"}
REFERENCE_PROGRESS {"event":"file_book.definition","elapsedMs":2642,"count":443648,"owner":"Sigma"}
REFERENCE_PROGRESS {"event":"file_book.definition","elapsedMs":2642,"count":443904,"owner":"garden-stage/schema-families:Garden"}
REFERENCE_PROGRESS {"event":"file_book.definition","elapsedMs":2642,"count":444160,"owner":"garden-stage/schema-families:Garden"}
REFERENCE_PROGRESS {"event":"file_book.definition","elapsedMs":2642,"count":444416,"owner":"garden-stage/schema-families:Store"}
REFERENCE_PROGRESS {"event":"file_book.definition","elapsedMs":2642,"count":444672,"owner":"garden-stage/schema-families:Active"}
REFERENCE_PROGRESS {"event":"file_book.definition","elapsedMs":2643,"count":444928,"owner":"Sigma"}
REFERENCE_PROGRESS {"event":"file_book.definition","elapsedMs":2643,"count":445184,"owner":"garden-stage/core-v1/src/ecs/check:Frame"}
REFERENCE_PROGRESS {"event":"file_book.definition","elapsedMs":2643,"count":445440,"owner":"Unit"}
REFERENCE_PROGRESS {"event":"file_book.definition","elapsedMs":2643,"count":445696,"owner":"garden-stage/schema-families:Garden"}
REFERENCE_PROGRESS {"event":"file_book.definition","elapsedMs":2643,"count":445952,"owner":"garden-stage/schema-families:Garden"}
REFERENCE_PROGRESS {"event":"file_book.definition","elapsedMs":2643,"count":446208,"owner":"garden-stage/runtime-owners:Resource"}
REFERENCE_PROGRESS {"event":"file_book.definition","elapsedMs":2643,"count":446464,"owner":"garden-stage/schema-families:Garden"}
REFERENCE_PROGRESS {"event":"file_book.definition","elapsedMs":2644,"count":446720,"owner":"garden-stage/selection:predicate_both~18"}
REFERENCE_PROGRESS {"event":"file_book.definition","elapsedMs":2644,"count":446976,"owner":"garden-stage/schema-families:Active"}
REFERENCE_PROGRESS {"event":"file_book.definition","elapsedMs":2644,"count":447232,"owner":"garden-stage/core-v1/src/ecs/column:Column"}
REFERENCE_PROGRESS {"event":"file_book.definition","elapsedMs":2644,"count":447488,"owner":"garden-stage/schema-families:Garden"}
REFERENCE_PROGRESS {"event":"file_book.definition","elapsedMs":2644,"count":447744,"owner":"garden-stage/core-v1/src/ecs/world:Handle"}
REFERENCE_PROGRESS {"event":"file_book.definition","elapsedMs":2644,"count":448000,"owner":"garden-stage/schema-families:Garden"}
REFERENCE_PROGRESS {"event":"file_book.definition","elapsedMs":2644,"count":448256,"owner":"garden-stage/schema-families:Garden"}
REFERENCE_PROGRESS {"event":"file_book.definition","elapsedMs":2644,"count":448512,"owner":"garden-stage/schema-families:Garden"}
REFERENCE_PROGRESS {"event":"file_book.definition","elapsedMs":2645,"count":448768,"owner":"Sigma"}
REFERENCE_PROGRESS {"event":"file_book.definition","elapsedMs":2645,"count":449024,"owner":"garden-stage/schema-families:Active"}
REFERENCE_PROGRESS {"event":"file_book.definition","elapsedMs":2645,"count":449280,"owner":"Sigma"}
REFERENCE_PROGRESS {"event":"file_book.definition","elapsedMs":2645,"count":449536,"owner":"garden-stage/runtime-owners:Resource"}
REFERENCE_PROGRESS {"event":"file_book.definition","elapsedMs":2645,"count":449792,"owner":"garden-stage/schema-families:Store"}
REFERENCE_PROGRESS {"event":"file_book.definition","elapsedMs":2645,"count":450048,"owner":"garden-stage/schema-families:Store"}
REFERENCE_PROGRESS {"event":"file_book.definition","elapsedMs":2645,"count":450304,"owner":"garden-stage/core-v1/src/ecs/world:Handle"}
REFERENCE_PROGRESS {"event":"file_book.definition","elapsedMs":2645,"count":450560,"owner":"garden-stage/schema-families:Garden"}
REFERENCE_PROGRESS {"event":"file_book.definition","elapsedMs":2645,"count":450816,"owner":"garden-stage/selection:predicate_right~15"}
REFERENCE_PROGRESS {"event":"file_book.definition","elapsedMs":2645,"count":451072,"owner":"garden-stage/schema-families:Garden"}
REFERENCE_PROGRESS {"event":"file_book.definition","elapsedMs":2645,"count":451328,"owner":"garden-stage/schema-families:Garden"}
REFERENCE_PROGRESS {"event":"file_book.definition","elapsedMs":2645,"count":451584,"owner":"garden-stage/core-v1/src/ecs/world:Handle"}
REFERENCE_PROGRESS {"event":"file_book.definition","elapsedMs":2645,"count":451840,"owner":"garden-stage/runtime-owners:Resource"}
REFERENCE_PROGRESS {"event":"file_book.definition","elapsedMs":2646,"count":452096,"owner":"garden-stage/schema-families:Garden"}
REFERENCE_PROGRESS {"event":"file_book.end","elapsedMs":2646,"definitions":452118,"typeAdtCalls":694137}
REFERENCE_PROGRESS {"event":"emit_iteration.begin","elapsedMs":2646,"facts":0}
REFERENCE_PROGRESS {"event":"emit_definition.begin","elapsedMs":2647,"owner":"garden-stage/families:check_matches~12"}
REFERENCE_PROGRESS {"event":"emit_definition.begin","elapsedMs":2722,"owner":"garden-stage/families:check_slot~9"}
REFERENCE_PROGRESS {"event":"emit_definition.begin","elapsedMs":2748,"owner":"garden-stage/selection:projected_right~6"}
REFERENCE_PROGRESS {"event":"emit_definition.begin","elapsedMs":2748,"owner":"garden-stage/selection:projected_left~10"}
REFERENCE_PROGRESS {"event":"emit_definition.begin","elapsedMs":2754,"owner":"garden-stage/selection:matched_right~11"}
REFERENCE_PROGRESS {"event":"emit_definition.begin","elapsedMs":2756,"owner":"garden-stage/selection:projected_left~6"}
REFERENCE_PROGRESS {"event":"emit_definition.begin","elapsedMs":2757,"owner":"garden-stage/families:check_joined~6"}
REFERENCE_PROGRESS {"event":"emit_definition.begin","elapsedMs":2758,"owner":"garden-stage/families:check_presence~6"}
REFERENCE_PROGRESS {"event":"emit_definition.begin","elapsedMs":2801,"owner":"garden-stage/families:check_matches~16"}
REFERENCE_PROGRESS {"event":"emit_definition.begin","elapsedMs":2802,"owner":"garden-stage/selection:predicate_both_target~18"}
REFERENCE_PROGRESS {"event":"emit_definition.begin","elapsedMs":2805,"owner":"garden-stage/selection:predicate_both_target~15"}
REFERENCE_PROGRESS {"event":"emit_definition.begin","elapsedMs":2809,"owner":"garden-stage/families:check_matches~18"}
REFERENCE_PROGRESS {"event":"emit_definition.begin","elapsedMs":2810,"owner":"garden-stage/families:check_matches~15"}
REFERENCE_PROGRESS {"event":"emit_definition.begin","elapsedMs":2810,"owner":"garden-stage/selection:pair_project_target~14"}
REFERENCE_PROGRESS {"event":"emit_definition.begin","elapsedMs":2821,"owner":"garden-stage/selection:pair_matches_target~17"}
REFERENCE_PROGRESS {"event":"emit_definition.begin","elapsedMs":2825,"owner":"garden-stage/selection:pair_project_target~10"}
REFERENCE_PROGRESS {"event":"emit_definition.begin","elapsedMs":2828,"owner":"garden-stage/selection:pair_matches_target~13"}
REFERENCE_PROGRESS {"event":"emit_definition.begin","elapsedMs":2849,"owner":"garden-stage/families:check_matches~11"}
REFERENCE_PROGRESS {"event":"emit_definition.begin","elapsedMs":2849,"owner":"garden-stage/selection:pair_project_target~6"}
REFERENCE_PROGRESS {"event":"emit_definition.begin","elapsedMs":2850,"owner":"garden-stage/selection:pair_matches_target~9"}
REFERENCE_PROGRESS {"event":"emit_definition.begin","elapsedMs":2851,"owner":"garden-stage/families:check_read~6"}
REFERENCE_PROGRESS {"event":"emit_definition.begin","elapsedMs":2851,"owner":"garden-stage/families:check_matches~9"}
REFERENCE_PROGRESS {"event":"emit_definition.begin","elapsedMs":2851,"owner":"garden-stage/core-v1/src/ecs/column:indexed_prepared_lifecycle_got~2"}
REFERENCE_PROGRESS {"event":"emit_definition.begin","elapsedMs":2855,"owner":"garden-stage/core-v1/src/ecs/column:indexed_lifecycle_got~2"}
REFERENCE_PROGRESS {"event":"emit_definition.begin","elapsedMs":2856,"owner":"garden-stage/families:check_with~3"}
REFERENCE_PROGRESS {"event":"emit_definition.begin","elapsedMs":2856,"owner":"garden-stage/selection:predicate_both~18"}
REFERENCE_PROGRESS {"event":"emit_definition.begin","elapsedMs":2857,"owner":"garden-stage/selection:predicate_both~15"}
REFERENCE_PROGRESS {"event":"emit_definition.begin","elapsedMs":2859,"owner":"garden-stage/families:check_without~3"}
REFERENCE_PROGRESS {"event":"emit_definition.begin","elapsedMs":2860,"owner":"garden-stage/families:check_with~2"}
REFERENCE_PROGRESS {"event":"emit_definition.begin","elapsedMs":2860,"owner":"garden-stage/selection:pair_project~14"}
REFERENCE_PROGRESS {"event":"emit_definition.begin","elapsedMs":2867,"owner":"garden-stage/selection:pair_matches~17"}
REFERENCE_PROGRESS {"event":"emit_definition.begin","elapsedMs":2871,"owner":"garden-stage/selection:pair_project~10"}
REFERENCE_PROGRESS {"event":"emit_definition.begin","elapsedMs":2872,"owner":"garden-stage/selection:pair_matches~13"}
REFERENCE_PROGRESS {"event":"emit_definition.begin","elapsedMs":2873,"owner":"garden-stage/families:check_slot~8"}
REFERENCE_PROGRESS {"event":"emit_definition.begin","elapsedMs":2874,"owner":"garden-stage/selection:project_field~19"}
REFERENCE_PROGRESS {"event":"emit_definition.begin","elapsedMs":2874,"owner":"garden-stage/selection:projected_right~7"}
REFERENCE_PROGRESS {"event":"emit_definition.begin","elapsedMs":2875,"owner":"garden-stage/selection:pair_project~6"}
REFERENCE_PROGRESS {"event":"emit_definition.begin","elapsedMs":2876,"owner":"garden-stage/selection:pair_matches~9"}
REFERENCE_PROGRESS {"event":"emit_definition.begin","elapsedMs":2879,"owner":"garden-stage/families:check_slot~6"}
REFERENCE_PROGRESS {"event":"emit_definition.begin","elapsedMs":2883,"owner":"garden-stage/selection:matches_field~23"}
REFERENCE_PROGRESS {"event":"emit_definition.begin","elapsedMs":2883,"owner":"garden-stage/core-v1/src/ecs/column:indexed_prepared_lifecycle_state~2"}
REFERENCE_PROGRESS {"event":"emit_definition.begin","elapsedMs":2885,"owner":"garden-stage/core-v1/src/ecs/column:indexed_lifecycle_state~2"}
REFERENCE_PROGRESS {"event":"emit_definition.begin","elapsedMs":2885,"owner":"garden-stage/core-v1/src/ecs/column:lifecycle_state~2"}
REFERENCE_PROGRESS {"event":"emit_definition.begin","elapsedMs":2886,"owner":"garden-stage/selection:predicate_right~15"}
REFERENCE_PROGRESS {"event":"emit_definition.begin","elapsedMs":2888,"owner":"garden-stage/selection:both~18"}
REFERENCE_PROGRESS {"event":"emit_definition.begin","elapsedMs":2893,"owner":"garden-stage/selection:both~15"}
REFERENCE_PROGRESS {"event":"emit_definition.begin","elapsedMs":2894,"owner":"garden-stage/selection:predicate_right~19"}
REFERENCE_PROGRESS {"event":"emit_definition.begin","elapsedMs":2896,"owner":"garden-stage/selection:predicate_right~14"}
REFERENCE_PROGRESS {"event":"emit_definition.begin","elapsedMs":2897,"owner":"garden-stage/selection:pair~17"}
REFERENCE_PROGRESS {"event":"emit_definition.begin","elapsedMs":2908,"owner":"garden-stage/selection:projected_left~11"}
REFERENCE_PROGRESS {"event":"emit_definition.begin","elapsedMs":2909,"owner":"garden-stage/selection:pair~13"}
REFERENCE_PROGRESS {"event":"emit_definition.begin","elapsedMs":2912,"owner":"garden-stage/selection:matched_right~10"}
REFERENCE_PROGRESS {"event":"emit_definition.begin","elapsedMs":2914,"owner":"garden-stage/selection:project_field~20"}
REFERENCE_PROGRESS {"event":"emit_definition.begin","elapsedMs":2915,"owner":"garden-stage/selection:projected_left~7"}
REFERENCE_PROGRESS {"event":"emit_definition.begin","elapsedMs":2915,"owner":"garden-stage/selection:pair~9"}
REFERENCE_PROGRESS {"event":"emit_definition.begin","elapsedMs":2925,"owner":"garden-stage/selection:matches_field~24"}
REFERENCE_PROGRESS {"event":"emit_definition.begin","elapsedMs":2925,"owner":"garden-stage/selection:matched_right~8"}
REFERENCE_PROGRESS {"event":"emit_definition.begin","elapsedMs":2925,"owner":"garden-stage/families:check_presence~5"}
REFERENCE_PROGRESS {"event":"emit_definition.begin","elapsedMs":2956,"owner":"garden-stage/core-v1/src/ecs/column:lifecycle~2"}
REFERENCE_PROGRESS {"event":"emit_definition.begin","elapsedMs":2957,"owner":"garden-stage/core-v1/src/ecs/component:lifecycle_join~4"}
REFERENCE_PROGRESS {"event":"emit_definition.begin","elapsedMs":2957,"owner":"garden-stage/selection:predicate_both_target~11"}
REFERENCE_PROGRESS {"event":"emit_definition.begin","elapsedMs":2958,"owner":"garden-stage/families:check_matches~19"}
REFERENCE_PROGRESS {"event":"emit_definition.begin","elapsedMs":2959,"owner":"garden-stage/selection:predicate_both_target~17"}
REFERENCE_PROGRESS {"event":"emit_definition.begin","elapsedMs":2960,"owner":"garden-stage/selection:predicate_both_target~14"}
REFERENCE_PROGRESS {"event":"emit_definition.begin","elapsedMs":2962,"owner":"garden-stage/families:check_matches~14"}
REFERENCE_PROGRESS {"event":"emit_definition.begin","elapsedMs":2963,"owner":"garden-stage/selection:predicate_both_target~10"}
REFERENCE_PROGRESS {"event":"emit_definition.begin","elapsedMs":2964,"owner":"garden-stage/families:check_matches~17"}
REFERENCE_PROGRESS {"event":"emit_definition.begin","elapsedMs":2964,"owner":"garden-stage/selection:predicate_both_target~9"}
REFERENCE_PROGRESS {"event":"emit_definition.begin","elapsedMs":2995,"owner":"garden-stage/families:check_matches~13"}
REFERENCE_PROGRESS {"event":"emit_definition.begin","elapsedMs":3021,"owner":"garden-stage/selection:pair_project_target~15"}
REFERENCE_PROGRESS {"event":"emit_definition.begin","elapsedMs":3031,"owner":"garden-stage/selection:pair_matches_target~16"}
REFERENCE_PROGRESS {"event":"emit_definition.begin","elapsedMs":3037,"owner":"garden-stage/selection:pair_project_target~11"}
REFERENCE_PROGRESS {"event":"emit_definition.begin","elapsedMs":3046,"owner":"garden-stage/selection:pair_matches_target~12"}
REFERENCE_PROGRESS {"event":"emit_definition.begin","elapsedMs":3050,"owner":"garden-stage/selection:pair_project_target~7"}
REFERENCE_PROGRESS {"event":"emit_definition.begin","elapsedMs":3054,"owner":"garden-stage/selection:pair_matches_target~8"}
REFERENCE_PROGRESS {"event":"emit_definition.begin","elapsedMs":3058,"owner":"garden-stage/families:check_read~5"}
REFERENCE_PROGRESS {"event":"emit_definition.begin","elapsedMs":3069,"owner":"garden-stage/families:check_matches~8"}
REFERENCE_PROGRESS {"event":"emit_definition.begin","elapsedMs":3069,"owner":"garden-stage/core-v1/src/ecs/column:indexed_prepared_lifecycle_got~1"}
REFERENCE_PROGRESS {"event":"emit_definition.begin","elapsedMs":3069,"owner":"garden-stage/core-v1/src/ecs/column:indexed_lifecycle_got~1"}
REFERENCE_PROGRESS {"event":"emit_definition.begin","elapsedMs":3069,"owner":"garden-stage/core-v1/src/ecs/column:indexed_view_restored~3"}
REFERENCE_PROGRESS {"event":"emit_definition.begin","elapsedMs":3069,"owner":"garden-stage/core-v1/src/ecs/column:indexed_projected_state~3"}
REFERENCE_PROGRESS {"event":"emit_definition.begin","elapsedMs":3070,"owner":"garden-stage/core-v1/src/ecs/column:viewed_return~3"}
REFERENCE_PROGRESS {"event":"emit_definition.begin","elapsedMs":3070,"owner":"garden-stage/core-v1/src/ecs/component:lifecycle_store~4"}
REFERENCE_PROGRESS {"event":"emit_definition.begin","elapsedMs":3070,"owner":"garden-stage/core-v1/src/ecs/column:indexed_view_restored~5"}
REFERENCE_PROGRESS {"event":"emit_definition.begin","elapsedMs":3070,"owner":"garden-stage/core-v1/src/ecs/column:indexed_projected_state~5"}
REFERENCE_PROGRESS {"event":"emit_definition.begin","elapsedMs":3070,"owner":"garden-stage/core-v1/src/ecs/column:viewed_return~5"}
REFERENCE_PROGRESS {"event":"emit_definition.begin","elapsedMs":3070,"owner":"garden-stage/core-v1/src/ecs/column:indexed_view_restored~0"}
REFERENCE_PROGRESS {"event":"emit_definition.begin","elapsedMs":3071,"owner":"garden-stage/core-v1/src/ecs/column:indexed_projected_state~0"}
REFERENCE_PROGRESS {"event":"emit_definition.begin","elapsedMs":3071,"owner":"garden-stage/core-v1/src/ecs/column:viewed_return~0"}
REFERENCE_PROGRESS {"event":"emit_definition.begin","elapsedMs":3071,"owner":"garden-stage/selection:predicate_both~11"}
REFERENCE_PROGRESS {"event":"emit_definition.begin","elapsedMs":3072,"owner":"garden-stage/families:check_without~4"}
REFERENCE_PROGRESS {"event":"emit_definition.begin","elapsedMs":3072,"owner":"garden-stage/selection:predicate_both~17"}
REFERENCE_PROGRESS {"event":"emit_definition.begin","elapsedMs":3075,"owner":"garden-stage/selection:predicate_both~14"}
REFERENCE_PROGRESS {"event":"emit_definition.begin","elapsedMs":3077,"owner":"garden-stage/families:check_without~2"}
REFERENCE_PROGRESS {"event":"emit_definition.begin","elapsedMs":3080,"owner":"garden-stage/selection:predicate_both~10"}
REFERENCE_PROGRESS {"event":"emit_definition.begin","elapsedMs":3082,"owner":"garden-stage/families:check_with~4"}
REFERENCE_PROGRESS {"event":"emit_definition.begin","elapsedMs":3083,"owner":"garden-stage/selection:predicate_both~9"}
REFERENCE_PROGRESS {"event":"emit_definition.begin","elapsedMs":3087,"owner":"garden-stage/families:check_without~1"}
REFERENCE_PROGRESS {"event":"emit_definition.begin","elapsedMs":3110,"owner":"garden-stage/selection:pair_project~15"}
REFERENCE_PROGRESS {"event":"emit_definition.begin","elapsedMs":3118,"owner":"garden-stage/selection:pair_matches~16"}
REFERENCE_PROGRESS {"event":"emit_definition.begin","elapsedMs":3127,"owner":"garden-stage/selection:pair_project~11"}
REFERENCE_PROGRESS {"event":"emit_definition.begin","elapsedMs":3131,"owner":"garden-stage/selection:pair_matches~12"}
REFERENCE_PROGRESS {"event":"emit_definition.begin","elapsedMs":3139,"owner":"garden-stage/selection:project_field~21"}
REFERENCE_PROGRESS {"event":"emit_definition.begin","elapsedMs":3139,"owner":"garden-stage/selection:projected_right~8"}
REFERENCE_PROGRESS {"event":"emit_definition.begin","elapsedMs":3139,"owner":"garden-stage/selection:pair_project~7"}
REFERENCE_PROGRESS {"event":"emit_definition.begin","elapsedMs":3142,"owner":"garden-stage/selection:pair_matches~8"}
REFERENCE_PROGRESS {"event":"emit_definition.begin","elapsedMs":3144,"owner":"garden-stage/families:check_slot~5"}
REFERENCE_PROGRESS {"event":"emit_definition.begin","elapsedMs":3146,"owner":"garden-stage/selection:matches_field~21"}
REFERENCE_PROGRESS {"event":"emit_definition.begin","elapsedMs":3146,"owner":"garden-stage/families:check_joined~4"}
REFERENCE_PROGRESS {"event":"emit_definition.begin","elapsedMs":3146,"owner":"garden-stage/core-v1/src/ecs/column:indexed_prepared_lifecycle_state~1"}
REFERENCE_PROGRESS {"event":"emit_definition.begin","elapsedMs":3146,"owner":"garden-stage/core-v1/src/ecs/column:indexed_lifecycle_state~1"}
REFERENCE_PROGRESS {"event":"emit_definition.begin","elapsedMs":3147,"owner":"garden-stage/core-v1/src/ecs/column:lifecycle_state~1"}
REFERENCE_PROGRESS {"event":"emit_definition.begin","elapsedMs":3147,"owner":"garden-stage/core-v1/src/ecs/column:indexed_view_restored~4"}
REFERENCE_PROGRESS {"event":"emit_definition.begin","elapsedMs":3147,"owner":"garden-stage/core-v1/src/ecs/column:indexed_projected_state~4"}
REFERENCE_PROGRESS {"event":"emit_definition.begin","elapsedMs":3147,"owner":"garden-stage/core-v1/src/ecs/column:viewed_return~4"}
REFERENCE_PROGRESS {"event":"emit_definition.begin","elapsedMs":3147,"owner":"garden-stage/core-v1/src/ecs/column:indexed_view_projected~3"}
REFERENCE_PROGRESS {"event":"emit_definition.begin","elapsedMs":3148,"owner":"garden-stage/core-v1/src/ecs/column:viewed~3"}
REFERENCE_PROGRESS {"event":"emit_definition.begin","elapsedMs":3148,"owner":"garden-stage/core-v1/src/ecs/column:restored~3"}
REFERENCE_PROGRESS {"event":"emit_definition.begin","elapsedMs":3148,"owner":"garden-stage/core-v1/src/ecs/component:lifecycle_world~4"}
REFERENCE_PROGRESS {"event":"emit_definition.begin","elapsedMs":3149,"owner":"garden-stage/core-v1/src/ecs/column:indexed_view_restored~2"}
REFERENCE_PROGRESS {"event":"emit_definition.begin","elapsedMs":3149,"owner":"garden-stage/core-v1/src/ecs/column:indexed_projected_state~2"}
REFERENCE_PROGRESS {"event":"emit_definition.begin","elapsedMs":3149,"owner":"garden-stage/core-v1/src/ecs/column:viewed_return~2"}
REFERENCE_PROGRESS {"event":"emit_definition.begin","elapsedMs":3149,"owner":"garden-stage/families:inspect_lifecycle~5"}
REFERENCE_PROGRESS {"event":"emit_definition.begin","elapsedMs":3150,"owner":"garden-stage/core-v1/src/ecs/column:indexed_view_restored~6"}
REFERENCE_PROGRESS {"event":"emit_definition.begin","elapsedMs":3150,"owner":"garden-stage/core-v1/src/ecs/column:indexed_projected_state~6"}
REFERENCE_PROGRESS {"event":"emit_definition.begin","elapsedMs":3150,"owner":"garden-stage/core-v1/src/ecs/column:viewed_return~6"}
REFERENCE_PROGRESS {"event":"emit_definition.begin","elapsedMs":3150,"owner":"garden-stage/core-v1/src/ecs/column:indexed_view_projected~5"}
REFERENCE_PROGRESS {"event":"emit_definition.begin","elapsedMs":3150,"owner":"garden-stage/core-v1/src/ecs/column:viewed~5"}
REFERENCE_PROGRESS {"event":"emit_definition.begin","elapsedMs":3151,"owner":"garden-stage/core-v1/src/ecs/column:restored~5"}
REFERENCE_PROGRESS {"event":"emit_definition.begin","elapsedMs":3151,"owner":"garden-stage/core-v1/src/ecs/column:indexed_view_restored~1"}
REFERENCE_PROGRESS {"event":"emit_definition.begin","elapsedMs":3151,"owner":"garden-stage/core-v1/src/ecs/column:indexed_projected_state~1"}
REFERENCE_PROGRESS {"event":"emit_definition.begin","elapsedMs":3151,"owner":"garden-stage/core-v1/src/ecs/column:viewed_return~1"}
REFERENCE_PROGRESS {"event":"emit_definition.begin","elapsedMs":3151,"owner":"garden-stage/core-v1/src/ecs/column:indexed_view_projected~0"}
REFERENCE_PROGRESS {"event":"emit_definition.begin","elapsedMs":3152,"owner":"garden-stage/core-v1/src/ecs/column:viewed~0"}
REFERENCE_PROGRESS {"event":"emit_definition.begin","elapsedMs":3152,"owner":"garden-stage/core-v1/src/ecs/column:restored~0"}
REFERENCE_PROGRESS {"event":"emit_definition.begin","elapsedMs":3152,"owner":"garden-stage/selection:both~11"}
REFERENCE_PROGRESS {"event":"emit_definition.begin","elapsedMs":3154,"owner":"garden-stage/selection:predicate_right~20"}
REFERENCE_PROGRESS {"event":"emit_definition.begin","elapsedMs":3155,"owner":"garden-stage/selection:both~17"}
REFERENCE_PROGRESS {"event":"emit_definition.begin","elapsedMs":3158,"owner":"garden-stage/selection:both~14"}
REFERENCE_PROGRESS {"event":"emit_definition.begin","elapsedMs":3159,"owner":"garden-stage/selection:predicate_right~13"}
REFERENCE_PROGRESS {"event":"emit_definition.begin","elapsedMs":3160,"owner":"garden-stage/selection:both~10"}
REFERENCE_PROGRESS {"event":"emit_definition.begin","elapsedMs":3161,"owner":"garden-stage/selection:predicate_right~17"}
REFERENCE_PROGRESS {"event":"emit_definition.begin","elapsedMs":3162,"owner":"garden-stage/selection:both~9"}
REFERENCE_PROGRESS {"event":"emit_definition.begin","elapsedMs":3166,"owner":"garden-stage/selection:predicate_right~12"}
REFERENCE_PROGRESS {"event":"emit_definition.begin","elapsedMs":3167,"owner":"garden-stage/selection:pair~16"}
REFERENCE_PROGRESS {"event":"emit_definition.begin","elapsedMs":3182,"owner":"garden-stage/families:check_joined~7"}
REFERENCE_PROGRESS {"event":"emit_definition.begin","elapsedMs":3182,"owner":"garden-stage/families:check_presence~7"}
REFERENCE_PROGRESS {"event":"emit_definition.begin","elapsedMs":3182,"owner":"garden-stage/selection:pair~12"}
REFERENCE_PROGRESS {"event":"emit_definition.begin","elapsedMs":3220,"owner":"garden-stage/selection:project_field~22"}
REFERENCE_PROGRESS {"event":"emit_definition.begin","elapsedMs":3220,"owner":"garden-stage/selection:projected_left~8"}
REFERENCE_PROGRESS {"event":"emit_definition.begin","elapsedMs":3221,"owner":"garden-stage/selection:pair~8"}
REFERENCE_PROGRESS {"event":"emit_definition.begin","elapsedMs":3238,"owner":"garden-stage/selection:matches_field~22"}
REFERENCE_PROGRESS {"event":"emit_definition.begin","elapsedMs":3238,"owner":"garden-stage/selection:matched_right~7"}
REFERENCE_PROGRESS {"event":"emit_definition.begin","elapsedMs":3238,"owner":"garden-stage/families:check_joined~5"}
REFERENCE_PROGRESS {"event":"emit_definition.begin","elapsedMs":3238,"owner":"garden-stage/families:check_presence~4"}
REFERENCE_PROGRESS {"event":"emit_definition.begin","elapsedMs":3239,"owner":"garden-stage/families:check_matched~1"}
REFERENCE_PROGRESS {"event":"emit_definition.begin","elapsedMs":3239,"owner":"garden-stage/core-v1/src/ecs/column:lifecycle~1"}
REFERENCE_PROGRESS {"event":"emit_definition.begin","elapsedMs":3243,"owner":"garden-stage/core-v1/src/ecs/component:lifecycle_join~3"}
REFERENCE_PROGRESS {"event":"emit_definition.begin","elapsedMs":3243,"owner":"garden-stage/core-v1/src/ecs/column:indexed_view_projected~4"}
REFERENCE_PROGRESS {"event":"emit_definition.begin","elapsedMs":3243,"owner":"garden-stage/core-v1/src/ecs/column:viewed~4"}
REFERENCE_PROGRESS {"event":"emit_definition.begin","elapsedMs":3244,"owner":"garden-stage/schema-families:title_done"}
REFERENCE_PROGRESS {"event":"emit_definition.begin","elapsedMs":3247,"owner":"garden-stage/core-v1/src/ecs/column:restored~4"}
REFERENCE_PROGRESS {"event":"emit_definition.begin","elapsedMs":3247,"owner":"garden-stage/core-v1/src/ecs/column:indexed_seek_view~4"}
REFERENCE_PROGRESS {"event":"emit_definition.begin","elapsedMs":3253,"owner":"garden-stage/core-v1/src/ecs/column:indexed_prepared_view_projected~3"}
REFERENCE_PROGRESS {"event":"emit_definition.begin","elapsedMs":3253,"owner":"garden-stage/core-v1/src/ecs/column:indexed_view_taken~4"}
REFERENCE_PROGRESS {"event":"emit_definition.begin","elapsedMs":3253,"owner":"garden-stage/core-v1/src/ecs/column:seek_view~4"}
REFERENCE_PROGRESS {"event":"emit_definition.begin","elapsedMs":3256,"owner":"garden-stage/core-v1/src/ecs/column:view_taken~4"}
REFERENCE_PROGRESS {"event":"emit_definition.begin","elapsedMs":3256,"owner":"garden-stage/core-v1/src/ecs/column:prepared_view_projected~3"}
REFERENCE_PROGRESS {"event":"emit_definition.begin","elapsedMs":3256,"owner":"garden-stage/core-v1/src/ecs/column:present~2"}
REFERENCE_PROGRESS {"event":"emit_definition.begin","elapsedMs":3256,"owner":"garden-stage/core-v1/src/ecs/column:plain_view_projected~3"}
REFERENCE_PROGRESS {"event":"emit_definition.begin","elapsedMs":3256,"owner":"garden-stage/core-v1/src/ecs/component:lifecycle_allowed~4"}
REFERENCE_PROGRESS {"event":"emit_definition.begin","elapsedMs":3257,"owner":"garden-stage/core-v1/src/ecs/column:indexed_view_projected~2"}
REFERENCE_PROGRESS {"event":"emit_definition.begin","elapsedMs":3257,"owner":"garden-stage/core-v1/src/ecs/column:viewed~2"}
REFERENCE_PROGRESS {"event":"emit_definition.begin","elapsedMs":3258,"owner":"garden-stage/schema-families:active_done"}
REFERENCE_PROGRESS {"event":"emit_definition.begin","elapsedMs":3258,"owner":"garden-stage/core-v1/src/ecs/column:restored~2"}
REFERENCE_PROGRESS {"event":"emit_definition.begin","elapsedMs":3258,"owner":"garden-stage/core-v1/src/ecs/column:indexed_seek_view~2"}
REFERENCE_PROGRESS {"event":"emit_definition.begin","elapsedMs":3259,"owner":"garden-stage/core-v1/src/ecs/column:indexed_view_taken~2"}
REFERENCE_PROGRESS {"event":"emit_definition.begin","elapsedMs":3259,"owner":"garden-stage/core-v1/src/ecs/column:seek_view~2"}
REFERENCE_PROGRESS {"event":"emit_definition.begin","elapsedMs":3260,"owner":"garden-stage/core-v1/src/ecs/column:view_taken~2"}
REFERENCE_PROGRESS {"event":"emit_definition.begin","elapsedMs":3260,"owner":"garden-stage/core-v1/src/ecs/column:present~1"}
REFERENCE_PROGRESS {"event":"emit_definition.begin","elapsedMs":3260,"owner":"garden-stage/selection:predicate_right~45"}
REFERENCE_PROGRESS {"event":"emit_definition.begin","elapsedMs":3261,"owner":"garden-stage/core-v1/src/ecs/column:indexed_view_projected~6"}
REFERENCE_PROGRESS {"event":"emit_definition.begin","elapsedMs":3261,"owner":"garden-stage/core-v1/src/ecs/column:viewed~6"}
REFERENCE_PROGRESS {"event":"emit_definition.begin","elapsedMs":3261,"owner":"garden-stage/schema-families:stock_done"}
REFERENCE_PROGRESS {"event":"emit_definition.begin","elapsedMs":3261,"owner":"garden-stage/core-v1/src/ecs/column:restored~6"}
REFERENCE_PROGRESS {"event":"emit_definition.begin","elapsedMs":3261,"owner":"garden-stage/core-v1/src/ecs/column:indexed_seek_view~6"}
REFERENCE_PROGRESS {"event":"emit_definition.begin","elapsedMs":3262,"owner":"garden-stage/core-v1/src/ecs/column:indexed_prepared_view_projected~5"}
REFERENCE_PROGRESS {"event":"emit_definition.begin","elapsedMs":3262,"owner":"garden-stage/core-v1/src/ecs/column:indexed_view_taken~6"}
REFERENCE_PROGRESS {"event":"emit_definition.begin","elapsedMs":3262,"owner":"garden-stage/core-v1/src/ecs/column:seek_view~6"}
REFERENCE_PROGRESS {"event":"emit_definition.begin","elapsedMs":3263,"owner":"garden-stage/core-v1/src/ecs/column:view_taken~6"}
REFERENCE_PROGRESS {"event":"emit_definition.begin","elapsedMs":3263,"owner":"garden-stage/core-v1/src/ecs/column:prepared_view_projected~5"}
REFERENCE_PROGRESS {"event":"emit_definition.begin","elapsedMs":3263,"owner":"garden-stage/core-v1/src/ecs/column:present~3"}
REFERENCE_PROGRESS {"event":"emit_definition.begin","elapsedMs":3263,"owner":"garden-stage/core-v1/src/ecs/column:plain_view_projected~5"}
REFERENCE_PROGRESS {"event":"emit_definition.begin","elapsedMs":3264,"owner":"garden-stage/families:inspect_matches~12"}
REFERENCE_PROGRESS {"event":"emit_definition.begin","elapsedMs":3264,"owner":"garden-stage/core-v1/src/ecs/column:indexed_view_projected~1"}
