{"event":"book-load-enter","monotonicNs":"222650210628252"}
{"event":"book-load-exit","monotonicNs":"222654417653852"}
{"event":"book-valid-enter","monotonicNs":"222654417683936"}
{"event":"book-valid-exit","monotonicNs":"222665959323933"}
{"event":"compile-book-enter","monotonicNs":"222665959965563"}
{"event":"declaration-enter","monotonicNs":"222666104129258","calls":0,"all":0,"adt":0,"lam":0,"declarations":1,"annotations":0,"ordinal":0,"declaration":"main","route":"declaration-type","namespace":"","begin":-1,"end":-1,"emitted":1}
{"event":"annotation-enter","monotonicNs":"222666104803221","calls":9,"all":3,"adt":3,"lam":0,"declarations":1,"annotations":1,"ordinal":1,"declaration":"main","route":"body-annotation","namespace":"","begin":-1,"end":-1,"emitted":2}
{"event":"annotation-enter","monotonicNs":"222666105299683","calls":18,"all":6,"adt":6,"lam":0,"declarations":1,"annotations":2,"ordinal":2,"declaration":"main","route":"body-annotation","namespace":"","begin":-1,"end":-1,"emitted":3}
{"event":"annotation-enter","monotonicNs":"222666105377642","calls":29,"all":10,"adt":10,"lam":0,"declarations":1,"annotations":3,"ordinal":3,"declaration":"main","route":"body-annotation","namespace":"","begin":-1,"end":-1,"emitted":4}
{"event":"declaration-enter","monotonicNs":"222666105740811","calls":30,"all":10,"adt":11,"lam":0,"declarations":2,"annotations":3,"ordinal":0,"declaration":"Sigma","route":"declaration-type","namespace":"","begin":-1,"end":-1,"emitted":5}
{"event":"declaration-enter","monotonicNs":"222666105815145","calls":49,"all":17,"adt":12,"lam":0,"declarations":3,"annotations":3,"ordinal":0,"declaration":"String","route":"declaration-type","namespace":"","begin":-1,"end":-1,"emitted":6}
{"event":"declaration-enter","monotonicNs":"222666105857729","calls":55,"all":19,"adt":16,"lam":0,"declarations":4,"annotations":3,"ordinal":0,"declaration":"Word.Con","route":"declaration-type","namespace":"","begin":-1,"end":-1,"emitted":7}
{"event":"declaration-enter","monotonicNs":"222666105926271","calls":63,"all":22,"adt":19,"lam":0,"declarations":5,"annotations":3,"ordinal":0,"declaration":"IO.OP","route":"declaration-type","namespace":"","begin":-1,"end":-1,"emitted":8}
{"event":"declaration-enter","monotonicNs":"222666105971605","calls":77,"all":27,"adt":23,"lam":0,"declarations":6,"annotations":3,"ordinal":0,"declaration":"Result","route":"declaration-type","namespace":"","begin":-1,"end":-1,"emitted":9}
{"event":"declaration-enter","monotonicNs":"222666106151189","calls":107,"all":37,"adt":25,"lam":0,"declarations":7,"annotations":3,"ordinal":0,"declaration":"Maybe","route":"declaration-type","namespace":"","begin":-1,"end":-1,"emitted":10}
{"event":"declaration-enter","monotonicNs":"222666106195315","calls":123,"all":42,"adt":27,"lam":0,"declarations":8,"annotations":3,"ordinal":0,"declaration":"Bool","route":"declaration-type","namespace":"","begin":-1,"end":-1,"emitted":11}
{"event":"declaration-enter","monotonicNs":"222666106217565","calls":125,"all":42,"adt":29,"lam":0,"declarations":9,"annotations":3,"ordinal":0,"declaration":"Unit","route":"declaration-type","namespace":"","begin":-1,"end":-1,"emitted":12}
{"event":"declaration-enter","monotonicNs":"222666106244607","calls":126,"all":42,"adt":30,"lam":0,"declarations":10,"annotations":3,"ordinal":0,"declaration":"IO.print","route":"declaration-type","namespace":"","begin":-1,"end":-1,"emitted":13}
{"event":"declaration-enter","monotonicNs":"222666106278690","calls":137,"all":46,"adt":34,"lam":0,"declarations":11,"annotations":3,"ordinal":0,"declaration":"output-adapter:main","route":"declaration-type","namespace":"","begin":-1,"end":-1,"emitted":14}
{"event":"annotation-enter","monotonicNs":"222666106304899","calls":138,"all":46,"adt":35,"lam":0,"declarations":11,"annotations":4,"ordinal":1,"declaration":"output-adapter:main","route":"body-annotation","namespace":"","begin":-1,"end":-1,"emitted":15}
{"event":"annotation-enter","monotonicNs":"222666106884320","calls":139,"all":46,"adt":36,"lam":0,"declarations":11,"annotations":5,"ordinal":2,"declaration":"output-adapter:main","route":"body-annotation","namespace":"","begin":-1,"end":-1,"emitted":16}
{"event":"annotation-enter","monotonicNs":"222666106967987","calls":144,"all":48,"adt":39,"lam":0,"declarations":11,"annotations":6,"ordinal":3,"declaration":"output-adapter:main","route":"body-annotation","namespace":"","begin":-1,"end":-1,"emitted":17}
{"event":"annotation-enter","monotonicNs":"222666112416944","calls":145,"all":48,"adt":40,"lam":0,"declarations":11,"annotations":7,"ordinal":4,"declaration":"output-adapter:main","route":"body-annotation","namespace":"","begin":-1,"end":-1,"emitted":18}
{"event":"annotation-enter","monotonicNs":"222666112591904","calls":146,"all":48,"adt":41,"lam":0,"declarations":11,"annotations":8,"ordinal":5,"declaration":"output-adapter:main","route":"body-annotation","namespace":"","begin":-1,"end":-1,"emitted":19}
{"event":"annotation-enter","monotonicNs":"222666112647613","calls":151,"all":50,"adt":44,"lam":0,"declarations":11,"annotations":9,"ordinal":6,"declaration":"output-adapter:main","route":"body-annotation","namespace":"","begin":-1,"end":-1,"emitted":20}
{"event":"annotation-enter","monotonicNs":"222666197222949","calls":152,"all":50,"adt":45,"lam":0,"declarations":11,"annotations":10,"ordinal":7,"declaration":"output-adapter:main","route":"body-annotation","namespace":"","begin":-1,"end":-1,"emitted":21}
{"event":"annotation-enter","monotonicNs":"222666197302908","calls":156,"all":51,"adt":48,"lam":0,"declarations":11,"annotations":11,"ordinal":8,"declaration":"output-adapter:main","route":"body-annotation","namespace":"","begin":-1,"end":-1,"emitted":22}
{"event":"annotation-enter","monotonicNs":"222666197376366","calls":158,"all":51,"adt":50,"lam":0,"declarations":11,"annotations":12,"ordinal":9,"declaration":"output-adapter:main","route":"body-annotation","namespace":"","begin":-1,"end":-1,"emitted":23}
{"event":"annotation-enter","monotonicNs":"222666197410367","calls":159,"all":51,"adt":51,"lam":0,"declarations":11,"annotations":13,"ordinal":10,"declaration":"output-adapter:main","route":"body-annotation","namespace":"","begin":-1,"end":-1,"emitted":24}
{"event":"annotation-enter","monotonicNs":"222666197431117","calls":164,"all":53,"adt":54,"lam":0,"declarations":11,"annotations":14,"ordinal":11,"declaration":"output-adapter:main","route":"body-annotation","namespace":"","begin":-1,"end":-1,"emitted":25}
{"event":"annotation-enter","monotonicNs":"222666197468409","calls":165,"all":53,"adt":55,"lam":0,"declarations":11,"annotations":15,"ordinal":12,"declaration":"output-adapter:main","route":"body-annotation","namespace":"","begin":-1,"end":-1,"emitted":26}
{"event":"annotation-enter","monotonicNs":"222666197482201","calls":166,"all":53,"adt":56,"lam":0,"declarations":11,"annotations":16,"ordinal":13,"declaration":"output-adapter:main","route":"body-annotation","namespace":"","begin":-1,"end":-1,"emitted":27}
{"event":"annotation-enter","monotonicNs":"222666197490034","calls":171,"all":55,"adt":59,"lam":0,"declarations":11,"annotations":17,"ordinal":14,"declaration":"output-adapter:main","route":"body-annotation","namespace":"","begin":-1,"end":-1,"emitted":28}
{"event":"annotation-enter","monotonicNs":"222666198658043","calls":172,"all":55,"adt":60,"lam":0,"declarations":11,"annotations":18,"ordinal":15,"declaration":"output-adapter:main","route":"body-annotation","namespace":"","begin":-1,"end":-1,"emitted":29}
{"event":"annotation-enter","monotonicNs":"222666198677251","calls":176,"all":56,"adt":63,"lam":0,"declarations":11,"annotations":19,"ordinal":16,"declaration":"output-adapter:main","route":"body-annotation","namespace":"","begin":-1,"end":-1,"emitted":30}
{"event":"annotation-enter","monotonicNs":"222666198713418","calls":178,"all":56,"adt":65,"lam":0,"declarations":11,"annotations":20,"ordinal":17,"declaration":"output-adapter:main","route":"body-annotation","namespace":"","begin":-1,"end":-1,"emitted":31}
{"event":"annotation-enter","monotonicNs":"222666198740002","calls":179,"all":56,"adt":66,"lam":0,"declarations":11,"annotations":21,"ordinal":18,"declaration":"output-adapter:main","route":"body-annotation","namespace":"","begin":-1,"end":-1,"emitted":32}
{"event":"annotation-enter","monotonicNs":"222666198755460","calls":184,"all":58,"adt":69,"lam":0,"declarations":11,"annotations":22,"ordinal":19,"declaration":"output-adapter:main","route":"body-annotation","namespace":"","begin":-1,"end":-1,"emitted":33}
{"event":"annotation-enter","monotonicNs":"222666198777293","calls":185,"all":58,"adt":70,"lam":0,"declarations":11,"annotations":23,"ordinal":20,"declaration":"output-adapter:main","route":"body-annotation","namespace":"","begin":-1,"end":-1,"emitted":34}
{"event":"annotation-enter","monotonicNs":"222666198788585","calls":186,"all":58,"adt":71,"lam":0,"declarations":11,"annotations":24,"ordinal":21,"declaration":"output-adapter:main","route":"body-annotation","namespace":"","begin":-1,"end":-1,"emitted":35}
{"event":"annotation-enter","monotonicNs":"222666198795794","calls":191,"all":60,"adt":74,"lam":0,"declarations":11,"annotations":25,"ordinal":22,"declaration":"output-adapter:main","route":"body-annotation","namespace":"","begin":-1,"end":-1,"emitted":36}
{"event":"annotation-enter","monotonicNs":"222666206061348","calls":192,"all":60,"adt":75,"lam":0,"declarations":11,"annotations":26,"ordinal":23,"declaration":"output-adapter:main","route":"body-annotation","namespace":"","begin":-1,"end":-1,"emitted":37}
{"event":"annotation-enter","monotonicNs":"222666206091681","calls":196,"all":61,"adt":78,"lam":0,"declarations":11,"annotations":27,"ordinal":24,"declaration":"output-adapter:main","route":"body-annotation","namespace":"","begin":-1,"end":-1,"emitted":38}
{"event":"annotation-enter","monotonicNs":"222666206129931","calls":198,"all":61,"adt":80,"lam":0,"declarations":11,"annotations":28,"ordinal":25,"declaration":"output-adapter:main","route":"body-annotation","namespace":"","begin":-1,"end":-1,"emitted":39}
{"event":"annotation-enter","monotonicNs":"222666206145932","calls":199,"all":61,"adt":81,"lam":0,"declarations":11,"annotations":29,"ordinal":26,"declaration":"output-adapter:main","route":"body-annotation","namespace":"","begin":-1,"end":-1,"emitted":40}
{"event":"annotation-enter","monotonicNs":"222666206153848","calls":204,"all":63,"adt":84,"lam":0,"declarations":11,"annotations":30,"ordinal":27,"declaration":"output-adapter:main","route":"body-annotation","namespace":"","begin":-1,"end":-1,"emitted":41}
{"event":"annotation-enter","monotonicNs":"222666206184598","calls":205,"all":63,"adt":85,"lam":0,"declarations":11,"annotations":31,"ordinal":28,"declaration":"output-adapter:main","route":"body-annotation","namespace":"","begin":-1,"end":-1,"emitted":42}
{"event":"annotation-enter","monotonicNs":"222666206406517","calls":206,"all":63,"adt":86,"lam":0,"declarations":11,"annotations":32,"ordinal":29,"declaration":"output-adapter:main","route":"body-annotation","namespace":"","begin":-1,"end":-1,"emitted":43}
{"event":"declaration-enter","monotonicNs":"222666206437392","calls":212,"all":64,"adt":91,"lam":0,"declarations":12,"annotations":33,"ordinal":0,"declaration":"Char","route":"declaration-type","namespace":"","begin":-1,"end":-1,"emitted":44}
{"event":"declaration-enter","monotonicNs":"222666206467392","calls":215,"all":65,"adt":93,"lam":0,"declarations":13,"annotations":33,"ordinal":0,"declaration":"five-phase-driver:Built","route":"declaration-type","namespace":"","begin":-1,"end":-1,"emitted":45}
{"event":"declaration-enter","monotonicNs":"222666206482184","calls":231,"all":70,"adt":98,"lam":0,"declarations":14,"annotations":33,"ordinal":0,"declaration":"schema-families:Workshop","route":"declaration-type","namespace":"","begin":-1,"end":-1,"emitted":46}
{"event":"declaration-enter","monotonicNs":"222666206487017","calls":232,"all":70,"adt":99,"lam":0,"declarations":15,"annotations":33,"ordinal":0,"declaration":"fixture:Built","route":"declaration-type","namespace":"","begin":-1,"end":-1,"emitted":47}
{"event":"declaration-enter","monotonicNs":"222666206496226","calls":248,"all":75,"adt":104,"lam":0,"declarations":16,"annotations":33,"ordinal":0,"declaration":"schema-families:Garden","route":"declaration-type","namespace":"","begin":-1,"end":-1,"emitted":48}
{"event":"declaration-enter","monotonicNs":"222666206499976","calls":249,"all":75,"adt":105,"lam":0,"declarations":17,"annotations":33,"ordinal":0,"declaration":"String.append","route":"declaration-type","namespace":"","begin":-1,"end":-1,"emitted":49}
{"event":"declaration-enter","monotonicNs":"222666206723769","calls":298,"all":92,"adt":137,"lam":0,"declarations":18,"annotations":47,"ordinal":0,"declaration":"output-adapter:driver~0","route":"declaration-type","namespace":"","begin":-1,"end":-1,"emitted":50}
{"event":"declaration-enter","monotonicNs":"222666207459150","calls":794,"all":190,"adt":458,"lam":6,"declarations":19,"annotations":103,"ordinal":0,"declaration":"five-phase-driver:workshop","route":"declaration-type","namespace":"","begin":-1,"end":-1,"emitted":51}
{"event":"declaration-enter","monotonicNs":"222666207510692","calls":808,"all":192,"adt":470,"lam":6,"declarations":20,"annotations":107,"ordinal":0,"declaration":"output-adapter:retry~0","route":"declaration-type","namespace":"","begin":-1,"end":-1,"emitted":52}
{"event":"annotation-enter","monotonicNs":"222666207793194","calls":908,"all":212,"adt":546,"lam":6,"declarations":20,"annotations":128,"ordinal":21,"declaration":"output-adapter:retry~0","route":"body-annotation","namespace":"","begin":-1,"end":-1,"emitted":53}
{"event":"declaration-enter","monotonicNs":"222666207823111","calls":924,"all":216,"adt":558,"lam":6,"declarations":21,"annotations":133,"ordinal":0,"declaration":"fixture:workshop","route":"declaration-type","namespace":"","begin":-1,"end":-1,"emitted":54}
{"event":"declaration-enter","monotonicNs":"222666207848777","calls":928,"all":216,"adt":562,"lam":6,"declarations":22,"annotations":134,"ordinal":0,"declaration":"output-adapter:driver~1","route":"declaration-type","namespace":"","begin":-1,"end":-1,"emitted":55}
{"event":"type-adts-progress","monotonicNs":"222666210944634","calls":1024,"all":238,"adt":625,"lam":6,"declarations":22,"annotations":143,"ordinal":9,"declaration":"output-adapter:driver~1","route":"body-annotation","namespace":"","begin":-1,"end":-1,"emitted":56}
{"event":"declaration-enter","monotonicNs":"222666212357269","calls":1424,"all":314,"adt":883,"lam":12,"declarations":23,"annotations":190,"ordinal":0,"declaration":"five-phase-driver:garden","route":"declaration-type","namespace":"","begin":-1,"end":-1,"emitted":57}
{"event":"declaration-enter","monotonicNs":"222666212459645","calls":1438,"all":316,"adt":895,"lam":12,"declarations":24,"annotations":194,"ordinal":0,"declaration":"output-adapter:retry~1","route":"declaration-type","namespace":"","begin":-1,"end":-1,"emitted":58}
{"event":"declaration-enter","monotonicNs":"222666219609365","calls":1554,"all":340,"adt":983,"lam":12,"declarations":25,"annotations":220,"ordinal":0,"declaration":"fixture:garden","route":"declaration-type","namespace":"","begin":-1,"end":-1,"emitted":59}
{"event":"declaration-enter","monotonicNs":"222666219663324","calls":1558,"all":340,"adt":987,"lam":12,"declarations":26,"annotations":221,"ordinal":0,"declaration":"five-phase-driver:Driver","route":"declaration-type","namespace":"","begin":-1,"end":-1,"emitted":60}
{"event":"declaration-enter","monotonicNs":"222666219677324","calls":1570,"all":343,"adt":991,"lam":12,"declarations":27,"annotations":221,"ordinal":0,"declaration":"core-v1/src/ecs/world:Factory","route":"declaration-type","namespace":"","begin":-1,"end":-1,"emitted":61}
{"event":"declaration-enter","monotonicNs":"222666219683074","calls":1573,"all":344,"adt":993,"lam":12,"declarations":28,"annotations":221,"ordinal":0,"declaration":"runtime-owners:Resource","route":"declaration-type","namespace":"","begin":-1,"end":-1,"emitted":62}
{"event":"declaration-enter","monotonicNs":"222666219689782","calls":1585,"all":348,"adt":998,"lam":12,"declarations":29,"annotations":221,"ordinal":0,"declaration":"fixture:Fixture","route":"declaration-type","namespace":"","begin":-1,"end":-1,"emitted":63}
{"event":"declaration-enter","monotonicNs":"222666219705449","calls":1604,"all":352,"adt":1006,"lam":12,"declarations":30,"annotations":221,"ordinal":0,"declaration":"gate-phase:State","route":"declaration-type","namespace":"","begin":-1,"end":-1,"emitted":64}
{"event":"declaration-enter","monotonicNs":"222666219781991","calls":1623,"all":357,"adt":1013,"lam":12,"declarations":31,"annotations":221,"ordinal":0,"declaration":"List","route":"declaration-type","namespace":"","begin":-1,"end":-1,"emitted":65}
{"event":"declaration-enter","monotonicNs":"222666219793658","calls":1643,"all":363,"adt":1016,"lam":12,"declarations":32,"annotations":221,"ordinal":0,"declaration":"five-phase-driver:Record","route":"declaration-type","namespace":"","begin":-1,"end":-1,"emitted":66}
{"event":"type-adts-progress","monotonicNs":"222666220290578","calls":2048,"all":452,"adt":1239,"lam":17,"declarations":43,"annotations":248,"ordinal":2,"declaration":"world-observer:world~0","route":"body-annotation","namespace":"","begin":-1,"end":-1,"emitted":67}
{"event":"annotation-enter","monotonicNs":"222666220651331","calls":2462,"all":530,"adt":1528,"lam":25,"declarations":43,"annotations":256,"ordinal":10,"declaration":"world-observer:world~0","route":"body-annotation","namespace":"","begin":-1,"end":-1,"emitted":68}
{"event":"type-adts-progress","monotonicNs":"222666249610921","calls":3072,"all":595,"adt":1936,"lam":55,"declarations":46,"annotations":312,"ordinal":4,"declaration":"five-phase-driver:holders~0","route":"body-annotation","namespace":"","begin":-1,"end":-1,"emitted":69}
{"event":"annotation-enter","monotonicNs":"222666272948552","calls":3582,"all":655,"adt":2293,"lam":72,"declarations":51,"annotations":384,"ordinal":4,"declaration":"fixture:build~0","route":"body-annotation","namespace":"","begin":-1,"end":-1,"emitted":70}
{"event":"type-adts-progress","monotonicNs":"222666274311896","calls":4096,"all":749,"adt":2650,"lam":82,"declarations":54,"annotations":432,"ordinal":7,"declaration":"world-observer:world~1","route":"body-annotation","namespace":"","begin":-1,"end":-1,"emitted":71}
{"event":"annotation-enter","monotonicNs":"222666307971729","calls":5029,"all":853,"adt":3273,"lam":126,"declarations":58,"annotations":512,"ordinal":11,"declaration":"five-phase-driver:built~1","route":"body-annotation","namespace":"","begin":-1,"end":-1,"emitted":72}
{"event":"type-adts-progress","monotonicNs":"222666318276472","calls":5120,"all":871,"adt":3338,"lam":126,"declarations":59,"annotations":525,"ordinal":5,"declaration":"output-adapter:retry_finished~1","route":"body-annotation","namespace":"","begin":-1,"end":-1,"emitted":73}
{"event":"annotation-enter","monotonicNs":"222666319998527","calls":5924,"all":1041,"adt":3830,"lam":137,"declarations":74,"annotations":640,"ordinal":1,"declaration":"world-observer:joined~0","route":"body-annotation","namespace":"","begin":-1,"end":-1,"emitted":74}
{"event":"type-adts-progress","monotonicNs":"222666320146069","calls":6144,"all":1080,"adt":3960,"lam":150,"declarations":74,"annotations":642,"ordinal":3,"declaration":"world-observer:joined~0","route":"body-annotation","namespace":"","begin":-1,"end":-1,"emitted":75}
{"event":"type-adts-progress","monotonicNs":"222666612701199","calls":7168,"all":1185,"adt":4653,"lam":217,"declarations":74,"annotations":688,"ordinal":49,"declaration":"world-observer:joined~0","route":"body-annotation","namespace":"","begin":-1,"end":-1,"emitted":76}
{"event":"annotation-enter","monotonicNs":"222666617661986","calls":7357,"all":1236,"adt":4788,"lam":217,"declarations":74,"annotations":768,"ordinal":129,"declaration":"world-observer:joined~0","route":"body-annotation","namespace":"","begin":-1,"end":-1,"emitted":77}
{"event":"type-adts-progress","monotonicNs":"222666703699374","calls":8192,"all":1309,"adt":5381,"lam":267,"declarations":78,"annotations":812,"ordinal":7,"declaration":"world-observer:pending~0","route":"body-annotation","namespace":"","begin":-1,"end":-1,"emitted":78}
{"event":"annotation-enter","monotonicNs":"222666720937961","calls":8950,"all":1383,"adt":5875,"lam":310,"declarations":83,"annotations":896,"ordinal":9,"declaration":"gates:holder~0","route":"body-annotation","namespace":"","begin":-1,"end":-1,"emitted":79}
{"event":"type-adts-progress","monotonicNs":"222666723125435","calls":9216,"all":1414,"adt":6069,"lam":321,"declarations":85,"annotations":934,"ordinal":3,"declaration":"gate-phase:initial~0","route":"body-annotation","namespace":"","begin":-1,"end":-1,"emitted":80}
{"event":"annotation-enter","monotonicNs":"222666744837763","calls":9939,"all":1528,"adt":6583,"lam":330,"declarations":92,"annotations":1024,"ordinal":12,"declaration":"core-v1/src/ecs/world:create~0","route":"body-annotation","namespace":"","begin":-1,"end":-1,"emitted":81}
{"event":"type-adts-progress","monotonicNs":"222666747148197","calls":10240,"all":1602,"adt":6775,"lam":330,"declarations":96,"annotations":1086,"ordinal":0,"declaration":"world-observer:joined~1","route":"declaration-type","namespace":"","begin":-1,"end":-1,"emitted":82}
{"event":"type-adts-progress","monotonicNs":"222666748163371","calls":11264,"all":1734,"adt":7421,"lam":401,"declarations":96,"annotations":1101,"ordinal":15,"declaration":"world-observer:joined~1","route":"body-annotation","namespace":"","begin":-1,"end":-1,"emitted":83}
{"event":"annotation-enter","monotonicNs":"222666748697625","calls":11600,"all":1770,"adt":7674,"lam":415,"declarations":96,"annotations":1152,"ordinal":66,"declaration":"world-observer:joined~1","route":"body-annotation","namespace":"","begin":-1,"end":-1,"emitted":84}
{"event":"type-adts-progress","monotonicNs":"222666764646702","calls":12288,"all":1861,"adt":8143,"lam":453,"declarations":99,"annotations":1249,"ordinal":1,"declaration":"world-observer:pending~1","route":"body-annotation","namespace":"","begin":-1,"end":-1,"emitted":85}
{"event":"annotation-enter","monotonicNs":"222666765496708","calls":12799,"all":1905,"adt":8533,"lam":474,"declarations":101,"annotations":1280,"ordinal":9,"declaration":"world-observer:instance~1","route":"body-annotation","namespace":"","begin":-1,"end":-1,"emitted":86}
{"event":"type-adts-progress","monotonicNs":"222666766294589","calls":13312,"all":1941,"adt":8850,"lam":510,"declarations":103,"annotations":1323,"ordinal":13,"declaration":"gates:holder~1","route":"body-annotation","namespace":"","begin":-1,"end":-1,"emitted":87}
{"event":"annotation-enter","monotonicNs":"222666831580490","calls":13922,"all":2030,"adt":9296,"lam":521,"declarations":108,"annotations":1408,"ordinal":2,"declaration":"fixture:created~1","route":"body-annotation","namespace":"","begin":-1,"end":-1,"emitted":88}
{"event":"type-adts-progress","monotonicNs":"222666974542135","calls":14336,"all":2105,"adt":9559,"lam":524,"declarations":117,"annotations":1460,"ordinal":12,"declaration":"output-adapter:gates~0","route":"body-annotation","namespace":"","begin":-1,"end":-1,"emitted":89}
{"event":"annotation-enter","monotonicNs":"222667746658157","calls":14711,"all":2158,"adt":9789,"lam":549,"declarations":122,"annotations":1536,"ordinal":18,"declaration":"owner-observer:array~1","route":"body-annotation","namespace":"","begin":-1,"end":-1,"emitted":90}
{"event":"type-adts-progress","monotonicNs":"222667807583151","calls":15360,"all":2221,"adt":10200,"lam":603,"declarations":127,"annotations":1585,"ordinal":1,"declaration":"world-observer:pending_join~0","route":"body-annotation","namespace":"","begin":-1,"end":-1,"emitted":91}
{"event":"declaration-enter","monotonicNs":"222667814522869","calls":15632,"all":2239,"adt":10416,"lam":612,"declarations":128,"annotations":1595,"ordinal":0,"declaration":"gates:no_args~0","route":"declaration-type","namespace":"","begin":-1,"end":-1,"emitted":92}
{"event":"annotation-enter","monotonicNs":"222667824538777","calls":16229,"all":2300,"adt":10825,"lam":645,"declarations":130,"annotations":1664,"ordinal":8,"declaration":"gates:holder_join~0","route":"body-annotation","namespace":"","begin":-1,"end":-1,"emitted":93}
{"event":"type-adts-progress","monotonicNs":"222667825975371","calls":16384,"all":2318,"adt":10917,"lam":659,"declarations":131,"annotations":1683,"ordinal":8,"declaration":"gates:args","route":"body-annotation","namespace":"","begin":-1,"end":-1,"emitted":94}
{"event":"type-adts-progress","monotonicNs":"222667850376135","calls":17408,"all":2511,"adt":11572,"lam":670,"declarations":135,"annotations":1755,"ordinal":2,"declaration":"gate-phase:registered~0","route":"body-annotation","namespace":"","begin":-1,"end":-1,"emitted":95}
{"event":"annotation-enter","monotonicNs":"222667851584686","calls":17638,"all":2545,"adt":11745,"lam":670,"declarations":137,"annotations":1792,"ordinal":8,"declaration":"phase-driver:fresh~0","route":"body-annotation","namespace":"","begin":-1,"end":-1,"emitted":96}
{"event":"type-adts-progress","monotonicNs":"222667857826274","calls":18432,"all":2701,"adt":12290,"lam":692,"declarations":141,"annotations":1880,"ordinal":5,"declaration":"core-v1/src/ecs/world:advance_clock~0","route":"body-annotation","namespace":"","begin":-1,"end":-1,"emitted":97}
{"event":"annotation-enter","monotonicNs":"222667861693969","calls":18895,"all":2768,"adt":12632,"lam":704,"declarations":142,"annotations":1920,"ordinal":2,"declaration":"core-v1/src/ecs/world:create_checked~0","route":"body-annotation","namespace":"","begin":-1,"end":-1,"emitted":98}
{"event":"type-adts-progress","monotonicNs":"222667866397629","calls":19456,"all":2831,"adt":13021,"lam":732,"declarations":145,"annotations":1994,"ordinal":10,"declaration":"owner-observer:column~7","route":"body-annotation","namespace":"","begin":-1,"end":-1,"emitted":99}
{"event":"annotation-enter","monotonicNs":"222667875051068","calls":20325,"all":2900,"adt":13646,"lam":779,"declarations":149,"annotations":2048,"ordinal":15,"declaration":"world-observer:registry~1","route":"body-annotation","namespace":"","begin":-1,"end":-1,"emitted":100}
{"event":"type-adts-progress","monotonicNs":"222667882723625","calls":20480,"all":2926,"adt":13755,"lam":783,"declarations":150,"annotations":2084,"ordinal":1,"declaration":"gates:holder_join~1","route":"body-annotation","namespace":"","begin":-1,"end":-1,"emitted":101}
{"event":"type-adts-progress","monotonicNs":"222667887609245","calls":21504,"all":3109,"adt":14407,"lam":806,"declarations":152,"annotations":2154,"ordinal":18,"declaration":"five-phase-driver:mutate~1","route":"body-annotation","namespace":"","begin":-1,"end":-1,"emitted":102}
{"event":"annotation-enter","monotonicNs":"222667937759575","calls":21704,"all":3150,"adt":14541,"lam":806,"declarations":153,"annotations":2176,"ordinal":10,"declaration":"gate-phase:registered~1","route":"body-annotation","namespace":"","begin":-1,"end":-1,"emitted":103}
{"event":"type-adts-progress","monotonicNs":"222667942145150","calls":22528,"all":3277,"adt":15126,"lam":829,"declarations":158,"annotations":2247,"ordinal":6,"declaration":"core-v1/src/ecs/world:advance_clock~1","route":"body-annotation","namespace":"","begin":-1,"end":-1,"emitted":104}
{"event":"annotation-enter","monotonicNs":"222667942574111","calls":23052,"all":3348,"adt":15528,"lam":840,"declarations":159,"annotations":2304,"ordinal":20,"declaration":"core-v1/src/ecs/world:create_checked~1","route":"body-annotation","namespace":"","begin":-1,"end":-1,"emitted":105}
{"event":"type-adts-progress","monotonicNs":"222667943439618","calls":23552,"all":3474,"adt":15831,"lam":850,"declarations":168,"annotations":2419,"ordinal":3,"declaration":"Nat.show.put","route":"body-annotation","namespace":"","begin":-1,"end":-1,"emitted":106}
{"event":"annotation-enter","monotonicNs":"222667943560994","calls":23602,"all":3480,"adt":15862,"lam":854,"declarations":169,"annotations":2432,"ordinal":3,"declaration":"List.show.go~1","route":"body-annotation","namespace":"","begin":-1,"end":-1,"emitted":107}
{"event":"annotation-enter","monotonicNs":"222667944781544","calls":24559,"all":3605,"adt":16443,"lam":926,"declarations":177,"annotations":2560,"ordinal":4,"declaration":"owner-observer:column_done~3","route":"body-annotation","namespace":"","begin":-1,"end":-1,"emitted":108}
{"event":"type-adts-progress","monotonicNs":"222667944798419","calls":24576,"all":3606,"adt":16453,"lam":927,"declarations":177,"annotations":2561,"ordinal":5,"declaration":"owner-observer:column_done~3","route":"body-annotation","namespace":"","begin":-1,"end":-1,"emitted":109}
{"event":"annotation-enter","monotonicNs":"222667945900844","calls":25547,"all":3713,"adt":17015,"lam":1013,"declarations":183,"annotations":2688,"ordinal":24,"declaration":"gates:args_join","route":"body-annotation","namespace":"","begin":-1,"end":-1,"emitted":110}
{"event":"type-adts-progress","monotonicNs":"222667945950928","calls":25600,"all":3720,"adt":17043,"lam":1018,"declarations":184,"annotations":2693,"ordinal":0,"declaration":"five-phase-driver:prepared~0","route":"declaration-type","namespace":"","begin":-1,"end":-1,"emitted":111}
{"event":"type-adts-progress","monotonicNs":"222667948553989","calls":26624,"all":3897,"adt":17685,"lam":1046,"declarations":185,"annotations":2742,"ordinal":13,"declaration":"five-phase-driver:mutate_choice~0","route":"body-annotation","namespace":"","begin":-1,"end":-1,"emitted":112}
{"event":"annotation-enter","monotonicNs":"222667953534734","calls":27196,"all":3987,"adt":18105,"lam":1052,"declarations":188,"annotations":2816,"ordinal":21,"declaration":"retry-driver:choose~0","route":"body-annotation","namespace":"","begin":-1,"end":-1,"emitted":113}
{"event":"type-adts-progress","monotonicNs":"222667955041829","calls":27648,"all":4058,"adt":18452,"lam":1058,"declarations":193,"annotations":2879,"ordinal":4,"declaration":"output-adapter:gate~1","route":"body-annotation","namespace":"","begin":-1,"end":-1,"emitted":114}
{"event":"annotation-enter","monotonicNs":"222667979317217","calls":28182,"all":4124,"adt":18790,"lam":1096,"declarations":196,"annotations":2944,"ordinal":3,"declaration":"owner-observer:column_done~7","route":"body-annotation","namespace":"","begin":-1,"end":-1,"emitted":115}
{"event":"type-adts-progress","monotonicNs":"222667979781387","calls":28672,"all":4201,"adt":19082,"lam":1123,"declarations":198,"annotations":2989,"ordinal":3,"declaration":"five-phase-driver:prepared~1","route":"body-annotation","namespace":"","begin":-1,"end":-1,"emitted":116}
{"event":"type-adts-progress","monotonicNs":"222667980460601","calls":29696,"all":4356,"adt":19755,"lam":1150,"declarations":199,"annotations":3064,"ordinal":42,"declaration":"five-phase-driver:mutate_choice~1","route":"body-annotation","namespace":"","begin":-1,"end":-1,"emitted":117}
{"event":"annotation-enter","monotonicNs":"222667980522185","calls":29764,"all":4371,"adt":19804,"lam":1150,"declarations":200,"annotations":3072,"ordinal":7,"declaration":"gates:register~1","route":"body-annotation","namespace":"","begin":-1,"end":-1,"emitted":118}
{"event":"annotation-enter","monotonicNs":"222667981995695","calls":30686,"all":4558,"adt":20457,"lam":1156,"declarations":209,"annotations":3200,"ordinal":30,"declaration":"owner-observer:diagnostic~0","route":"body-annotation","namespace":"","begin":-1,"end":-1,"emitted":119}
{"event":"type-adts-progress","monotonicNs":"222667993881867","calls":30720,"all":4567,"adt":20481,"lam":1156,"declarations":209,"annotations":3215,"ordinal":45,"declaration":"owner-observer:diagnostic~0","route":"body-annotation","namespace":"","begin":-1,"end":-1,"emitted":120}
{"event":"annotation-enter","monotonicNs":"222668003024310","calls":31518,"all":4698,"adt":20974,"lam":1208,"declarations":215,"annotations":3328,"ordinal":17,"declaration":"owner-observer:column_done~2","route":"body-annotation","namespace":"","begin":-1,"end":-1,"emitted":121}
{"event":"type-adts-progress","monotonicNs":"222668003474522","calls":31744,"all":4711,"adt":21099,"lam":1227,"declarations":216,"annotations":3345,"ordinal":16,"declaration":"owner-observer:array~4","route":"body-annotation","namespace":"","begin":-1,"end":-1,"emitted":122}
{"event":"annotation-enter","monotonicNs":"222668004594072","calls":32686,"all":4806,"adt":21626,"lam":1313,"declarations":224,"annotations":3456,"ordinal":18,"declaration":"owner-observer:node_join~0","route":"body-annotation","namespace":"","begin":-1,"end":-1,"emitted":123}
{"event":"type-adts-progress","monotonicNs":"222668009261064","calls":32768,"all":4819,"adt":21674,"lam":1318,"declarations":225,"annotations":3470,"ordinal":7,"declaration":"List.show.go~0","route":"body-annotation","namespace":"","begin":-1,"end":-1,"emitted":124}
{"event":"type-adts-progress","monotonicNs":"222668011848209","calls":33792,"all":5001,"adt":22348,"lam":1335,"declarations":228,"annotations":3552,"ordinal":25,"declaration":"five-phase-driver:mutated~0","route":"body-annotation","namespace":"","begin":-1,"end":-1,"emitted":125}
{"event":"annotation-enter","monotonicNs":"222668046073296","calls":34233,"all":5030,"adt":22680,"lam":1355,"declarations":231,"annotations":3584,"ordinal":2,"declaration":"gates:register_name~0","route":"body-annotation","namespace":"","begin":-1,"end":-1,"emitted":126}
{"event":"type-adts-progress","monotonicNs":"222668053861687","calls":34816,"all":5111,"adt":23092,"lam":1367,"declarations":234,"annotations":3645,"ordinal":0,"declaration":"retry-driver:failing~0","route":"declaration-type","namespace":"","begin":-1,"end":-1,"emitted":127}
{"event":"annotation-enter","monotonicNs":"222668100334824","calls":35620,"all":5206,"adt":23708,"lam":1384,"declarations":238,"annotations":3712,"ordinal":10,"declaration":"fixture:missing_reserved~0","route":"body-annotation","namespace":"","begin":-1,"end":-1,"emitted":128}
{"event":"type-adts-progress","monotonicNs":"222668203962593","calls":35840,"all":5237,"adt":23873,"lam":1390,"declarations":239,"annotations":3731,"ordinal":3,"declaration":"core-v1/src/ecs/world:reserve_id~0","route":"body-annotation","namespace":"","begin":-1,"end":-1,"emitted":129}
{"event":"type-adts-progress","monotonicNs":"222668205134727","calls":36864,"all":5406,"adt":24621,"lam":1413,"declarations":245,"annotations":3833,"ordinal":34,"declaration":"owner-observer:diagnostic~1","route":"body-annotation","namespace":"","begin":-1,"end":-1,"emitted":130}
{"event":"annotation-enter","monotonicNs":"222668205177977","calls":36880,"all":5411,"adt":24633,"lam":1413,"declarations":245,"annotations":3840,"ordinal":41,"declaration":"owner-observer:diagnostic~1","route":"body-annotation","namespace":"","begin":-1,"end":-1,"emitted":131}
{"event":"type-adts-progress","monotonicNs":"222668224786122","calls":37888,"all":5570,"adt":25264,"lam":1460,"declarations":249,"annotations":3944,"ordinal":28,"declaration":"five-phase-driver:completed~1","route":"body-annotation","namespace":"","begin":-1,"end":-1,"emitted":132}
{"event":"annotation-enter","monotonicNs":"222668226093632","calls":38218,"all":5623,"adt":25486,"lam":1467,"declarations":251,"annotations":3968,"ordinal":3,"declaration":"five-phase-driver:mutated~1","route":"body-annotation","namespace":"","begin":-1,"end":-1,"emitted":133}
{"event":"type-adts-progress","monotonicNs":"222668237230132","calls":38912,"all":5687,"adt":25987,"lam":1494,"declarations":253,"annotations":4019,"ordinal":15,"declaration":"mutations:structural~1","route":"body-annotation","namespace":"","begin":-1,"end":-1,"emitted":134}
{"event":"declaration-enter","monotonicNs":"222668238211972","calls":39487,"all":5764,"adt":26417,"lam":1507,"declarations":256,"annotations":4083,"ordinal":0,"declaration":"retry-driver:failing~1","route":"declaration-type","namespace":"","begin":-1,"end":-1,"emitted":135}
{"event":"annotation-enter","monotonicNs":"222668238406224","calls":39715,"all":5795,"adt":26603,"lam":1507,"declarations":257,"annotations":4096,"ordinal":5,"declaration":"retry-driver:success_observed~1","route":"body-annotation","namespace":"","begin":-1,"end":-1,"emitted":136}
{"event":"type-adts-progress","monotonicNs":"222668238517266","calls":39936,"all":5823,"adt":26757,"lam":1515,"declarations":257,"annotations":4119,"ordinal":28,"declaration":"retry-driver:success_observed~1","route":"body-annotation","namespace":"","begin":-1,"end":-1,"emitted":137}
{"event":"type-adts-progress","monotonicNs":"222668243996973","calls":40960,"all":5964,"adt":27521,"lam":1539,"declarations":260,"annotations":4178,"ordinal":12,"declaration":"core-v1/src/ecs/world:reserve_id~1","route":"body-annotation","namespace":"","begin":-1,"end":-1,"emitted":138}
{"event":"annotation-enter","monotonicNs":"222668261995732","calls":41303,"all":5997,"adt":27788,"lam":1552,"declarations":261,"annotations":4224,"ordinal":17,"declaration":"fixture:reserved~1","route":"body-annotation","namespace":"","begin":-1,"end":-1,"emitted":139}
{"event":"annotation-enter","monotonicNs":"222668306454729","calls":41918,"all":6118,"adt":28205,"lam":1572,"declarations":270,"annotations":4352,"ordinal":32,"declaration":"owner-observer:store_3~0","route":"body-annotation","namespace":"","begin":-1,"end":-1,"emitted":140}
{"event":"type-adts-progress","monotonicNs":"222668306828773","calls":41984,"all":6127,"adt":28246,"lam":1576,"declarations":271,"annotations":4360,"ordinal":2,"declaration":"owner-observer:column~0","route":"body-annotation","namespace":"","begin":-1,"end":-1,"emitted":141}
{"event":"type-adts-progress","monotonicNs":"222668340342105","calls":43008,"all":6219,"adt":28832,"lam":1656,"declarations":278,"annotations":4478,"ordinal":9,"declaration":"List.show.go~3","route":"body-annotation","namespace":"","begin":-1,"end":-1,"emitted":142}
{"event":"annotation-enter","monotonicNs":"222668340452564","calls":43013,"all":6221,"adt":28836,"lam":1656,"declarations":278,"annotations":4480,"ordinal":11,"declaration":"List.show.go~3","route":"body-annotation","namespace":"","begin":-1,"end":-1,"emitted":143}
{"event":"type-adts-progress","monotonicNs":"222668340992277","calls":44032,"all":6369,"adt":29431,"lam":1718,"declarations":283,"annotations":4546,"ordinal":15,"declaration":"five-phase-driver:after~0","route":"body-annotation","namespace":"","begin":-1,"end":-1,"emitted":144}
{"event":"annotation-enter","monotonicNs":"222668348062537","calls":44444,"all":6429,"adt":29716,"lam":1722,"declarations":285,"annotations":4608,"ordinal":4,"declaration":"phase-driver:run~0","route":"body-annotation","namespace":"","begin":-1,"end":-1,"emitted":145}
{"event":"type-adts-progress","monotonicNs":"222668349652258","calls":45056,"all":6495,"adt":30136,"lam":1736,"declarations":288,"annotations":4680,"ordinal":46,"declaration":"mutations:independent_inputs~0","route":"body-annotation","namespace":"","begin":-1,"end":-1,"emitted":146}
{"event":"annotation-enter","monotonicNs":"222668349907259","calls":45462,"all":6538,"adt":30414,"lam":1743,"declarations":289,"annotations":4736,"ordinal":4,"declaration":"mutations:despawned~0","route":"body-annotation","namespace":"","begin":-1,"end":-1,"emitted":147}
{"event":"type-adts-progress","monotonicNs":"222668358336030","calls":46080,"all":6613,"adt":30833,"lam":1748,"declarations":291,"annotations":4823,"ordinal":64,"declaration":"mutations:structural_inputs~0","route":"body-annotation","namespace":"","begin":-1,"end":-1,"emitted":148}
{"event":"annotation-enter","monotonicNs":"222668365623459","calls":46462,"all":6666,"adt":31054,"lam":1748,"declarations":293,"annotations":4864,"ordinal":31,"declaration":"gates:registered~0","route":"body-annotation","namespace":"","begin":-1,"end":-1,"emitted":149}
{"event":"type-adts-progress","monotonicNs":"222668366638967","calls":47104,"all":6749,"adt":31503,"lam":1773,"declarations":296,"annotations":4910,"ordinal":2,"declaration":"core-v1/src/ecs/inspector:run~30","route":"body-annotation","namespace":"","begin":-1,"end":-1,"emitted":150}
{"event":"type-adts-progress","monotonicNs":"222668467225130","calls":48128,"all":6847,"adt":32327,"lam":1791,"declarations":301,"annotations":4991,"ordinal":7,"declaration":"core-v1/src/ecs/world:activate~0","route":"body-annotation","namespace":"","begin":-1,"end":-1,"emitted":151}
{"event":"annotation-enter","monotonicNs":"222668467349673","calls":48138,"all":6847,"adt":32335,"lam":1792,"declarations":301,"annotations":4992,"ordinal":8,"declaration":"core-v1/src/ecs/world:activate~0","route":"body-annotation","namespace":"","begin":-1,"end":-1,"emitted":152}
{"event":"type-adts-progress","monotonicNs":"222668492298066","calls":49152,"all":6996,"adt":33077,"lam":1819,"declarations":302,"annotations":5036,"ordinal":42,"declaration":"core-v1/src/ecs/world:reserve_available~0","route":"body-annotation","namespace":"","begin":-1,"end":-1,"emitted":153}
{"event":"type-adts-progress","monotonicNs":"222668499468536","calls":50176,"all":7155,"adt":33814,"lam":1843,"declarations":306,"annotations":5119,"ordinal":0,"declaration":"owner-observer:store_3~1","route":"declaration-type","namespace":"","begin":-1,"end":-1,"emitted":154}
{"event":"annotation-enter","monotonicNs":"222668499515537","calls":50206,"all":7161,"adt":33833,"lam":1845,"declarations":306,"annotations":5120,"ordinal":1,"declaration":"owner-observer:store_3~1","route":"body-annotation","namespace":"","begin":-1,"end":-1,"emitted":155}
{"event":"type-adts-progress","monotonicNs":"222668506330712","calls":51200,"all":7310,"adt":34432,"lam":1900,"declarations":309,"annotations":5195,"ordinal":7,"declaration":"five-phase-driver:after~1","route":"body-annotation","namespace":"","begin":-1,"end":-1,"emitted":156}
{"event":"annotation-enter","monotonicNs":"222668507147510","calls":51745,"all":7383,"adt":34790,"lam":1918,"declarations":310,"annotations":5248,"ordinal":15,"declaration":"gate-phase:from_phase~1","route":"body-annotation","namespace":"","begin":-1,"end":-1,"emitted":157}
{"event":"type-adts-progress","monotonicNs":"222668507766556","calls":52224,"all":7431,"adt":35131,"lam":1932,"declarations":313,"annotations":5301,"ordinal":10,"declaration":"mutations:independent_inputs~1","route":"body-annotation","namespace":"","begin":-1,"end":-1,"emitted":158}
{"event":"annotation-enter","monotonicNs":"222668757270491","calls":52675,"all":7487,"adt":35433,"lam":1932,"declarations":313,"annotations":5376,"ordinal":85,"declaration":"mutations:independent_inputs~1","route":"body-annotation","namespace":"","begin":-1,"end":-1,"emitted":159}
{"event":"type-adts-progress","monotonicNs":"222668758192248","calls":53248,"all":7550,"adt":35828,"lam":1944,"declarations":316,"annotations":5443,"ordinal":27,"declaration":"mutations:structural_inputs~1","route":"body-annotation","namespace":"","begin":-1,"end":-1,"emitted":160}
{"event":"annotation-enter","monotonicNs":"222668775833629","calls":53690,"all":7601,"adt":36140,"lam":1944,"declarations":317,"annotations":5504,"ordinal":14,"declaration":"gates:registered~1","route":"body-annotation","namespace":"","begin":-1,"end":-1,"emitted":161}
{"event":"type-adts-progress","monotonicNs":"222668779891951","calls":54272,"all":7679,"adt":36546,"lam":1966,"declarations":319,"annotations":5553,"ordinal":18,"declaration":"retry-driver:finished~1","route":"body-annotation","namespace":"","begin":-1,"end":-1,"emitted":162}
{"event":"annotation-enter","monotonicNs":"222668805531350","calls":55267,"all":7777,"adt":37345,"lam":1980,"declarations":322,"annotations":5632,"ordinal":25,"declaration":"fixture:missing_active~1","route":"body-annotation","namespace":"","begin":-1,"end":-1,"emitted":163}
{"event":"type-adts-progress","monotonicNs":"222668805643975","calls":55296,"all":7781,"adt":37366,"lam":1980,"declarations":322,"annotations":5641,"ordinal":34,"declaration":"fixture:missing_active~1","route":"body-annotation","namespace":"","begin":-1,"end":-1,"emitted":164}
{"event":"type-adts-progress","monotonicNs":"222668806778275","calls":56320,"all":7920,"adt":38119,"lam":2012,"declarations":324,"annotations":5689,"ordinal":38,"declaration":"core-v1/src/ecs/world:reserve_available~1","route":"body-annotation","namespace":"","begin":-1,"end":-1,"emitted":165}
{"event":"type-adts-progress","monotonicNs":"222668807334113","calls":57344,"all":8075,"adt":38858,"lam":2038,"declarations":325,"annotations":5747,"ordinal":21,"declaration":"fixture:activated~1","route":"body-annotation","namespace":"","begin":-1,"end":-1,"emitted":166}
{"event":"annotation-enter","monotonicNs":"222668807686657","calls":57397,"all":8086,"adt":38897,"lam":2039,"declarations":326,"annotations":5760,"ordinal":6,"declaration":"owner-observer:target~0","route":"body-annotation","namespace":"","begin":-1,"end":-1,"emitted":167}
{"event":"type-adts-progress","monotonicNs":"222668824956869","calls":58368,"all":8174,"adt":39450,"lam":2114,"declarations":333,"annotations":5871,"ordinal":2,"declaration":"owner-observer:optional_done~2","route":"body-annotation","namespace":"","begin":-1,"end":-1,"emitted":168}
{"event":"annotation-enter","monotonicNs":"222668825143953","calls":58475,"all":8185,"adt":39509,"lam":2125,"declarations":334,"annotations":5888,"ordinal":5,"declaration":"owner-observer:title","route":"body-annotation","namespace":"","begin":-1,"end":-1,"emitted":169}
{"event":"type-adts-progress","monotonicNs":"222668826719923","calls":59392,"all":8337,"adt":40052,"lam":2151,"declarations":345,"annotations":5989,"ordinal":7,"declaration":"mutations:operations~0","route":"body-annotation","namespace":"","begin":-1,"end":-1,"emitted":170}
{"event":"annotation-enter","monotonicNs":"222668877839595","calls":59728,"all":8374,"adt":40277,"lam":2162,"declarations":348,"annotations":6016,"ordinal":1,"declaration":"mutations:despawn_choice~0","route":"body-annotation","namespace":"","begin":-1,"end":-1,"emitted":171}
{"event":"type-adts-progress","monotonicNs":"222668879332689","calls":60416,"all":8461,"adt":40785,"lam":2181,"declarations":350,"annotations":6054,"ordinal":5,"declaration":"core-v1/src/ecs/world:namespace~0","route":"body-annotation","namespace":"","begin":-1,"end":-1,"emitted":172}
{"event":"type-adts-progress","monotonicNs":"222668880623574","calls":61440,"all":8610,"adt":41540,"lam":2205,"declarations":352,"annotations":6099,"ordinal":8,"declaration":"core-v1/src/ecs/world:clock~0","route":"body-annotation","namespace":"","begin":-1,"end":-1,"emitted":173}
{"event":"annotation-enter","monotonicNs":"222668882115168","calls":62060,"all":8667,"adt":42033,"lam":2220,"declarations":354,"annotations":6144,"ordinal":8,"declaration":"core-v1/src/ecs/inspector:first~11","route":"body-annotation","namespace":"","begin":-1,"end":-1,"emitted":174}
{"event":"type-adts-progress","monotonicNs":"222668884102349","calls":62464,"all":8701,"adt":42363,"lam":2229,"declarations":357,"annotations":6170,"ordinal":1,"declaration":"core-v1/src/ecs/world:set_live_join~0","route":"body-annotation","namespace":"","begin":-1,"end":-1,"emitted":175}
{"event":"type-adts-progress","monotonicNs":"222668887072330","calls":63488,"all":8858,"adt":43099,"lam":2262,"declarations":360,"annotations":6231,"ordinal":0,"declaration":"core-v1/src/ecs/world:reserve_finish~0","route":"declaration-type","namespace":"","begin":-1,"end":-1,"emitted":176}
{"event":"annotation-enter","monotonicNs":"222668887662167","calls":64311,"all":9004,"adt":43685,"lam":2279,"declarations":361,"annotations":6272,"ordinal":4,"declaration":"core-v1/src/ecs/world:grow_live","route":"body-annotation","namespace":"","begin":-1,"end":-1,"emitted":177}
{"event":"type-adts-progress","monotonicNs":"222668903763287","calls":64512,"all":9054,"adt":43827,"lam":2279,"declarations":362,"annotations":6302,"ordinal":5,"declaration":"fixture:populate_target~0","route":"body-annotation","namespace":"","begin":-1,"end":-1,"emitted":178}
{"event":"annotation-enter","monotonicNs":"222668987149114","calls":65040,"all":9136,"adt":44197,"lam":2296,"declarations":366,"annotations":6400,"ordinal":7,"declaration":"gate-phase:scan~1","route":"body-annotation","namespace":"","begin":-1,"end":-1,"emitted":179}
{"event":"type-adts-progress","monotonicNs":"222668988152788","calls":65536,"all":9209,"adt":44546,"lam":2312,"declarations":368,"annotations":6453,"ordinal":9,"declaration":"mutations:operations~1","route":"body-annotation","namespace":"","begin":-1,"end":-1,"emitted":180}
{"event":"type-adts-progress","monotonicNs":"222668989676966","calls":66560,"all":9335,"adt":45278,"lam":2340,"declarations":373,"annotations":6516,"ordinal":5,"declaration":"core-v1/src/ecs/world:namespace~1","route":"body-annotation","namespace":"","begin":-1,"end":-1,"emitted":181}
{"event":"annotation-enter","monotonicNs":"222668990012385","calls":66911,"all":9386,"adt":45530,"lam":2351,"declarations":373,"annotations":6528,"ordinal":17,"declaration":"core-v1/src/ecs/world:namespace~1","route":"body-annotation","namespace":"","begin":-1,"end":-1,"emitted":182}
{"event":"type-adts-progress","monotonicNs":"222668990392888","calls":67584,"all":9484,"adt":46032,"lam":2365,"declarations":375,"annotations":6562,"ordinal":9,"declaration":"core-v1/src/ecs/world:clock~1","route":"body-annotation","namespace":"","begin":-1,"end":-1,"emitted":183}
{"event":"type-adts-progress","monotonicNs":"222668998051320","calls":68608,"all":9573,"adt":46856,"lam":2390,"declarations":380,"annotations":6633,"ordinal":2,"declaration":"core-v1/src/ecs/world:set_live_join~1","route":"body-annotation","namespace":"","begin":-1,"end":-1,"emitted":184}
{"event":"annotation-enter","monotonicNs":"222669000034335","calls":69368,"all":9695,"adt":47398,"lam":2413,"declarations":381,"annotations":6656,"ordinal":13,"declaration":"core-v1/src/ecs/world:metadata_valid~1","route":"body-annotation","namespace":"","begin":-1,"end":-1,"emitted":185}
{"event":"type-adts-progress","monotonicNs":"222669000323462","calls":69632,"all":9730,"adt":47594,"lam":2421,"declarations":382,"annotations":6693,"ordinal":0,"declaration":"core-v1/src/ecs/world:reserve_finish~1","route":"declaration-type","namespace":"","begin":-1,"end":-1,"emitted":186}
{"event":"type-adts-progress","monotonicNs":"222669008660191","calls":70656,"all":9900,"adt":48335,"lam":2444,"declarations":383,"annotations":6765,"ordinal":35,"declaration":"fixture:populate_target~1","route":"body-annotation","namespace":"","begin":-1,"end":-1,"emitted":187}
{"event":"declaration-enter","monotonicNs":"222669012464260","calls":70701,"all":9908,"adt":48372,"lam":2444,"declarations":384,"annotations":6776,"ordinal":0,"declaration":"owner-observer:leaf~2","route":"declaration-type","namespace":"","begin":-1,"end":-1,"emitted":188}
{"event":"annotation-enter","monotonicNs":"222669012576761","calls":70780,"all":9913,"adt":48415,"lam":2451,"declarations":384,"annotations":6784,"ordinal":8,"declaration":"owner-observer:leaf~2","route":"body-annotation","namespace":"","begin":-1,"end":-1,"emitted":189}
{"event":"type-adts-progress","monotonicNs":"222669013411559","calls":71680,"all":10023,"adt":48922,"lam":2511,"declarations":390,"annotations":6876,"ordinal":24,"declaration":"gate-phase:finish~0","route":"body-annotation","namespace":"","begin":-1,"end":-1,"emitted":190}
{"event":"annotation-enter","monotonicNs":"222669013965897","calls":72065,"all":10099,"adt":49176,"lam":2511,"declarations":391,"annotations":6912,"ordinal":33,"declaration":"gate-phase:next~0","route":"body-annotation","namespace":"","begin":-1,"end":-1,"emitted":191}
{"event":"type-adts-progress","monotonicNs":"222669014519359","calls":72704,"all":10221,"adt":49586,"lam":2511,"declarations":393,"annotations":6979,"ordinal":29,"declaration":"phase-driver:next~0","route":"body-annotation","namespace":"","begin":-1,"end":-1,"emitted":192}
{"event":"annotation-enter","monotonicNs":"222669031347734","calls":73508,"all":10298,"adt":50188,"lam":2537,"declarations":398,"annotations":7040,"ordinal":12,"declaration":"core-v1/src/ecs/system:register_join~0","route":"body-annotation","namespace":"","begin":-1,"end":-1,"emitted":193}
{"event":"type-adts-progress","monotonicNs":"222669031453860","calls":73728,"all":10339,"adt":50338,"lam":2542,"declarations":399,"annotations":7045,"ordinal":3,"declaration":"core-v1/src/ecs/world:register~0","route":"body-annotation","namespace":"","begin":-1,"end":-1,"emitted":194}
{"event":"type-adts-progress","monotonicNs":"222669032035864","calls":74752,"all":10478,"adt":51062,"lam":2567,"declarations":402,"annotations":7097,"ordinal":4,"declaration":"core-v1/src/ecs/capabilities:invoke~48","route":"body-annotation","namespace":"","begin":-1,"end":-1,"emitted":195}
{"event":"type-adts-progress","monotonicNs":"222669080595266","calls":75776,"all":10583,"adt":51838,"lam":2600,"declarations":407,"annotations":7145,"ordinal":13,"declaration":"core-v1/src/ecs/world:set_live_checked~0","route":"body-annotation","namespace":"","begin":-1,"end":-1,"emitted":196}
{"event":"annotation-enter","monotonicNs":"222669080934185","calls":76273,"all":10663,"adt":52188,"lam":2615,"declarations":407,"annotations":7168,"ordinal":36,"declaration":"core-v1/src/ecs/world:set_live_checked~0","route":"body-annotation","namespace":"","begin":-1,"end":-1,"emitted":197}
{"event":"type-adts-progress","monotonicNs":"222669081410314","calls":76800,"all":10726,"adt":52563,"lam":2638,"declarations":410,"annotations":7215,"ordinal":8,"declaration":"fixture:populate_0~0","route":"body-annotation","namespace":"","begin":-1,"end":-1,"emitted":198}
{"event":"annotation-enter","monotonicNs":"222669099445739","calls":77554,"all":10839,"adt":53089,"lam":2656,"declarations":413,"annotations":7296,"ordinal":2,"declaration":"gate-phase:next~1","route":"body-annotation","namespace":"","begin":-1,"end":-1,"emitted":199}
{"event":"type-adts-progress","monotonicNs":"222669100520206","calls":77824,"all":10890,"adt":53264,"lam":2656,"declarations":413,"annotations":7320,"ordinal":26,"declaration":"gate-phase:next~1","route":"body-annotation","namespace":"","begin":-1,"end":-1,"emitted":200}
{"event":"type-adts-progress","monotonicNs":"222669105606827","calls":78848,"all":11053,"adt":53944,"lam":2673,"declarations":416,"annotations":7417,"ordinal":8,"declaration":"mutations:applied~1","route":"body-annotation","namespace":"","begin":-1,"end":-1,"emitted":201}
{"event":"annotation-enter","monotonicNs":"222669105742994","calls":78955,"all":11064,"adt":54022,"lam":2677,"declarations":417,"annotations":7424,"ordinal":3,"declaration":"mutations:selected~1","route":"body-annotation","namespace":"","begin":-1,"end":-1,"emitted":202}
{"event":"type-adts-progress","monotonicNs":"222669106332290","calls":79872,"all":11210,"adt":54684,"lam":2692,"declarations":420,"annotations":7466,"ordinal":9,"declaration":"core-v1/src/ecs/world:register~1","route":"body-annotation","namespace":"","begin":-1,"end":-1,"emitted":203}
{"event":"type-adts-progress","monotonicNs":"222669106975920","calls":80896,"all":11301,"adt":55453,"lam":2721,"declarations":424,"annotations":7528,"ordinal":2,"declaration":"core-v1/src/ecs/capabilities:invoke~43","route":"body-annotation","namespace":"","begin":-1,"end":-1,"emitted":204}
{"event":"annotation-enter","monotonicNs":"222669107219505","calls":81315,"all":11333,"adt":55779,"lam":2739,"declarations":427,"annotations":7552,"ordinal":5,"declaration":"core-v1/src/ecs/world:set_live_checked~1","route":"body-annotation","namespace":"","begin":-1,"end":-1,"emitted":205}
{"event":"type-adts-progress","monotonicNs":"222669107483841","calls":81920,"all":11443,"adt":56206,"lam":2752,"declarations":427,"annotations":7567,"ordinal":20,"declaration":"core-v1/src/ecs/world:set_live_checked~1","route":"body-annotation","namespace":"","begin":-1,"end":-1,"emitted":206}
{"event":"type-adts-progress","monotonicNs":"222669166829698","calls":82944,"all":11559,"adt":56950,"lam":2798,"declarations":430,"annotations":7665,"ordinal":12,"declaration":"fixture:stock_selected~1","route":"body-annotation","namespace":"","begin":-1,"end":-1,"emitted":207}
{"event":"annotation-enter","monotonicNs":"222669286133625","calls":83086,"all":11574,"adt":57040,"lam":2808,"declarations":431,"annotations":7680,"ordinal":5,"declaration":"owner-observer:optional_done~0","route":"body-annotation","namespace":"","begin":-1,"end":-1,"emitted":208}
{"event":"type-adts-progress","monotonicNs":"222669287998014","calls":83968,"all":11731,"adt":57580,"lam":2834,"declarations":438,"annotations":7762,"ordinal":0,"declaration":"phase-driver:prepared~0","route":"declaration-type","namespace":"","begin":-1,"end":-1,"emitted":209}
{"event":"annotation-enter","monotonicNs":"222669291022620","calls":84769,"all":11829,"adt":58129,"lam":2873,"declarations":440,"annotations":7808,"ordinal":4,"declaration":"mutations:apply~0","route":"body-annotation","namespace":"","begin":-1,"end":-1,"emitted":210}
{"event":"type-adts-progress","monotonicNs":"222669294364311","calls":84992,"all":11848,"adt":58298,"lam":2882,"declarations":440,"annotations":7820,"ordinal":16,"declaration":"mutations:apply~0","route":"body-annotation","namespace":"","begin":-1,"end":-1,"emitted":211}
{"event":"type-adts-progress","monotonicNs":"222669295815572","calls":86016,"all":11956,"adt":59093,"lam":2907,"declarations":443,"annotations":7888,"ordinal":1,"declaration":"core-v1/src/ecs/world:register_checked~0","route":"body-annotation","namespace":"","begin":-1,"end":-1,"emitted":212}
{"event":"annotation-enter","monotonicNs":"222669307250948","calls":86892,"all":12102,"adt":59702,"lam":2930,"declarations":443,"annotations":7936,"ordinal":49,"declaration":"core-v1/src/ecs/world:register_checked~0","route":"body-annotation","namespace":"","begin":-1,"end":-1,"emitted":213}
{"event":"type-adts-progress","monotonicNs":"222669308822960","calls":87040,"all":12122,"adt":59813,"lam":2932,"declarations":444,"annotations":7941,"ordinal":3,"declaration":"core-v1/src/ecs/inspector:finished~4","route":"body-annotation","namespace":"","begin":-1,"end":-1,"emitted":214}
{"event":"type-adts-progress","monotonicNs":"222669320379296","calls":88064,"all":12192,"adt":60614,"lam":2957,"declarations":448,"annotations":8006,"ordinal":1,"declaration":"fixture:populate_1~0","route":"body-annotation","namespace":"","begin":-1,"end":-1,"emitted":215}
{"event":"annotation-enter","monotonicNs":"222669323181358","calls":88628,"all":12253,"adt":61031,"lam":2985,"declarations":449,"annotations":8064,"ordinal":21,"declaration":"fixture:title_selected~0","route":"body-annotation","namespace":"","begin":-1,"end":-1,"emitted":216}
{"event":"type-adts-progress","monotonicNs":"222669323670320","calls":89088,"all":12326,"adt":61349,"lam":2992,"declarations":451,"annotations":8086,"ordinal":10,"declaration":"gate-phase:completed~1","route":"body-annotation","namespace":"","begin":-1,"end":-1,"emitted":217}
{"event":"type-adts-progress","monotonicNs":"222669324648036","calls":90112,"all":12475,"adt":62048,"lam":3029,"declarations":454,"annotations":8161,"ordinal":4,"declaration":"mutations:carry~1","route":"body-annotation","namespace":"","begin":-1,"end":-1,"emitted":218}
{"event":"annotation-enter","monotonicNs":"222669324970205","calls":90614,"all":12518,"adt":62431,"lam":3051,"declarations":455,"annotations":8192,"ordinal":24,"declaration":"mutations:apply~1","route":"body-annotation","namespace":"","begin":-1,"end":-1,"emitted":219}
{"event":"type-adts-progress","monotonicNs":"222669325371458","calls":91136,"all":12566,"adt":62839,"lam":3070,"declarations":456,"annotations":8229,"ordinal":22,"declaration":"core-v1/src/ecs/commands:clear_accepted~1","route":"body-annotation","namespace":"","begin":-1,"end":-1,"emitted":220}
{"event":"type-adts-progress","monotonicNs":"222669325796961","calls":92160,"all":12737,"adt":63572,"lam":3086,"declarations":458,"annotations":8269,"ordinal":18,"declaration":"core-v1/src/ecs/world:register_checked~1","route":"body-annotation","namespace":"","begin":-1,"end":-1,"emitted":221}
{"event":"annotation-enter","monotonicNs":"222669326134672","calls":92677,"all":12791,"adt":63971,"lam":3096,"declarations":459,"annotations":8320,"ordinal":18,"declaration":"core-v1/src/ecs/inspector:finished~5","route":"body-annotation","namespace":"","begin":-1,"end":-1,"emitted":222}
{"event":"type-adts-progress","monotonicNs":"222669326396174","calls":93184,"all":12828,"adt":64365,"lam":3107,"declarations":461,"annotations":8351,"ordinal":16,"declaration":"core-v1/src/ecs/inspector:finished~3","route":"body-annotation","namespace":"","begin":-1,"end":-1,"emitted":223}
{"event":"type-adts-progress","monotonicNs":"222669341719913","calls":94208,"all":12923,"adt":65129,"lam":3151,"declarations":465,"annotations":8430,"ordinal":1,"declaration":"fixture:stock_write~1","route":"body-annotation","namespace":"","begin":-1,"end":-1,"emitted":224}
{"event":"annotation-enter","monotonicNs":"222669350576103","calls":94405,"all":12936,"adt":65270,"lam":3163,"declarations":466,"annotations":8448,"ordinal":8,"declaration":"owner-observer:count_done","route":"body-annotation","namespace":"","begin":-1,"end":-1,"emitted":225}
{"event":"type-adts-progress","monotonicNs":"222669352956121","calls":95232,"all":13079,"adt":65752,"lam":3181,"declarations":469,"annotations":8502,"ordinal":1,"declaration":"core-v1/src/ecs/world:observe_resource~0","route":"body-annotation","namespace":"","begin":-1,"end":-1,"emitted":226}
{"event":"type-adts-progress","monotonicNs":"222669353815252","calls":96256,"all":13234,"adt":66485,"lam":3213,"declarations":471,"annotations":8550,"ordinal":4,"declaration":"gate-instrumentation:preload~0","route":"body-annotation","namespace":"","begin":-1,"end":-1,"emitted":227}
{"event":"annotation-enter","monotonicNs":"222669354220172","calls":96898,"all":13341,"adt":66934,"lam":3231,"declarations":471,"annotations":8576,"ordinal":30,"declaration":"gate-instrumentation:preload~0","route":"body-annotation","namespace":"","begin":-1,"end":-1,"emitted":228}
{"event":"type-adts-progress","monotonicNs":"222669564434816","calls":97280,"all":13414,"adt":67205,"lam":3232,"declarations":472,"annotations":8597,"ordinal":15,"declaration":"phase-driver:observed~0","route":"body-annotation","namespace":"","begin":-1,"end":-1,"emitted":229}
{"event":"type-adts-progress","monotonicNs":"222669567805091","calls":98304,"all":13515,"adt":68039,"lam":3244,"declarations":473,"annotations":8685,"ordinal":49,"declaration":"execution:run~0","route":"body-annotation","namespace":"","begin":-1,"end":-1,"emitted":230}
{"event":"annotation-enter","monotonicNs":"222669568967349","calls":98575,"all":13541,"adt":68272,"lam":3244,"declarations":473,"annotations":8704,"ordinal":68,"declaration":"execution:run~0","route":"body-annotation","namespace":"","begin":-1,"end":-1,"emitted":231}
{"event":"type-adts-progress","monotonicNs":"222669577571330","calls":99328,"all":13617,"adt":68914,"lam":3244,"declarations":473,"annotations":8756,"ordinal":120,"declaration":"execution:run~0","route":"body-annotation","namespace":"","begin":-1,"end":-1,"emitted":232}
{"event":"type-adts-progress","monotonicNs":"222669578348169","calls":100352,"all":13704,"adt":69701,"lam":3280,"declarations":477,"annotations":8829,"ordinal":0,"declaration":"mutations:count~0","route":"declaration-type","namespace":"","begin":-1,"end":-1,"emitted":233}
{"event":"annotation-enter","monotonicNs":"222669578402253","calls":100416,"all":13709,"adt":69750,"lam":3283,"declarations":477,"annotations":8832,"ordinal":3,"declaration":"mutations:count~0","route":"body-annotation","namespace":"","begin":-1,"end":-1,"emitted":234}
{"event":"type-adts-progress","monotonicNs":"222669578802672","calls":101376,"all":13840,"adt":70448,"lam":3313,"declarations":479,"annotations":8872,"ordinal":16,"declaration":"core-v1/src/ecs/world:with_store~0","route":"body-annotation","namespace":"","begin":-1,"end":-1,"emitted":235}
{"event":"annotation-enter","monotonicNs":"222669581326649","calls":102342,"all":13929,"adt":71192,"lam":3342,"declarations":483,"annotations":8960,"ordinal":8,"declaration":"core-v1/src/ecs/inspector:succeeded~2","route":"body-annotation","namespace":"","begin":-1,"end":-1,"emitted":236}
{"event":"type-adts-progress","monotonicNs":"222669581420192","calls":102400,"all":13936,"adt":71225,"lam":3343,"declarations":484,"annotations":8965,"ordinal":0,"declaration":"full-consumer:Snapshot","route":"declaration-type","namespace":"","begin":-1,"end":-1,"emitted":237}
{"event":"type-adts-progress","monotonicNs":"222669582108905","calls":103424,"all":14012,"adt":71961,"lam":3391,"declarations":489,"annotations":9035,"ordinal":4,"declaration":"fixture:active_selected~0","route":"body-annotation","namespace":"","begin":-1,"end":-1,"emitted":238}
{"event":"annotation-enter","monotonicNs":"222669582670659","calls":104341,"all":14105,"adt":72618,"lam":3421,"declarations":496,"annotations":9088,"ordinal":10,"declaration":"core-v1/src/ecs/component:replace~3","route":"body-annotation","namespace":"","begin":-1,"end":-1,"emitted":239}
{"event":"type-adts-progress","monotonicNs":"222669582733910","calls":104448,"all":14121,"adt":72687,"lam":3422,"declarations":498,"annotations":9092,"ordinal":1,"declaration":"gate-phase:diagnostic~1","route":"body-annotation","namespace":"","begin":-1,"end":-1,"emitted":240}
{"event":"type-adts-progress","monotonicNs":"222669585035260","calls":105472,"all":14300,"adt":73385,"lam":3445,"declarations":499,"annotations":9137,"ordinal":9,"declaration":"core-v1/src/ecs/world:observe_resource~1","route":"body-annotation","namespace":"","begin":-1,"end":-1,"emitted":241}
{"event":"type-adts-progress","monotonicNs":"222669585763891","calls":106496,"all":14453,"adt":74116,"lam":3477,"declarations":501,"annotations":9185,"ordinal":12,"declaration":"gate-instrumentation:preload~1","route":"body-annotation","namespace":"","begin":-1,"end":-1,"emitted":242}
{"event":"annotation-enter","monotonicNs":"222669586119060","calls":106968,"all":14531,"adt":74449,"lam":3488,"declarations":502,"annotations":9216,"ordinal":7,"declaration":"phase-driver:observed~1","route":"body-annotation","namespace":"","begin":-1,"end":-1,"emitted":243}
{"event":"type-adts-progress","monotonicNs":"222669586608105","calls":107520,"all":14593,"adt":74865,"lam":3500,"declarations":503,"annotations":9272,"ordinal":9,"declaration":"execution:run~1","route":"body-annotation","namespace":"","begin":-1,"end":-1,"emitted":244}
{"event":"type-adts-progress","monotonicNs":"222669587714697","calls":108544,"all":14697,"adt":75738,"lam":3500,"declarations":503,"annotations":9341,"ordinal":78,"declaration":"execution:run~1","route":"body-annotation","namespace":"","begin":-1,"end":-1,"emitted":245}
{"event":"annotation-enter","monotonicNs":"222669732701273","calls":108556,"all":14697,"adt":75751,"lam":3500,"declarations":503,"annotations":9344,"ordinal":81,"declaration":"execution:run~1","route":"body-annotation","namespace":"","begin":-1,"end":-1,"emitted":246}
{"event":"type-adts-progress","monotonicNs":"222669737721768","calls":109568,"all":14794,"adt":76581,"lam":3513,"declarations":505,"annotations":9413,"ordinal":1,"declaration":"mutations:title~1","route":"body-annotation","namespace":"","begin":-1,"end":-1,"emitted":247}
{"event":"annotation-enter","monotonicNs":"222669740292787","calls":110409,"all":14861,"adt":77224,"lam":3547,"declarations":507,"annotations":9472,"ordinal":16,"declaration":"mutations:count~1","route":"body-annotation","namespace":"","begin":-1,"end":-1,"emitted":248}
{"event":"type-adts-progress","monotonicNs":"222669745374700","calls":110592,"all":14878,"adt":77363,"lam":3554,"declarations":509,"annotations":9484,"ordinal":1,"declaration":"core-v1/src/ecs/world:with_store~1","route":"body-annotation","namespace":"","begin":-1,"end":-1,"emitted":249}
{"event":"type-adts-progress","monotonicNs":"222669751267911","calls":111616,"all":15042,"adt":78115,"lam":3578,"declarations":511,"annotations":9553,"ordinal":2,"declaration":"core-v1/src/ecs/inspector:succeeded~5","route":"body-annotation","namespace":"","begin":-1,"end":-1,"emitted":250}
{"event":"declaration-enter","monotonicNs":"222669751534329","calls":111718,"all":15047,"adt":78205,"lam":3580,"declarations":512,"annotations":9564,"ordinal":0,"declaration":"retry-driver:refused~1","route":"declaration-type","namespace":"","begin":-1,"end":-1,"emitted":251}
{"event":"annotation-enter","monotonicNs":"222669753317009","calls":112388,"all":15079,"adt":78690,"lam":3609,"declarations":514,"annotations":9600,"ordinal":8,"declaration":"execution:serialized~23","route":"body-annotation","namespace":"","begin":-1,"end":-1,"emitted":252}
{"event":"type-adts-progress","monotonicNs":"222669754659186","calls":112640,"all":15090,"adt":78870,"lam":3619,"declarations":515,"annotations":9615,"ordinal":3,"declaration":"full-consumer:body~41","route":"body-annotation","namespace":"","begin":-1,"end":-1,"emitted":253}
{"event":"type-adts-progress","monotonicNs":"222669757358039","calls":113664,"all":15185,"adt":79636,"lam":3664,"declarations":519,"annotations":9694,"ordinal":3,"declaration":"fixture:stock_replaced~1","route":"body-annotation","namespace":"","begin":-1,"end":-1,"emitted":254}
{"event":"annotation-enter","monotonicNs":"222669768672081","calls":114630,"all":15332,"adt":80338,"lam":3687,"declarations":522,"annotations":9728,"ordinal":10,"declaration":"core-v1/src/ecs/world:observe_resource_finish~1","route":"body-annotation","namespace":"","begin":-1,"end":-1,"emitted":255}
{"event":"type-adts-progress","monotonicNs":"222669768843916","calls":114688,"all":15342,"adt":80377,"lam":3688,"declarations":522,"annotations":9729,"ordinal":11,"declaration":"core-v1/src/ecs/world:observe_resource_finish~1","route":"body-annotation","namespace":"","begin":-1,"end":-1,"emitted":256}
{"event":"type-adts-progress","monotonicNs":"222669773259532","calls":115712,"all":15504,"adt":81104,"lam":3719,"declarations":525,"annotations":9796,"ordinal":6,"declaration":"core-v1/src/ecs/world:observe_resource_finish~4","route":"body-annotation","namespace":"","begin":-1,"end":-1,"emitted":257}
{"event":"annotation-enter","monotonicNs":"222669774708043","calls":116735,"all":15667,"adt":81782,"lam":3765,"declarations":527,"annotations":9856,"ordinal":13,"declaration":"phase-driver:completed~0","route":"body-annotation","namespace":"","begin":-1,"end":-1,"emitted":258}
{"event":"type-adts-progress","monotonicNs":"222669774749252","calls":116736,"all":15667,"adt":81782,"lam":3765,"declarations":527,"annotations":9856,"ordinal":13,"declaration":"phase-driver:completed~0","route":"body-annotation","namespace":"","begin":-1,"end":-1,"emitted":259}
{"event":"type-adts-progress","monotonicNs":"222669777931733","calls":117760,"all":15766,"adt":82626,"lam":3769,"declarations":534,"annotations":9937,"ordinal":5,"declaration":"execution:multipleWithout~0","route":"body-annotation","namespace":"","begin":-1,"end":-1,"emitted":260}
{"event":"annotation-enter","monotonicNs":"222669778875115","calls":118494,"all":15835,"adt":83257,"lam":3769,"declarations":540,"annotations":9984,"ordinal":4,"declaration":"execution:optionalUnselectedFilter~0","route":"body-annotation","namespace":"","begin":-1,"end":-1,"emitted":261}
{"event":"type-adts-progress","monotonicNs":"222669780158958","calls":118784,"all":15858,"adt":83484,"lam":3776,"declarations":542,"annotations":10000,"ordinal":1,"declaration":"fixture:count_write~0","route":"body-annotation","namespace":"","begin":-1,"end":-1,"emitted":262}
{"event":"type-adts-progress","monotonicNs":"222669780662004","calls":119808,"all":16028,"adt":84201,"lam":3802,"declarations":544,"annotations":10042,"ordinal":0,"declaration":"core-v1/src/ecs/column:SwapOutcome","route":"declaration-type","namespace":"","begin":-1,"end":-1,"emitted":263}
{"event":"annotation-enter","monotonicNs":"222669781082840","calls":120312,"all":16108,"adt":84592,"lam":3802,"declarations":552,"annotations":10112,"ordinal":4,"declaration":"core-v1/src/ecs/column:clear~3","route":"body-annotation","namespace":"","begin":-1,"end":-1,"emitted":264}
{"event":"type-adts-progress","monotonicNs":"222669781621344","calls":120832,"all":16173,"adt":84944,"lam":3812,"declarations":557,"annotations":10172,"ordinal":6,"declaration":"full-consumer:after_each~27","route":"body-annotation","namespace":"","begin":-1,"end":-1,"emitted":265}
{"event":"type-adts-progress","monotonicNs":"222669782449559","calls":121856,"all":16252,"adt":85721,"lam":3857,"declarations":563,"annotations":10232,"ordinal":10,"declaration":"fixture:title_replaced~0","route":"body-annotation","namespace":"","begin":-1,"end":-1,"emitted":266}
{"event":"annotation-enter","monotonicNs":"222669782525976","calls":122018,"all":16266,"adt":85853,"lam":3860,"declarations":564,"annotations":10240,"ordinal":4,"declaration":"core-v1/src/ecs/component:replace~2","route":"body-annotation","namespace":"","begin":-1,"end":-1,"emitted":267}
{"event":"type-adts-progress","monotonicNs":"222669785615999","calls":122880,"all":16370,"adt":86509,"lam":3882,"declarations":568,"annotations":10285,"ordinal":3,"declaration":"core-v1/src/ecs/world:observe_resource_finish~3","route":"body-annotation","namespace":"","begin":-1,"end":-1,"emitted":268}
{"event":"type-adts-progress","monotonicNs":"222669786278170","calls":123904,"all":16518,"adt":87250,"lam":3912,"declarations":570,"annotations":10354,"ordinal":29,"declaration":"gates:prepared~1","route":"body-annotation","namespace":"","begin":-1,"end":-1,"emitted":269}
{"event":"annotation-enter","monotonicNs":"222669786618840","calls":124629,"all":16660,"adt":87744,"lam":3929,"declarations":571,"annotations":10368,"ordinal":14,"declaration":"core-v1/src/ecs/world:observe_resource_finish~5","route":"body-annotation","namespace":"","begin":-1,"end":-1,"emitted":270}
{"event":"type-adts-progress","monotonicNs":"222669787306678","calls":124928,"all":16698,"adt":87950,"lam":3943,"declarations":573,"annotations":10407,"ordinal":0,"declaration":"phase-driver:completed~1","route":"declaration-type","namespace":"","begin":-1,"end":-1,"emitted":271}
{"event":"type-adts-progress","monotonicNs":"222669787856640","calls":125952,"all":16835,"adt":88686,"lam":3971,"declarations":577,"annotations":10475,"ordinal":3,"declaration":"execution:fiveAlias~1","route":"body-annotation","namespace":"","begin":-1,"end":-1,"emitted":272}
{"event":"annotation-enter","monotonicNs":"222669788056059","calls":126255,"all":16862,"adt":88949,"lam":3971,"declarations":579,"annotations":10496,"ordinal":8,"declaration":"execution:multipleWith~1","route":"body-annotation","namespace":"","begin":-1,"end":-1,"emitted":273}
{"event":"type-adts-progress","monotonicNs":"222669788528354","calls":126976,"all":16931,"adt":89566,"lam":3971,"declarations":585,"annotations":10539,"ordinal":3,"declaration":"execution:repeatedAdded~1","route":"body-annotation","namespace":"","begin":-1,"end":-1,"emitted":274}
{"event":"type-adts-progress","monotonicNs":"222669789449652","calls":128000,"all":17074,"adt":90327,"lam":3992,"declarations":589,"annotations":10581,"ordinal":7,"declaration":"core-v1/src/ecs/world:with_store_finish~29","route":"body-annotation","namespace":"","begin":-1,"end":-1,"emitted":275}
{"event":"annotation-enter","monotonicNs":"222669789825322","calls":128541,"all":17153,"adt":90727,"lam":4004,"declarations":591,"annotations":10624,"ordinal":9,"declaration":"core-v1/src/ecs/column:clear~4","route":"body-annotation","namespace":"","begin":-1,"end":-1,"emitted":276}
{"event":"type-adts-progress","monotonicNs":"222669793943019","calls":129024,"all":17227,"adt":91098,"lam":4004,"declarations":598,"annotations":10687,"ordinal":5,"declaration":"format:snapshot~23","route":"body-annotation","namespace":"","begin":-1,"end":-1,"emitted":277}
{"event":"annotation-enter","monotonicNs":"222669795056194","calls":129709,"all":17277,"adt":91617,"lam":4025,"declarations":601,"annotations":10752,"ordinal":1,"declaration":"fixture:populate_3~1","route":"body-annotation","namespace":"","begin":-1,"end":-1,"emitted":278}
{"event":"type-adts-progress","monotonicNs":"222669796535330","calls":130048,"all":17309,"adt":91866,"lam":4044,"declarations":602,"annotations":10772,"ordinal":8,"declaration":"fixture:count_selected~1","route":"body-annotation","namespace":"","begin":-1,"end":-1,"emitted":279}
{"event":"type-adts-progress","monotonicNs":"222669799591936","calls":131072,"all":17400,"adt":92671,"lam":4071,"declarations":607,"annotations":10837,"ordinal":0,"declaration":"core-v1/src/ecs/world:valid~1","route":"declaration-type","namespace":"","begin":-1,"end":-1,"emitted":280}
{"event":"annotation-enter","monotonicNs":"222669800171024","calls":131682,"all":17454,"adt":93127,"lam":4097,"declarations":609,"annotations":10880,"ordinal":15,"declaration":"core-v1/src/ecs/system:identity~0","route":"body-annotation","namespace":"","begin":-1,"end":-1,"emitted":281}
{"event":"type-adts-progress","monotonicNs":"222669800547985","calls":132096,"all":17492,"adt":93475,"lam":4101,"declarations":611,"annotations":10902,"ordinal":1,"declaration":"core-v1/src/ecs/inspector:run~3","route":"body-annotation","namespace":"","begin":-1,"end":-1,"emitted":282}
{"event":"type-adts-progress","monotonicNs":"222669801392449","calls":133120,"all":17583,"adt":94346,"lam":4110,"declarations":613,"annotations":10964,"ordinal":21,"declaration":"core-v1/src/ecs/inspector:run~5","route":"body-annotation","namespace":"","begin":-1,"end":-1,"emitted":283}
{"event":"annotation-enter","monotonicNs":"222669803188588","calls":133890,"all":17653,"adt":95003,"lam":4116,"declarations":616,"annotations":11008,"ordinal":2,"declaration":"core-v1/src/ecs/inspector:run~8","route":"body-annotation","namespace":"","begin":-1,"end":-1,"emitted":284}
{"event":"type-adts-progress","monotonicNs":"222669803567632","calls":134144,"all":17676,"adt":95216,"lam":4119,"declarations":616,"annotations":11022,"ordinal":16,"declaration":"core-v1/src/ecs/inspector:run~8","route":"body-annotation","namespace":"","begin":-1,"end":-1,"emitted":285}
{"event":"type-adts-progress","monotonicNs":"222669804652223","calls":135168,"all":17767,"adt":96087,"lam":4128,"declarations":619,"annotations":11082,"ordinal":13,"declaration":"core-v1/src/ecs/inspector:run~12","route":"body-annotation","namespace":"","begin":-1,"end":-1,"emitted":286}
{"event":"annotation-enter","monotonicNs":"222669807989373","calls":136059,"all":17848,"adt":96850,"lam":4134,"declarations":622,"annotations":11136,"ordinal":4,"declaration":"core-v1/src/ecs/inspector:run~15","route":"body-annotation","namespace":"","begin":-1,"end":-1,"emitted":287}
{"event":"type-adts-progress","monotonicNs":"222669808244458","calls":136192,"all":17859,"adt":96958,"lam":4137,"declarations":622,"annotations":11144,"ordinal":12,"declaration":"core-v1/src/ecs/inspector:run~15","route":"body-annotation","namespace":"","begin":-1,"end":-1,"emitted":288}
{"event":"type-adts-progress","monotonicNs":"222669809236633","calls":137216,"all":17941,"adt":97766,"lam":4163,"declarations":631,"annotations":11200,"ordinal":6,"declaration":"core-v1/src/ecs/component:replace~0","route":"body-annotation","namespace":"","begin":-1,"end":-1,"emitted":289}
{"event":"annotation-enter","monotonicNs":"222669810291224","calls":137724,"all":18015,"adt":98136,"lam":4168,"declarations":634,"annotations":11264,"ordinal":40,"declaration":"core-v1/src/ecs/column:swap~3","route":"body-annotation","namespace":"","begin":-1,"end":-1,"emitted":290}
{"event":"type-adts-progress","monotonicNs":"222669814097544","calls":138240,"all":18101,"adt":98510,"lam":4171,"declarations":636,"annotations":11335,"ordinal":47,"declaration":"core-v1/src/ecs/column:swap~2","route":"body-annotation","namespace":"","begin":-1,"end":-1,"emitted":291}
{"event":"annotation-enter","monotonicNs":"222669819424083","calls":138674,"all":18173,"adt":98822,"lam":4174,"declarations":638,"annotations":11392,"ordinal":40,"declaration":"core-v1/src/ecs/column:swap~1","route":"body-annotation","namespace":"","begin":-1,"end":-1,"emitted":292}
{"event":"declaration-enter","monotonicNs":"222669819750252","calls":138826,"all":18195,"adt":98943,"lam":4174,"declarations":640,"annotations":11416,"ordinal":0,"declaration":"core-v1/src/ecs/column:swap~0","route":"declaration-type","namespace":"","begin":-1,"end":-1,"emitted":293}
{"event":"type-adts-progress","monotonicNs":"222669820518008","calls":139264,"all":18273,"adt":99250,"lam":4177,"declarations":643,"annotations":11478,"ordinal":7,"declaration":"format:list~37","route":"body-annotation","namespace":"","begin":-1,"end":-1,"emitted":294}
{"event":"annotation-enter","monotonicNs":"222669826706137","calls":139437,"all":18304,"adt":99378,"lam":4177,"declarations":645,"annotations":11520,"ordinal":9,"declaration":"format:single~18","route":"body-annotation","namespace":"","begin":-1,"end":-1,"emitted":295}
{"event":"type-adts-progress","monotonicNs":"222669829552242","calls":140288,"all":18368,"adt":100006,"lam":4205,"declarations":648,"annotations":11597,"ordinal":16,"declaration":"full-consumer:fetch_all~27","route":"body-annotation","namespace":"","begin":-1,"end":-1,"emitted":296}
{"event":"type-adts-progress","monotonicNs":"222669830344372","calls":141312,"all":18461,"adt":100800,"lam":4225,"declarations":657,"annotations":11640,"ordinal":2,"declaration":"core-v1/src/ecs/component:replace_clock~3","route":"body-annotation","namespace":"","begin":-1,"end":-1,"emitted":297}
{"event":"annotation-enter","monotonicNs":"222669879875073","calls":141429,"all":18471,"adt":100898,"lam":4228,"declarations":657,"annotations":11648,"ordinal":10,"declaration":"core-v1/src/ecs/component:replace_clock~3","route":"body-annotation","namespace":"","begin":-1,"end":-1,"emitted":298}
{"event":"type-adts-progress","monotonicNs":"222669936913538","calls":142336,"all":18545,"adt":101586,"lam":4264,"declarations":661,"annotations":11707,"ordinal":8,"declaration":"core-v1/src/ecs/inspector:run~16","route":"body-annotation","namespace":"","begin":-1,"end":-1,"emitted":299}
{"event":"type-adts-progress","monotonicNs":"222669938453592","calls":143360,"all":18640,"adt":102457,"lam":4271,"declarations":664,"annotations":11767,"ordinal":5,"declaration":"core-v1/src/ecs/inspector:run~19","route":"body-annotation","namespace":"","begin":-1,"end":-1,"emitted":300}
{"event":"annotation-enter","monotonicNs":"222669938552051","calls":143515,"all":18653,"adt":102588,"lam":4274,"declarations":664,"annotations":11776,"ordinal":14,"declaration":"core-v1/src/ecs/inspector:run~19","route":"body-annotation","namespace":"","begin":-1,"end":-1,"emitted":301}
{"event":"type-adts-progress","monotonicNs":"222669942724915","calls":144384,"all":18733,"adt":103328,"lam":4280,"declarations":667,"annotations":11827,"ordinal":2,"declaration":"core-v1/src/ecs/inspector:run~22","route":"body-annotation","namespace":"","begin":-1,"end":-1,"emitted":302}
{"event":"type-adts-progress","monotonicNs":"222669945282517","calls":145408,"all":18825,"adt":104199,"lam":4289,"declarations":670,"annotations":11889,"ordinal":1,"declaration":"core-v1/src/ecs/inspector:run~26","route":"body-annotation","namespace":"","begin":-1,"end":-1,"emitted":303}
{"event":"annotation-enter","monotonicNs":"222669946455068","calls":145671,"all":18846,"adt":104425,"lam":4292,"declarations":670,"annotations":11904,"ordinal":16,"declaration":"core-v1/src/ecs/inspector:run~26","route":"body-annotation","namespace":"","begin":-1,"end":-1,"emitted":304}
{"event":"type-adts-progress","monotonicNs":"222669950960018","calls":146432,"all":18917,"adt":105069,"lam":4298,"declarations":672,"annotations":11951,"ordinal":21,"declaration":"core-v1/src/ecs/inspector:run~28","route":"body-annotation","namespace":"","begin":-1,"end":-1,"emitted":305}
{"event":"type-adts-progress","monotonicNs":"222669960486297","calls":147456,"all":18993,"adt":105898,"lam":4324,"declarations":677,"annotations":12010,"ordinal":11,"declaration":"fixture:count_replaced~1","route":"body-annotation","namespace":"","begin":-1,"end":-1,"emitted":306}
{"event":"annotation-enter","monotonicNs":"222669961721431","calls":147782,"all":19021,"adt":106159,"lam":4329,"declarations":680,"annotations":12032,"ordinal":6,"declaration":"core-v1/src/ecs/column:cleared~4","route":"body-annotation","namespace":"","begin":-1,"end":-1,"emitted":307}
{"event":"type-adts-progress","monotonicNs":"222669969609073","calls":148480,"all":19137,"adt":106652,"lam":4335,"declarations":683,"annotations":12123,"ordinal":16,"declaration":"core-v1/src/ecs/column:swap~6","route":"body-annotation","namespace":"","begin":-1,"end":-1,"emitted":308}
{"event":"annotation-enter","monotonicNs":"222669970064701","calls":148732,"all":19179,"adt":106845,"lam":4335,"declarations":684,"annotations":12160,"ordinal":6,"declaration":"core-v1/src/ecs/column:cleared~6","route":"body-annotation","namespace":"","begin":-1,"end":-1,"emitted":309}
{"event":"type-adts-progress","monotonicNs":"222669970775956","calls":149504,"all":19308,"adt":107394,"lam":4341,"declarations":687,"annotations":12262,"ordinal":27,"declaration":"core-v1/src/ecs/column:swap~4","route":"body-annotation","namespace":"","begin":-1,"end":-1,"emitted":310}
{"event":"annotation-enter","monotonicNs":"222669971055084","calls":149676,"all":19335,"adt":107524,"lam":4341,"declarations":688,"annotations":12288,"ordinal":6,"declaration":"format:list~47","route":"body-annotation","namespace":"","begin":-1,"end":-1,"emitted":311}
{"event":"type-adts-progress","monotonicNs":"222669972095425","calls":150528,"all":19423,"adt":108149,"lam":4361,"declarations":693,"annotations":12399,"ordinal":7,"declaration":"full-consumer:fetch_all~41","route":"body-annotation","namespace":"","begin":-1,"end":-1,"emitted":312}
{"event":"annotation-enter","monotonicNs":"222669972432802","calls":151039,"all":19451,"adt":108555,"lam":4379,"declarations":695,"annotations":12416,"ordinal":2,"declaration":"consumer-witness:query_field~43","route":"body-annotation","namespace":"","begin":-1,"end":-1,"emitted":313}
{"event":"type-adts-progress","monotonicNs":"222669972708512","calls":151552,"all":19493,"adt":108989,"lam":4384,"declarations":698,"annotations":12448,"ordinal":23,"declaration":"core-v1/src/ecs/component:replace_allowed~6","route":"body-annotation","namespace":"","begin":-1,"end":-1,"emitted":314}
{"event":"type-adts-progress","monotonicNs":"222669979933149","calls":152576,"all":19590,"adt":109794,"lam":4417,"declarations":703,"annotations":12521,"ordinal":9,"declaration":"core-v1/src/ecs/inspector:initialized~2","route":"body-annotation","namespace":"","begin":-1,"end":-1,"emitted":315}
{"event":"annotation-enter","monotonicNs":"222669980414403","calls":152963,"all":19622,"adt":110115,"lam":4424,"declarations":705,"annotations":12544,"ordinal":7,"declaration":"core-v1/src/ecs/inspector:initialized~3","route":"body-annotation","namespace":"","begin":-1,"end":-1,"emitted":316}
{"event":"type-adts-progress","monotonicNs":"222669990176684","calls":153600,"all":19670,"adt":110639,"lam":4437,"declarations":709,"annotations":12587,"ordinal":0,"declaration":"core-v1/src/ecs/inspector:initialized~5","route":"declaration-type","namespace":"","begin":-1,"end":-1,"emitted":317}
{"event":"type-adts-progress","monotonicNs":"222669993329666","calls":154624,"all":19756,"adt":111484,"lam":4455,"declarations":714,"annotations":12652,"ordinal":1,"declaration":"core-v1/src/ecs/inspector:first~8","route":"body-annotation","namespace":"","begin":-1,"end":-1,"emitted":318}
{"event":"annotation-enter","monotonicNs":"222670004114912","calls":154931,"all":19782,"adt":111743,"lam":4460,"declarations":715,"annotations":12672,"ordinal":10,"declaration":"core-v1/src/ecs/inspector:initialized~8","route":"body-annotation","namespace":"","begin":-1,"end":-1,"emitted":319}
{"event":"type-adts-progress","monotonicNs":"222670004822876","calls":155648,"all":19843,"adt":112338,"lam":4472,"declarations":719,"annotations":12716,"ordinal":4,"declaration":"core-v1/src/ecs/inspector:initialized~10","route":"body-annotation","namespace":"","begin":-1,"end":-1,"emitted":320}
{"event":"type-adts-progress","monotonicNs":"222670005638799","calls":156672,"all":19924,"adt":113182,"lam":4492,"declarations":724,"annotations":12782,"ordinal":6,"declaration":"core-v1/src/ecs/inspector:first~14","route":"body-annotation","namespace":"","begin":-1,"end":-1,"emitted":321}
{"event":"annotation-enter","monotonicNs":"222670015646998","calls":156921,"all":19944,"adt":113389,"lam":4496,"declarations":725,"annotations":12800,"ordinal":13,"declaration":"core-v1/src/ecs/inspector:initialized~14","route":"body-annotation","namespace":"","begin":-1,"end":-1,"emitted":322}
{"event":"type-adts-progress","monotonicNs":"222670021602125","calls":157696,"all":20016,"adt":114020,"lam":4509,"declarations":729,"annotations":12850,"ordinal":0,"declaration":"core-v1/src/ecs/component:replace_allowed~0","route":"declaration-type","namespace":"","begin":-1,"end":-1,"emitted":323}
{"event":"annotation-enter","monotonicNs":"222670022444298","calls":158443,"all":20116,"adt":114592,"lam":4520,"declarations":731,"annotations":12928,"ordinal":16,"declaration":"core-v1/src/ecs/column:swap_sized~3","route":"body-annotation","namespace":"","begin":-1,"end":-1,"emitted":324}
{"event":"type-adts-progress","monotonicNs":"222670022840093","calls":158720,"all":20176,"adt":114785,"lam":4521,"declarations":732,"annotations":12964,"ordinal":23,"declaration":"core-v1/src/ecs/column:swap_state~3","route":"body-annotation","namespace":"","begin":-1,"end":-1,"emitted":325}
{"event":"annotation-enter","monotonicNs":"222670023533181","calls":159282,"all":20281,"adt":115207,"lam":4524,"declarations":737,"annotations":13056,"ordinal":3,"declaration":"core-v1/src/ecs/column:indexed_prepared_unseal~3","route":"body-annotation","namespace":"","begin":-1,"end":-1,"emitted":326}
{"event":"type-adts-progress","monotonicNs":"222670027106125","calls":159744,"all":20358,"adt":115545,"lam":4530,"declarations":740,"annotations":13129,"ordinal":0,"declaration":"core-v1/src/ecs/column:swap_state~2","route":"declaration-type","namespace":"","begin":-1,"end":-1,"emitted":327}
{"event":"annotation-enter","monotonicNs":"222670027571545","calls":160130,"all":20435,"adt":115832,"lam":4530,"declarations":742,"annotations":13184,"ordinal":6,"declaration":"core-v1/src/ecs/column:indexed_swap_state~2","route":"body-annotation","namespace":"","begin":-1,"end":-1,"emitted":328}
{"event":"type-adts-progress","monotonicNs":"222670029168390","calls":160768,"all":20550,"adt":116314,"lam":4533,"declarations":746,"annotations":13283,"ordinal":33,"declaration":"core-v1/src/ecs/column:clear_stamp~2","route":"body-annotation","namespace":"","begin":-1,"end":-1,"emitted":329}
{"event":"annotation-enter","monotonicNs":"222670031273947","calls":160971,"all":20584,"adt":116450,"lam":4538,"declarations":747,"annotations":13312,"ordinal":24,"declaration":"core-v1/src/ecs/column:swap_sized~1","route":"body-annotation","namespace":"","begin":-1,"end":-1,"emitted":330}
{"event":"type-adts-progress","monotonicNs":"222670033869383","calls":161792,"all":20743,"adt":117052,"lam":4542,"declarations":753,"annotations":13432,"ordinal":3,"declaration":"core-v1/src/ecs/column:indexed_prepared_unseal~1","route":"body-annotation","namespace":"","begin":-1,"end":-1,"emitted":331}
{"event":"annotation-enter","monotonicNs":"222670037174074","calls":161845,"all":20751,"adt":117098,"lam":4542,"declarations":754,"annotations":13440,"ordinal":2,"declaration":"core-v1/src/ecs/column:clear_stamp~3","route":"body-annotation","namespace":"","begin":-1,"end":-1,"emitted":332}
{"event":"annotation-enter","monotonicNs":"222670039268923","calls":162692,"all":20903,"adt":117707,"lam":4551,"declarations":758,"annotations":13568,"ordinal":14,"declaration":"core-v1/src/ecs/column:indexed_swap_state~0","route":"body-annotation","namespace":"","begin":-1,"end":-1,"emitted":333}
{"event":"type-adts-progress","monotonicNs":"222670041653316","calls":162816,"all":20925,"adt":117803,"lam":4551,"declarations":760,"annotations":13581,"ordinal":4,"declaration":"core-v1/src/ecs/column:indexed_prepared_swap_state~0","route":"body-annotation","namespace":"","begin":-1,"end":-1,"emitted":334}
{"event":"annotation-enter","monotonicNs":"222670046574019","calls":163396,"all":21042,"adt":118231,"lam":4551,"declarations":765,"annotations":13696,"ordinal":5,"declaration":"format:tail~38","route":"body-annotation","namespace":"","begin":-1,"end":-1,"emitted":335}
{"event":"type-adts-progress","monotonicNs":"222670050761717","calls":163840,"all":21068,"adt":118547,"lam":4566,"declarations":766,"annotations":13722,"ordinal":14,"declaration":"full-consumer:after_single~27","route":"body-annotation","namespace":"","begin":-1,"end":-1,"emitted":336}
{"event":"declaration-enter","monotonicNs":"222670051044927","calls":164021,"all":21072,"adt":118685,"lam":4575,"declarations":768,"annotations":13728,"ordinal":0,"declaration":"full-consumer:fetch_target~27","route":"declaration-type","namespace":"","begin":-1,"end":-1,"emitted":337}
{"event":"type-adts-progress","monotonicNs":"222670052032143","calls":164864,"all":21126,"adt":119326,"lam":4609,"declarations":771,"annotations":13772,"ordinal":3,"declaration":"core-v1/src/ecs/component:replace_clock_checked~3","route":"body-annotation","namespace":"","begin":-1,"end":-1,"emitted":338}
{"event":"type-adts-progress","monotonicNs":"222670052697439","calls":165888,"all":21265,"adt":120064,"lam":4641,"declarations":773,"annotations":13821,"ordinal":16,"declaration":"core-v1/src/ecs/world:valid_checked~0","route":"body-annotation","namespace":"","begin":-1,"end":-1,"emitted":339}
{"event":"annotation-enter","monotonicNs":"222670052780773","calls":165980,"all":21278,"adt":120132,"lam":4644,"declarations":773,"annotations":13824,"ordinal":19,"declaration":"core-v1/src/ecs/world:valid_checked~0","route":"body-annotation","namespace":"","begin":-1,"end":-1,"emitted":340}
{"event":"type-adts-progress","monotonicNs":"222670056749511","calls":166912,"all":21379,"adt":120847,"lam":4672,"declarations":777,"annotations":13900,"ordinal":0,"declaration":"core-v1/src/ecs/inspector:first~17","route":"declaration-type","namespace":"","begin":-1,"end":-1,"emitted":341}
{"event":"annotation-enter","monotonicNs":"222670064979989","calls":167745,"all":21447,"adt":121535,"lam":4688,"declarations":781,"annotations":13952,"ordinal":2,"declaration":"core-v1/src/ecs/inspector:first~19","route":"body-annotation","namespace":"","begin":-1,"end":-1,"emitted":342}
{"event":"type-adts-progress","monotonicNs":"222670066135831","calls":167936,"all":21467,"adt":121695,"lam":4690,"declarations":782,"annotations":13963,"ordinal":2,"declaration":"core-v1/src/ecs/inspector:initialized~19","route":"body-annotation","namespace":"","begin":-1,"end":-1,"emitted":343}
{"event":"type-adts-progress","monotonicNs":"222670080602730","calls":168960,"all":21547,"adt":122541,"lam":4710,"declarations":787,"annotations":14029,"ordinal":4,"declaration":"core-v1/src/ecs/inspector:first~22","route":"body-annotation","namespace":"","begin":-1,"end":-1,"emitted":344}
{"event":"annotation-enter","monotonicNs":"222670101871638","calls":169747,"all":21611,"adt":123195,"lam":4724,"declarations":791,"annotations":14080,"ordinal":5,"declaration":"core-v1/src/ecs/inspector:first~24","route":"body-annotation","namespace":"","begin":-1,"end":-1,"emitted":345}
{"event":"type-adts-progress","monotonicNs":"222670102540518","calls":169984,"all":21633,"adt":123392,"lam":4727,"declarations":792,"annotations":14096,"ordinal":10,"declaration":"core-v1/src/ecs/inspector:initialized~24","route":"body-annotation","namespace":"","begin":-1,"end":-1,"emitted":346}
{"event":"type-adts-progress","monotonicNs":"222670107697639","calls":171008,"all":21716,"adt":124239,"lam":4746,"declarations":798,"annotations":14161,"ordinal":0,"declaration":"core-v1/src/ecs/inspector:initialized~28","route":"declaration-type","namespace":"","begin":-1,"end":-1,"emitted":347}
{"event":"annotation-enter","monotonicNs":"222670115308071","calls":171738,"all":21779,"adt":124842,"lam":4758,"declarations":801,"annotations":14208,"ordinal":8,"declaration":"core-v1/src/ecs/component:replace_allowed~5","route":"body-annotation","namespace":"","begin":-1,"end":-1,"emitted":348}
{"event":"type-adts-progress","monotonicNs":"222670122099205","calls":172032,"all":21810,"adt":125073,"lam":4764,"declarations":802,"annotations":14226,"ordinal":2,"declaration":"core-v1/src/ecs/component:replace_allowed~4","route":"body-annotation","namespace":"","begin":-1,"end":-1,"emitted":349}
{"event":"annotation-enter","monotonicNs":"222670123547132","calls":172983,"all":21961,"adt":125783,"lam":4774,"declarations":805,"annotations":14336,"ordinal":21,"declaration":"core-v1/src/ecs/column:swap_state~7","route":"body-annotation","namespace":"","begin":-1,"end":-1,"emitted":350}
{"event":"type-adts-progress","monotonicNs":"222670123749467","calls":173056,"all":21975,"adt":125840,"lam":4774,"declarations":806,"annotations":14359,"ordinal":4,"declaration":"core-v1/src/ecs/column:unseal~7","route":"body-annotation","namespace":"","begin":-1,"end":-1,"emitted":351}
{"event":"annotation-enter","monotonicNs":"222670194548034","calls":173755,"all":22100,"adt":126371,"lam":4777,"declarations":811,"annotations":14464,"ordinal":28,"declaration":"core-v1/src/ecs/column:clear_stamp~5","route":"body-annotation","namespace":"","begin":-1,"end":-1,"emitted":352}
{"event":"type-adts-progress","monotonicNs":"222670195051079","calls":174080,"all":22159,"adt":126592,"lam":4783,"declarations":813,"annotations":14507,"ordinal":4,"declaration":"core-v1/src/ecs/column:swap_state~6","route":"body-annotation","namespace":"","begin":-1,"end":-1,"emitted":353}
{"event":"annotation-enter","monotonicNs":"222670195735459","calls":174729,"all":22285,"adt":127069,"lam":4786,"declarations":817,"annotations":14592,"ordinal":17,"declaration":"core-v1/src/ecs/column:indexed_prepared_swap_state~6","route":"body-annotation","namespace":"","begin":-1,"end":-1,"emitted":354}
{"event":"type-adts-progress","monotonicNs":"222670196104004","calls":175104,"all":22348,"adt":127362,"lam":4787,"declarations":820,"annotations":14663,"ordinal":1,"declaration":"core-v1/src/ecs/column:swap_sized~5","route":"body-annotation","namespace":"","begin":-1,"end":-1,"emitted":355}
{"event":"annotation-enter","monotonicNs":"222670197107220","calls":175509,"all":22427,"adt":127640,"lam":4792,"declarations":821,"annotations":14720,"ordinal":29,"declaration":"core-v1/src/ecs/column:swap_state~5","route":"body-annotation","namespace":"","begin":-1,"end":-1,"emitted":356}
{"event":"type-adts-progress","monotonicNs":"222670197604182","calls":176128,"all":22541,"adt":128106,"lam":4795,"declarations":827,"annotations":14814,"ordinal":2,"declaration":"core-v1/src/ecs/column:clear_stamp~7","route":"body-annotation","namespace":"","begin":-1,"end":-1,"emitted":357}
{"event":"annotation-enter","monotonicNs":"222670197844642","calls":176305,"all":22569,"adt":128250,"lam":4795,"declarations":827,"annotations":14848,"ordinal":36,"declaration":"core-v1/src/ecs/column:clear_stamp~7","route":"body-annotation","namespace":"","begin":-1,"end":-1,"emitted":358}
{"event":"type-adts-progress","monotonicNs":"222670198542230","calls":177152,"all":22729,"adt":128850,"lam":4804,"declarations":833,"annotations":14958,"ordinal":7,"declaration":"core-v1/src/ecs/column:indexed_prepared_swap_state~4","route":"body-annotation","namespace":"","begin":-1,"end":-1,"emitted":359}
{"event":"annotation-enter","monotonicNs":"222670198692065","calls":177257,"all":22749,"adt":128929,"lam":4804,"declarations":833,"annotations":14976,"ordinal":25,"declaration":"core-v1/src/ecs/column:indexed_prepared_swap_state~4","route":"body-annotation","namespace":"","begin":-1,"end":-1,"emitted":360}
{"event":"type-adts-progress","monotonicNs":"222670199616197","calls":178176,"all":22857,"adt":129599,"lam":4822,"declarations":840,"annotations":15097,"ordinal":1,"declaration":"query:single~47","route":"body-annotation","namespace":"","begin":-1,"end":-1,"emitted":361}
{"event":"annotation-enter","monotonicNs":"222670200138534","calls":178365,"all":22863,"adt":129740,"lam":4832,"declarations":841,"annotations":15104,"ordinal":2,"declaration":"full-consumer:fetch_target~41","route":"body-annotation","namespace":"","begin":-1,"end":-1,"emitted":362}
{"event":"type-adts-progress","monotonicNs":"222670200861956","calls":179200,"all":22917,"adt":130384,"lam":4863,"declarations":844,"annotations":15151,"ordinal":8,"declaration":"core-v1/src/ecs/component:replace_clock_checked~7","route":"body-annotation","namespace":"","begin":-1,"end":-1,"emitted":363}
{"event":"type-adts-progress","monotonicNs":"222670207640965","calls":180224,"all":23069,"adt":131126,"lam":4892,"declarations":845,"annotations":15191,"ordinal":21,"declaration":"core-v1/src/ecs/world:valid_checked~1","route":"body-annotation","namespace":"","begin":-1,"end":-1,"emitted":364}
{"event":"annotation-enter","monotonicNs":"222670208773973","calls":180732,"all":23133,"adt":131497,"lam":4905,"declarations":848,"annotations":15232,"ordinal":17,"declaration":"gates:built~0","route":"body-annotation","namespace":"","begin":-1,"end":-1,"emitted":365}
{"event":"type-adts-progress","monotonicNs":"222670210505611","calls":181248,"all":23179,"adt":131880,"lam":4918,"declarations":852,"annotations":15266,"ordinal":0,"declaration":"core-v1/src/ecs/capabilities:invoke~22","route":"declaration-type","namespace":"","begin":-1,"end":-1,"emitted":366}
{"event":"type-adts-progress","monotonicNs":"222670211230949","calls":182272,"all":23231,"adt":132636,"lam":4955,"declarations":859,"annotations":15311,"ordinal":3,"declaration":"core-v1/src/ecs/capabilities:invoke~30","route":"body-annotation","namespace":"","begin":-1,"end":-1,"emitted":367}
{"event":"annotation-enter","monotonicNs":"222670212087873","calls":183155,"all":23292,"adt":133309,"lam":4985,"declarations":864,"annotations":15360,"ordinal":11,"declaration":"core-v1/src/ecs/component:replace_clock~0","route":"body-annotation","namespace":"","begin":-1,"end":-1,"emitted":368}
{"event":"type-adts-progress","monotonicNs":"222670216512614","calls":183296,"all":23314,"adt":133396,"lam":4988,"declarations":865,"annotations":15376,"ordinal":10,"declaration":"core-v1/src/ecs/lifecycle:clear","route":"body-annotation","namespace":"","begin":-1,"end":-1,"emitted":369}
{"event":"annotation-enter","monotonicNs":"222670217880457","calls":184276,"all":23531,"adt":134069,"lam":4991,"declarations":870,"annotations":15488,"ordinal":17,"declaration":"core-v1/src/ecs/column:prepared_swap~3","route":"body-annotation","namespace":"","begin":-1,"end":-1,"emitted":370}
{"event":"type-adts-progress","monotonicNs":"222670218015250","calls":184320,"all":23537,"adt":134102,"lam":4991,"declarations":870,"annotations":15499,"ordinal":28,"declaration":"core-v1/src/ecs/column:prepared_swap~3","route":"body-annotation","namespace":"","begin":-1,"end":-1,"emitted":371}
{"event":"annotation-enter","monotonicNs":"222670218971590","calls":185071,"all":23700,"adt":134621,"lam":4997,"declarations":872,"annotations":15616,"ordinal":28,"declaration":"core-v1/src/ecs/column:indexed_prepared_swap~3","route":"body-annotation","namespace":"","begin":-1,"end":-1,"emitted":372}
{"event":"type-adts-progress","monotonicNs":"222670219289843","calls":185344,"all":23746,"adt":134831,"lam":4997,"declarations":873,"annotations":15679,"ordinal":3,"declaration":"core-v1/src/ecs/column:clear_state~1","route":"body-annotation","namespace":"","begin":-1,"end":-1,"emitted":373}
{"event":"annotation-enter","monotonicNs":"222670224927509","calls":185831,"all":23839,"adt":135192,"lam":4997,"declarations":876,"annotations":15744,"ordinal":10,"declaration":"core-v1/src/ecs/column:swap_checked~2","route":"body-annotation","namespace":"","begin":-1,"end":-1,"emitted":374}
{"event":"type-adts-progress","monotonicNs":"222670225838558","calls":186368,"all":23953,"adt":135557,"lam":5000,"declarations":877,"annotations":15816,"ordinal":59,"declaration":"core-v1/src/ecs/column:prepared_swap~2","route":"body-annotation","namespace":"","begin":-1,"end":-1,"emitted":375}
{"event":"annotation-enter","monotonicNs":"222670226308103","calls":186657,"all":24011,"adt":135753,"lam":5005,"declarations":878,"annotations":15872,"ordinal":27,"declaration":"core-v1/src/ecs/column:indexed_swap_sized~2","route":"body-annotation","namespace":"","begin":-1,"end":-1,"emitted":376}
{"event":"type-adts-progress","monotonicNs":"222670226832399","calls":187392,"all":24175,"adt":136276,"lam":5006,"declarations":880,"annotations":15975,"ordinal":13,"declaration":"core-v1/src/ecs/column:clear_state~2","route":"body-annotation","namespace":"","begin":-1,"end":-1,"emitted":377}
{"event":"annotation-enter","monotonicNs":"222670350209106","calls":187523,"all":24196,"adt":136379,"lam":5006,"declarations":882,"annotations":16000,"ordinal":3,"declaration":"core-v1/src/ecs/column:indexed_prepared_clear_state~2","route":"body-annotation","namespace":"","begin":-1,"end":-1,"emitted":378}
{"event":"annotation-enter","monotonicNs":"222670352759292","calls":188407,"all":24381,"adt":136993,"lam":5009,"declarations":884,"annotations":16128,"ordinal":85,"declaration":"core-v1/src/ecs/column:prepared_swap~1","route":"body-annotation","namespace":"","begin":-1,"end":-1,"emitted":379}
{"event":"type-adts-progress","monotonicNs":"222670353445630","calls":188416,"all":24383,"adt":136999,"lam":5009,"declarations":884,"annotations":16130,"ordinal":87,"declaration":"core-v1/src/ecs/column:prepared_swap~1","route":"body-annotation","namespace":"","begin":-1,"end":-1,"emitted":380}
{"event":"annotation-enter","monotonicNs":"222670354197136","calls":189301,"all":24580,"adt":137614,"lam":5015,"declarations":887,"annotations":16256,"ordinal":8,"declaration":"core-v1/src/ecs/column:clear_state~3","route":"body-annotation","namespace":"","begin":-1,"end":-1,"emitted":381}
{"event":"type-adts-progress","monotonicNs":"222670354336720","calls":189440,"all":24600,"adt":137723,"lam":5015,"declarations":889,"annotations":16283,"ordinal":0,"declaration":"core-v1/src/ecs/column:indexed_prepared_clear_state~3","route":"declaration-type","namespace":"","begin":-1,"end":-1,"emitted":382}
{"event":"annotation-enter","monotonicNs":"222670354783182","calls":190231,"all":24768,"adt":138271,"lam":5018,"declarations":891,"annotations":16384,"ordinal":55,"declaration":"core-v1/src/ecs/column:prepared_swap~0","route":"body-annotation","namespace":"","begin":-1,"end":-1,"emitted":383}
{"event":"type-adts-progress","monotonicNs":"222670355029558","calls":190464,"all":24810,"adt":138428,"lam":5023,"declarations":892,"annotations":16422,"ordinal":5,"declaration":"core-v1/src/ecs/column:indexed_swap_sized~0","route":"body-annotation","namespace":"","begin":-1,"end":-1,"emitted":384}
{"event":"annotation-enter","monotonicNs":"222670355473395","calls":191038,"all":24944,"adt":138831,"lam":5024,"declarations":893,"annotations":16512,"ordinal":66,"declaration":"core-v1/src/ecs/column:indexed_prepared_swap~0","route":"body-annotation","namespace":"","begin":-1,"end":-1,"emitted":385}
{"event":"declaration-enter","monotonicNs":"222670356235609","calls":191248,"all":24988,"adt":138985,"lam":5024,"declarations":896,"annotations":16576,"ordinal":0,"declaration":"full-consumer:final~27","route":"declaration-type","namespace":"","begin":-1,"end":-1,"emitted":386}
{"event":"type-adts-progress","monotonicNs":"222670356325443","calls":191488,"all":25002,"adt":139147,"lam":5033,"declarations":896,"annotations":16580,"ordinal":4,"declaration":"full-consumer:final~27","route":"body-annotation","namespace":"","begin":-1,"end":-1,"emitted":387}
{"event":"type-adts-progress","monotonicNs":"222670356769155","calls":192512,"all":25039,"adt":139909,"lam":5073,"declarations":900,"annotations":16626,"ordinal":7,"declaration":"query:get~33","route":"body-annotation","namespace":"","begin":-1,"end":-1,"emitted":388}
{"event":"annotation-enter","monotonicNs":"222670357529494","calls":192793,"all":25050,"adt":140135,"lam":5083,"declarations":902,"annotations":16640,"ordinal":3,"declaration":"query:lookup~31","route":"body-annotation","namespace":"","begin":-1,"end":-1,"emitted":389}
{"event":"type-adts-progress","monotonicNs":"222670357939788","calls":193536,"all":25115,"adt":140688,"lam":5112,"declarations":905,"annotations":16685,"ordinal":6,"declaration":"core-v1/src/ecs/component:replace_clock_advanced~3","route":"body-annotation","namespace":"","begin":-1,"end":-1,"emitted":390}
{"event":"type-adts-progress","monotonicNs":"222670358428625","calls":194560,"all":25287,"adt":141418,"lam":5137,"declarations":907,"annotations":16728,"ordinal":1,"declaration":"gates:built~1","route":"body-annotation","namespace":"","begin":-1,"end":-1,"emitted":391}
{"event":"annotation-enter","monotonicNs":"222670358942546","calls":194997,"all":25336,"adt":141767,"lam":5142,"declarations":909,"annotations":16768,"ordinal":2,"declaration":"core-v1/src/ecs/capabilities:invoke~34","route":"body-annotation","namespace":"","begin":-1,"end":-1,"emitted":392}
{"event":"type-adts-progress","monotonicNs":"222670359260798","calls":195584,"all":25365,"adt":142201,"lam":5163,"declarations":913,"annotations":16793,"ordinal":3,"declaration":"core-v1/src/ecs/capabilities:invoke~38","route":"body-annotation","namespace":"","begin":-1,"end":-1,"emitted":393}
{"event":"type-adts-progress","monotonicNs":"222670359850011","calls":196608,"all":25418,"adt":142958,"lam":5200,"declarations":921,"annotations":16838,"ordinal":0,"declaration":"core-v1/src/ecs/capabilities:invoke~47","route":"declaration-type","namespace":"","begin":-1,"end":-1,"emitted":394}
{"event":"annotation-enter","monotonicNs":"222670361471356","calls":197375,"all":25498,"adt":143541,"lam":5221,"declarations":924,"annotations":16896,"ordinal":18,"declaration":"core-v1/src/ecs/column:clear_state~4","route":"body-annotation","namespace":"","begin":-1,"end":-1,"emitted":395}
{"event":"type-adts-progress","monotonicNs":"222670362259529","calls":197632,"all":25547,"adt":143736,"lam":5221,"declarations":926,"annotations":16933,"ordinal":20,"declaration":"core-v1/src/ecs/column:indexed_prepared_clear_state~4","route":"body-annotation","namespace":"","begin":-1,"end":-1,"emitted":396}
{"event":"annotation-enter","monotonicNs":"222670604439410","calls":198317,"all":25694,"adt":144203,"lam":5224,"declarations":928,"annotations":17024,"ordinal":65,"declaration":"core-v1/src/ecs/column:prepared_swap~7","route":"body-annotation","namespace":"","begin":-1,"end":-1,"emitted":397}
{"event":"type-adts-progress","monotonicNs":"222670605169915","calls":198656,"all":25765,"adt":144427,"lam":5230,"declarations":930,"annotations":17078,"ordinal":2,"declaration":"core-v1/src/ecs/column:indexed_prepared_swap~7","route":"body-annotation","namespace":"","begin":-1,"end":-1,"emitted":398}
{"event":"annotation-enter","monotonicNs":"222670608268855","calls":199086,"all":25859,"adt":144738,"lam":5230,"declarations":930,"annotations":17152,"ordinal":76,"declaration":"core-v1/src/ecs/column:indexed_prepared_swap~7","route":"body-annotation","namespace":"","begin":-1,"end":-1,"emitted":399}
{"event":"type-adts-progress","monotonicNs":"222670610575955","calls":199680,"all":25976,"adt":145175,"lam":5230,"declarations":934,"annotations":17232,"ordinal":10,"declaration":"core-v1/src/ecs/column:swap_checked~6","route":"body-annotation","namespace":"","begin":-1,"end":-1,"emitted":400}
{"event":"annotation-enter","monotonicNs":"222670611656880","calls":200125,"all":26082,"adt":145465,"lam":5233,"declarations":935,"annotations":17280,"ordinal":35,"declaration":"core-v1/src/ecs/column:prepared_swap~6","route":"body-annotation","namespace":"","begin":-1,"end":-1,"emitted":401}
{"event":"type-adts-progress","monotonicNs":"222670614605527","calls":200704,"all":26208,"adt":145857,"lam":5239,"declarations":937,"annotations":17367,"ordinal":5,"declaration":"core-v1/src/ecs/column:indexed_prepared_swap~6","route":"body-annotation","namespace":"","begin":-1,"end":-1,"emitted":402}
{"event":"annotation-enter","monotonicNs":"222670618005510","calls":200921,"all":26251,"adt":146019,"lam":5239,"declarations":937,"annotations":17408,"ordinal":46,"declaration":"core-v1/src/ecs/column:indexed_prepared_swap~6","route":"body-annotation","namespace":"","begin":-1,"end":-1,"emitted":403}
{"event":"type-adts-progress","monotonicNs":"222670620898407","calls":201728,"all":26403,"adt":146602,"lam":5242,"declarations":942,"annotations":17531,"ordinal":0,"declaration":"core-v1/src/ecs/column:prepared_swap~5","route":"declaration-type","namespace":"","begin":-1,"end":-1,"emitted":404}
{"event":"annotation-enter","monotonicNs":"222670622823046","calls":201873,"all":26448,"adt":146691,"lam":5242,"declarations":942,"annotations":17536,"ordinal":5,"declaration":"core-v1/src/ecs/column:prepared_swap~5","route":"body-annotation","namespace":"","begin":-1,"end":-1,"emitted":405}
{"event":"type-adts-progress","monotonicNs":"222670627133411","calls":202752,"all":26647,"adt":147293,"lam":5248,"declarations":944,"annotations":17662,"ordinal":14,"declaration":"core-v1/src/ecs/column:indexed_prepared_swap~5","route":"body-annotation","namespace":"","begin":-1,"end":-1,"emitted":406}
{"event":"annotation-enter","monotonicNs":"222670627431622","calls":202755,"all":26647,"adt":147297,"lam":5248,"declarations":944,"annotations":17664,"ordinal":16,"declaration":"core-v1/src/ecs/column:indexed_prepared_swap~5","route":"body-annotation","namespace":"","begin":-1,"end":-1,"emitted":407}
{"event":"annotation-enter","monotonicNs":"222670630970898","calls":203452,"all":26771,"adt":147829,"lam":5248,"declarations":947,"annotations":17792,"ordinal":21,"declaration":"core-v1/src/ecs/column:indexed_prepared_clear_state~7","route":"body-annotation","namespace":"","begin":-1,"end":-1,"emitted":408}
{"event":"type-adts-progress","monotonicNs":"222670631217400","calls":203776,"all":26844,"adt":148031,"lam":5251,"declarations":949,"annotations":17820,"ordinal":3,"declaration":"core-v1/src/ecs/column:prepared_swap~4","route":"body-annotation","namespace":"","begin":-1,"end":-1,"emitted":409}
{"event":"annotation-enter","monotonicNs":"222670637331029","calls":204356,"all":26956,"adt":148443,"lam":5256,"declarations":950,"annotations":17920,"ordinal":15,"declaration":"core-v1/src/ecs/column:indexed_swap_sized~4","route":"body-annotation","namespace":"","begin":-1,"end":-1,"emitted":410}
{"event":"type-adts-progress","monotonicNs":"222670639993507","calls":204800,"all":27067,"adt":148746,"lam":5257,"declarations":951,"annotations":17979,"ordinal":45,"declaration":"core-v1/src/ecs/column:indexed_prepared_swap~4","route":"body-annotation","namespace":"","begin":-1,"end":-1,"emitted":411}
{"event":"annotation-enter","monotonicNs":"222670640888430","calls":205047,"all":27113,"adt":148933,"lam":5257,"declarations":952,"annotations":18048,"ordinal":26,"declaration":"format:lookup~23","route":"body-annotation","namespace":"","begin":-1,"end":-1,"emitted":412}
{"event":"type-adts-progress","monotonicNs":"222670642180648","calls":205824,"all":27148,"adt":149489,"lam":5286,"declarations":955,"annotations":18086,"ordinal":7,"declaration":"query:single_observed~45","route":"body-annotation","namespace":"","begin":-1,"end":-1,"emitted":413}
{"event":"type-adts-progress","monotonicNs":"222670649882164","calls":206848,"all":27201,"adt":150279,"lam":5323,"declarations":960,"annotations":18134,"ordinal":9,"declaration":"core-v1/src/ecs/component:replace_clock_checked~6","route":"body-annotation","namespace":"","begin":-1,"end":-1,"emitted":414}
{"event":"type-adts-progress","monotonicNs":"222670654078153","calls":207872,"all":27352,"adt":151025,"lam":5351,"declarations":962,"annotations":18175,"ordinal":7,"declaration":"core-v1/src/ecs/world:live_join~1","route":"body-annotation","namespace":"","begin":-1,"end":-1,"emitted":415}
{"event":"annotation-enter","monotonicNs":"222670654234446","calls":207874,"all":27352,"adt":151027,"lam":5352,"declarations":962,"annotations":18176,"ordinal":8,"declaration":"core-v1/src/ecs/world:live_join~1","route":"body-annotation","namespace":"","begin":-1,"end":-1,"emitted":416}
{"event":"type-adts-progress","monotonicNs":"222670668199883","calls":208896,"all":27524,"adt":151700,"lam":5369,"declarations":965,"annotations":18241,"ordinal":41,"declaration":"gates:finished~0","route":"body-annotation","namespace":"","begin":-1,"end":-1,"emitted":417}
{"event":"annotation-enter","monotonicNs":"222670669222849","calls":209717,"all":27634,"adt":152344,"lam":5382,"declarations":969,"annotations":18304,"ordinal":3,"declaration":"core-v1/src/ecs/schedule:valid","route":"body-annotation","namespace":"","begin":-1,"end":-1,"emitted":418}
{"event":"type-adts-progress","monotonicNs":"222670670273357","calls":209920,"all":27679,"adt":152457,"lam":5382,"declarations":969,"annotations":18328,"ordinal":27,"declaration":"core-v1/src/ecs/schedule:valid","route":"body-annotation","namespace":"","begin":-1,"end":-1,"emitted":419}
{"event":"type-adts-progress","monotonicNs":"222670699499740","calls":210944,"all":27749,"adt":153186,"lam":5418,"declarations":974,"annotations":18394,"ordinal":4,"declaration":"execution:withWithout_body~0","route":"body-annotation","namespace":"","begin":-1,"end":-1,"emitted":420}
{"event":"annotation-enter","monotonicNs":"222670708086012","calls":211754,"all":27785,"adt":153777,"lam":5452,"declarations":978,"annotations":18432,"ordinal":6,"declaration":"execution:contradictory_body~0","route":"body-annotation","namespace":"","begin":-1,"end":-1,"emitted":421}
{"event":"type-adts-progress","monotonicNs":"222670711839123","calls":211968,"all":27794,"adt":153932,"lam":5461,"declarations":979,"annotations":18441,"ordinal":6,"declaration":"execution:changedBoth_body~0","route":"body-annotation","namespace":"","begin":-1,"end":-1,"emitted":422}
{"event":"type-adts-progress","monotonicNs":"222670735785384","calls":212992,"all":27859,"adt":154698,"lam":5499,"declarations":983,"annotations":18496,"ordinal":25,"declaration":"core-v1/src/ecs/component:replace_clock_checked~1","route":"body-annotation","namespace":"","begin":-1,"end":-1,"emitted":423}
{"event":"annotation-enter","monotonicNs":"222670736577932","calls":213762,"all":27938,"adt":155233,"lam":5530,"declarations":988,"annotations":18560,"ordinal":6,"declaration":"core-v1/src/ecs/column:indexed_wrap~3","route":"body-annotation","namespace":"","begin":-1,"end":-1,"emitted":424}
{"event":"type-adts-progress","monotonicNs":"222670736864976","calls":214016,"all":27994,"adt":155394,"lam":5533,"declarations":992,"annotations":18595,"ordinal":1,"declaration":"core-v1/src/ecs/column:swap_recovered~3","route":"body-annotation","namespace":"","begin":-1,"end":-1,"emitted":425}
{"event":"annotation-enter","monotonicNs":"222670738177111","calls":214675,"all":28103,"adt":155891,"lam":5536,"declarations":994,"annotations":18688,"ordinal":43,"declaration":"core-v1/src/ecs/column:seek~3","route":"body-annotation","namespace":"","begin":-1,"end":-1,"emitted":426}
{"event":"type-adts-progress","monotonicNs":"222670750261200","calls":215040,"all":28187,"adt":156148,"lam":5536,"declarations":994,"annotations":18722,"ordinal":77,"declaration":"core-v1/src/ecs/column:seek~3","route":"body-annotation","namespace":"","begin":-1,"end":-1,"emitted":427}
{"event":"annotation-enter","monotonicNs":"222670751079706","calls":215491,"all":28263,"adt":156490,"lam":5536,"declarations":996,"annotations":18816,"ordinal":13,"declaration":"core-v1/src/ecs/column:indexed_swap_checked~3","route":"body-annotation","namespace":"","begin":-1,"end":-1,"emitted":428}
{"event":"type-adts-progress","monotonicNs":"222670751768711","calls":216064,"all":28393,"adt":156886,"lam":5539,"declarations":997,"annotations":18877,"ordinal":50,"declaration":"core-v1/src/ecs/column:indexed_seek~3","route":"body-annotation","namespace":"","begin":-1,"end":-1,"emitted":429}
{"event":"annotation-enter","monotonicNs":"222670755157653","calls":216353,"all":28439,"adt":157119,"lam":5539,"declarations":997,"annotations":18944,"ordinal":117,"declaration":"core-v1/src/ecs/column:indexed_seek~3","route":"body-annotation","namespace":"","begin":-1,"end":-1,"emitted":430}
{"event":"type-adts-progress","monotonicNs":"222670762378415","calls":217088,"all":28556,"adt":157653,"lam":5545,"declarations":1002,"annotations":19045,"ordinal":3,"declaration":"core-v1/src/ecs/column:seek~2","route":"body-annotation","namespace":"","begin":-1,"end":-1,"emitted":431}
{"event":"annotation-enter","monotonicNs":"222670762573917","calls":217285,"all":28595,"adt":157805,"lam":5545,"declarations":1002,"annotations":19072,"ordinal":30,"declaration":"core-v1/src/ecs/column:seek~2","route":"body-annotation","namespace":"","begin":-1,"end":-1,"emitted":432}
{"event":"annotation-enter","monotonicNs":"222670763728134","calls":218020,"all":28731,"adt":158354,"lam":5545,"declarations":1003,"annotations":19200,"ordinal":11,"declaration":"core-v1/src/ecs/column:past_current~2","route":"body-annotation","namespace":"","begin":-1,"end":-1,"emitted":433}
{"event":"type-adts-progress","monotonicNs":"222670764155720","calls":218112,"all":28753,"adt":158415,"lam":5545,"declarations":1004,"annotations":19208,"ordinal":8,"declaration":"core-v1/src/ecs/column:indexed_swap_checked~2","route":"body-annotation","namespace":"","begin":-1,"end":-1,"emitted":434}
{"event":"annotation-enter","monotonicNs":"222670764890850","calls":218953,"all":28928,"adt":159025,"lam":5548,"declarations":1005,"annotations":19328,"ordinal":104,"declaration":"core-v1/src/ecs/column:indexed_seek~2","route":"body-annotation","namespace":"","begin":-1,"end":-1,"emitted":435}
{"event":"type-adts-progress","monotonicNs":"222670768113583","calls":219136,"all":28957,"adt":159166,"lam":5548,"declarations":1005,"annotations":19371,"ordinal":147,"declaration":"core-v1/src/ecs/column:indexed_seek~2","route":"body-annotation","namespace":"","begin":-1,"end":-1,"emitted":436}
{"event":"annotation-enter","monotonicNs":"222670768626420","calls":219836,"all":29069,"adt":159676,"lam":5554,"declarations":1010,"annotations":19456,"ordinal":17,"declaration":"core-v1/src/ecs/column:seek~1","route":"body-annotation","namespace":"","begin":-1,"end":-1,"emitted":437}
{"event":"type-adts-progress","monotonicNs":"222670768784504","calls":220160,"all":29141,"adt":159907,"lam":5554,"declarations":1010,"annotations":19490,"ordinal":51,"declaration":"core-v1/src/ecs/column:seek~1","route":"body-annotation","namespace":"","begin":-1,"end":-1,"emitted":438}
{"event":"annotation-enter","monotonicNs":"222670770781936","calls":220537,"all":29195,"adt":160206,"lam":5554,"declarations":1010,"annotations":19584,"ordinal":145,"declaration":"core-v1/src/ecs/column:seek~1","route":"body-annotation","namespace":"","begin":-1,"end":-1,"emitted":439}
{"event":"type-adts-progress","monotonicNs":"222670795944539","calls":221184,"all":29330,"adt":160663,"lam":5557,"declarations":1013,"annotations":19664,"ordinal":43,"declaration":"core-v1/src/ecs/column:indexed_seek~1","route":"body-annotation","namespace":"","begin":-1,"end":-1,"emitted":440}
{"event":"annotation-enter","monotonicNs":"222670796516919","calls":221553,"all":29414,"adt":160932,"lam":5557,"declarations":1013,"annotations":19712,"ordinal":91,"declaration":"core-v1/src/ecs/column:indexed_seek~1","route":"body-annotation","namespace":"","begin":-1,"end":-1,"emitted":441}
{"event":"type-adts-progress","monotonicNs":"222670803666138","calls":222208,"all":29502,"adt":161422,"lam":5563,"declarations":1017,"annotations":19827,"ordinal":16,"declaration":"core-v1/src/ecs/column:recover~0","route":"body-annotation","namespace":"","begin":-1,"end":-1,"emitted":442}
{"event":"annotation-enter","monotonicNs":"222670804994106","calls":222374,"all":29540,"adt":161540,"lam":5563,"declarations":1018,"annotations":19840,"ordinal":4,"declaration":"core-v1/src/ecs/column:seek~0","route":"body-annotation","namespace":"","begin":-1,"end":-1,"emitted":443}
{"event":"annotation-enter","monotonicNs":"222670805630695","calls":223144,"all":29684,"adt":162119,"lam":5563,"declarations":1018,"annotations":19968,"ordinal":132,"declaration":"core-v1/src/ecs/column:seek~0","route":"body-annotation","namespace":"","begin":-1,"end":-1,"emitted":444}
{"event":"type-adts-progress","monotonicNs":"222670805710362","calls":223232,"all":29701,"adt":162183,"lam":5563,"declarations":1019,"annotations":19983,"ordinal":0,"declaration":"core-v1/src/ecs/column:past_current~0","route":"declaration-type","namespace":"","begin":-1,"end":-1,"emitted":445}
{"event":"annotation-enter","monotonicNs":"222670806493326","calls":224170,"all":29904,"adt":162852,"lam":5566,"declarations":1021,"annotations":20096,"ordinal":78,"declaration":"core-v1/src/ecs/column:indexed_seek~0","route":"body-annotation","namespace":"","begin":-1,"end":-1,"emitted":446}
{"event":"type-adts-progress","monotonicNs":"222670806621660","calls":224256,"all":29914,"adt":162923,"lam":5566,"declarations":1021,"annotations":20128,"ordinal":110,"declaration":"core-v1/src/ecs/column:indexed_seek~0","route":"body-annotation","namespace":"","begin":-1,"end":-1,"emitted":447}
{"event":"declaration-enter","monotonicNs":"222670807098955","calls":224835,"all":29965,"adt":163343,"lam":5575,"declarations":1024,"annotations":20194,"ordinal":0,"declaration":"query:get_field~31","route":"declaration-type","namespace":"","begin":-1,"end":-1,"emitted":448}
{"event":"type-adts-progress","monotonicNs":"222670810344646","calls":225280,"all":30000,"adt":163663,"lam":5592,"declarations":1026,"annotations":20203,"ordinal":4,"declaration":"query:scanned~31","route":"body-annotation","namespace":"","begin":-1,"end":-1,"emitted":449}
{"event":"annotation-enter","monotonicNs":"222670810964151","calls":225839,"all":30032,"adt":164104,"lam":5613,"declarations":1029,"annotations":20224,"ordinal":6,"declaration":"query:lookup_target~31","route":"body-annotation","namespace":"","begin":-1,"end":-1,"emitted":450}
{"event":"type-adts-progress","monotonicNs":"222670811562030","calls":226304,"all":30069,"adt":164477,"lam":5626,"declarations":1032,"annotations":20251,"ordinal":7,"declaration":"core-v1/src/ecs/component:replaced~3","route":"body-annotation","namespace":"","begin":-1,"end":-1,"emitted":451}
{"event":"type-adts-progress","monotonicNs":"222670812862623","calls":227328,"all":30218,"adt":165221,"lam":5655,"declarations":1034,"annotations":20301,"ordinal":0,"declaration":"gates:finished~1","route":"declaration-type","namespace":"","begin":-1,"end":-1,"emitted":452}
{"event":"annotation-enter","monotonicNs":"222670813537170","calls":227968,"all":30322,"adt":165706,"lam":5662,"declarations":1034,"annotations":20352,"ordinal":51,"declaration":"gates:finished~1","route":"body-annotation","namespace":"","begin":-1,"end":-1,"emitted":453}
{"event":"type-adts-progress","monotonicNs":"222670813801005","calls":228352,"all":30362,"adt":166007,"lam":5674,"declarations":1037,"annotations":20383,"ordinal":0,"declaration":"core-v1/src/ecs/schedule:build_checked~1","route":"declaration-type","namespace":"","begin":-1,"end":-1,"emitted":454}
{"event":"type-adts-progress","monotonicNs":"222670817335865","calls":229376,"all":30434,"adt":166773,"lam":5706,"declarations":1041,"annotations":20438,"ordinal":9,"declaration":"execution:fiveAlias_body~1","route":"body-annotation","namespace":"","begin":-1,"end":-1,"emitted":455}
{"event":"annotation-enter","monotonicNs":"222670890197489","calls":230301,"all":30477,"adt":167448,"lam":5744,"declarations":1046,"annotations":20480,"ordinal":6,"declaration":"execution:contradictory_body~1","route":"body-annotation","namespace":"","begin":-1,"end":-1,"emitted":456}
{"event":"type-adts-progress","monotonicNs":"222670890372324","calls":230400,"all":30483,"adt":167521,"lam":5747,"declarations":1047,"annotations":20484,"ordinal":1,"declaration":"execution:changedBoth_body~1","route":"body-annotation","namespace":"","begin":-1,"end":-1,"emitted":457}
{"event":"type-adts-progress","monotonicNs":"222670891711833","calls":231424,"all":30543,"adt":168274,"lam":5788,"declarations":1051,"annotations":20534,"ordinal":15,"declaration":"core-v1/src/ecs/component:replace_clock_checked~5","route":"body-annotation","namespace":"","begin":-1,"end":-1,"emitted":458}
{"event":"annotation-enter","monotonicNs":"222670892378338","calls":232328,"all":30637,"adt":168947,"lam":5814,"declarations":1055,"annotations":20608,"ordinal":18,"declaration":"core-v1/src/ecs/column:swap_recovered~7","route":"body-annotation","namespace":"","begin":-1,"end":-1,"emitted":459}
{"event":"type-adts-progress","monotonicNs":"222670892507131","calls":232448,"all":30649,"adt":169047,"lam":5814,"declarations":1056,"annotations":20630,"ordinal":14,"declaration":"core-v1/src/ecs/column:recover~7","route":"body-annotation","namespace":"","begin":-1,"end":-1,"emitted":460}
{"event":"annotation-enter","monotonicNs":"222670893258803","calls":233253,"all":30816,"adt":169640,"lam":5814,"declarations":1057,"annotations":20736,"ordinal":95,"declaration":"core-v1/src/ecs/column:seek~7","route":"body-annotation","namespace":"","begin":-1,"end":-1,"emitted":461}
{"event":"type-adts-progress","monotonicNs":"222670894117101","calls":233472,"all":30847,"adt":169809,"lam":5814,"declarations":1057,"annotations":20788,"ordinal":147,"declaration":"core-v1/src/ecs/column:seek~7","route":"body-annotation","namespace":"","begin":-1,"end":-1,"emitted":462}
{"event":"annotation-enter","monotonicNs":"222670894644272","calls":234063,"all":30968,"adt":170230,"lam":5817,"declarations":1060,"annotations":20864,"ordinal":41,"declaration":"core-v1/src/ecs/column:indexed_seek~7","route":"body-annotation","namespace":"","begin":-1,"end":-1,"emitted":463}
{"event":"type-adts-progress","monotonicNs":"222670895024233","calls":234496,"all":31060,"adt":170550,"lam":5817,"declarations":1060,"annotations":20930,"ordinal":107,"declaration":"core-v1/src/ecs/column:indexed_seek~7","route":"body-annotation","namespace":"","begin":-1,"end":-1,"emitted":464}
{"event":"annotation-enter","monotonicNs":"222670895302152","calls":234875,"all":31117,"adt":170827,"lam":5820,"declarations":1063,"annotations":20992,"ordinal":5,"declaration":"core-v1/src/ecs/column:swap_recovered~6","route":"body-annotation","namespace":"","begin":-1,"end":-1,"emitted":465}
{"event":"type-adts-progress","monotonicNs":"222670895839781","calls":235520,"all":31226,"adt":171310,"lam":5823,"declarations":1065,"annotations":21082,"ordinal":44,"declaration":"core-v1/src/ecs/column:seek~6","route":"body-annotation","namespace":"","begin":-1,"end":-1,"emitted":466}
{"event":"annotation-enter","monotonicNs":"222670896102283","calls":235866,"all":31303,"adt":171558,"lam":5823,"declarations":1065,"annotations":21120,"ordinal":82,"declaration":"core-v1/src/ecs/column:seek~6","route":"body-annotation","namespace":"","begin":-1,"end":-1,"emitted":467}
{"event":"type-adts-progress","monotonicNs":"222670896557911","calls":236544,"all":31436,"adt":172039,"lam":5826,"declarations":1068,"annotations":21226,"ordinal":6,"declaration":"core-v1/src/ecs/column:indexed_seek~6","route":"body-annotation","namespace":"","begin":-1,"end":-1,"emitted":468}
{"event":"annotation-enter","monotonicNs":"222670896653037","calls":236675,"all":31460,"adt":172144,"lam":5826,"declarations":1068,"annotations":21248,"ordinal":28,"declaration":"core-v1/src/ecs/column:indexed_seek~6","route":"body-annotation","namespace":"","begin":-1,"end":-1,"emitted":469}
{"event":"annotation-enter","monotonicNs":"222670897232458","calls":237392,"all":31590,"adt":172683,"lam":5828,"declarations":1070,"annotations":21376,"ordinal":2,"declaration":"core-v1/src/ecs/column:swapped~5","route":"body-annotation","namespace":"","begin":-1,"end":-1,"emitted":470}
{"event":"type-adts-progress","monotonicNs":"222670897387251","calls":237568,"all":31615,"adt":172800,"lam":5831,"declarations":1071,"annotations":21396,"ordinal":12,"declaration":"core-v1/src/ecs/column:swap_recovered~5","route":"body-annotation","namespace":"","begin":-1,"end":-1,"emitted":471}
{"event":"annotation-enter","monotonicNs":"222670913406119","calls":238429,"all":31780,"adt":173442,"lam":5832,"declarations":1073,"annotations":21504,"ordinal":69,"declaration":"core-v1/src/ecs/column:seek~5","route":"body-annotation","namespace":"","begin":-1,"end":-1,"emitted":472}
{"event":"type-adts-progress","monotonicNs":"222670913986749","calls":238592,"all":31806,"adt":173568,"lam":5832,"declarations":1073,"annotations":21546,"ordinal":111,"declaration":"core-v1/src/ecs/column:seek~5","route":"body-annotation","namespace":"","begin":-1,"end":-1,"emitted":473}
{"event":"annotation-enter","monotonicNs":"222670914501836","calls":239230,"all":31934,"adt":174019,"lam":5835,"declarations":1076,"annotations":21632,"ordinal":15,"declaration":"core-v1/src/ecs/column:indexed_seek~5","route":"body-annotation","namespace":"","begin":-1,"end":-1,"emitted":474}
{"event":"type-adts-progress","monotonicNs":"222670914727088","calls":239616,"all":32016,"adt":174304,"lam":5835,"declarations":1076,"annotations":21684,"ordinal":67,"declaration":"core-v1/src/ecs/column:indexed_seek~5","route":"body-annotation","namespace":"","begin":-1,"end":-1,"emitted":475}
{"event":"annotation-enter","monotonicNs":"222670914951798","calls":239897,"all":32057,"adt":174530,"lam":5835,"declarations":1076,"annotations":21760,"ordinal":143,"declaration":"core-v1/src/ecs/column:indexed_seek~5","route":"body-annotation","namespace":"","begin":-1,"end":-1,"emitted":476}
{"event":"type-adts-progress","monotonicNs":"222670915564302","calls":240640,"all":32185,"adt":175065,"lam":5841,"declarations":1081,"annotations":21843,"ordinal":11,"declaration":"core-v1/src/ecs/column:seek~4","route":"body-annotation","namespace":"","begin":-1,"end":-1,"emitted":477}
{"event":"annotation-enter","monotonicNs":"222670915753220","calls":240999,"all":32260,"adt":175328,"lam":5841,"declarations":1081,"annotations":21888,"ordinal":56,"declaration":"core-v1/src/ecs/column:seek~4","route":"body-annotation","namespace":"","begin":-1,"end":-1,"emitted":478}
{"event":"type-adts-progress","monotonicNs":"222670921455013","calls":241664,"all":32373,"adt":175816,"lam":5844,"declarations":1084,"annotations":22014,"ordinal":0,"declaration":"core-v1/src/ecs/column:indexed_seek~4","route":"declaration-type","namespace":"","begin":-1,"end":-1,"emitted":479}
{"event":"annotation-enter","monotonicNs":"222670922192893","calls":241721,"all":32390,"adt":175853,"lam":5844,"declarations":1084,"annotations":22016,"ordinal":2,"declaration":"core-v1/src/ecs/column:indexed_seek~4","route":"body-annotation","namespace":"","begin":-1,"end":-1,"emitted":480}
{"event":"annotation-enter","monotonicNs":"222670924833329","calls":242513,"all":32549,"adt":176449,"lam":5844,"declarations":1084,"annotations":22144,"ordinal":130,"declaration":"core-v1/src/ecs/column:indexed_seek~4","route":"body-annotation","namespace":"","begin":-1,"end":-1,"emitted":481}
{"event":"type-adts-progress","monotonicNs":"222670925973671","calls":242688,"all":32569,"adt":176577,"lam":5848,"declarations":1085,"annotations":22163,"ordinal":2,"declaration":"query:optional_observed~45","route":"body-annotation","namespace":"","begin":-1,"end":-1,"emitted":482}
{"event":"type-adts-progress","monotonicNs":"222670927232639","calls":243712,"all":32636,"adt":177344,"lam":5878,"declarations":1089,"annotations":22209,"ordinal":3,"declaration":"query:handles_field~7","route":"body-annotation","namespace":"","begin":-1,"end":-1,"emitted":483}
{"event":"type-adts-progress","monotonicNs":"222670929976034","calls":244736,"all":32720,"adt":178158,"lam":5910,"declarations":1094,"annotations":22261,"ordinal":6,"declaration":"core-v1/src/ecs/component:swap_world~7","route":"body-annotation","namespace":"","begin":-1,"end":-1,"emitted":484}
{"event":"annotation-enter","monotonicNs":"222670931246252","calls":245212,"all":32804,"adt":178494,"lam":5920,"declarations":1094,"annotations":22272,"ordinal":17,"declaration":"core-v1/src/ecs/component:swap_world~7","route":"body-annotation","namespace":"","begin":-1,"end":-1,"emitted":485}
{"event":"type-adts-progress","monotonicNs":"222670935707660","calls":245760,"all":32864,"adt":178910,"lam":5937,"declarations":1098,"annotations":22325,"ordinal":0,"declaration":"execution:serialized~0","route":"declaration-type","namespace":"","begin":-1,"end":-1,"emitted":486}
{"event":"type-adts-progress","monotonicNs":"222670939690106","calls":246784,"all":32911,"adt":179642,"lam":5980,"declarations":1102,"annotations":22377,"ordinal":4,"declaration":"full-consumer:body~19","route":"body-annotation","namespace":"","begin":-1,"end":-1,"emitted":487}
{"event":"annotation-enter","monotonicNs":"222670941802997","calls":247154,"all":32929,"adt":179907,"lam":5996,"declarations":1104,"annotations":22400,"ordinal":19,"declaration":"execution:serialized~2","route":"body-annotation","namespace":"","begin":-1,"end":-1,"emitted":488}
{"event":"type-adts-progress","monotonicNs":"222670943742720","calls":247808,"all":32961,"adt":180373,"lam":6024,"declarations":1108,"annotations":22429,"ordinal":0,"declaration":"full-consumer:body~21","route":"declaration-type","namespace":"","begin":-1,"end":-1,"emitted":489}
{"event":"type-adts-progress","monotonicNs":"222670954078880","calls":248832,"all":33004,"adt":181109,"lam":6068,"declarations":1113,"annotations":22484,"ordinal":19,"declaration":"execution:serialized~5","route":"body-annotation","namespace":"","begin":-1,"end":-1,"emitted":490}
{"event":"annotation-enter","monotonicNs":"222670954718718","calls":249839,"all":33045,"adt":181831,"lam":6113,"declarations":1119,"annotations":22528,"ordinal":7,"declaration":"execution:serialized~7","route":"body-annotation","namespace":"","begin":-1,"end":-1,"emitted":491}
{"event":"type-adts-progress","monotonicNs":"222670954739176","calls":249856,"all":33046,"adt":181843,"lam":6113,"declarations":1119,"annotations":22531,"ordinal":10,"declaration":"execution:serialized~7","route":"body-annotation","namespace":"","begin":-1,"end":-1,"emitted":492}
{"event":"type-adts-progress","monotonicNs":"222670955352556","calls":250880,"all":33089,"adt":182581,"lam":6157,"declarations":1125,"annotations":22580,"ordinal":3,"declaration":"execution:serialized~10","route":"body-annotation","namespace":"","begin":-1,"end":-1,"emitted":493}
{"event":"type-adts-progress","monotonicNs":"222670956753733","calls":251904,"all":33133,"adt":183317,"lam":6201,"declarations":1131,"annotations":22634,"ordinal":1,"declaration":"execution:serialized~12","route":"body-annotation","namespace":"","begin":-1,"end":-1,"emitted":494}
{"event":"annotation-enter","monotonicNs":"222670956927692","calls":252298,"all":33149,"adt":183599,"lam":6218,"declarations":1132,"annotations":22656,"ordinal":3,"declaration":"full-consumer:body~30","route":"body-annotation","namespace":"","begin":-1,"end":-1,"emitted":495}
{"event":"type-adts-progress","monotonicNs":"222670957295029","calls":252928,"all":33175,"adt":184050,"lam":6246,"declarations":1135,"annotations":22687,"ordinal":6,"declaration":"full-consumer:body~31","route":"body-annotation","namespace":"","begin":-1,"end":-1,"emitted":496}
{"event":"annotation-enter","monotonicNs":"222670959220460","calls":253922,"all":33329,"adt":184792,"lam":6265,"declarations":1140,"annotations":22784,"ordinal":15,"declaration":"core-v1/src/ecs/column:recover_state~3","route":"body-annotation","namespace":"","begin":-1,"end":-1,"emitted":497}
{"event":"type-adts-progress","monotonicNs":"222670960639303","calls":253952,"all":33334,"adt":184816,"lam":6265,"declarations":1141,"annotations":22791,"ordinal":1,"declaration":"core-v1/src/ecs/column:indexed_recover_state~3","route":"body-annotation","namespace":"","begin":-1,"end":-1,"emitted":498}
{"event":"type-adts-progress","monotonicNs":"222670961482518","calls":254976,"all":33526,"adt":185546,"lam":6273,"declarations":1147,"annotations":22899,"ordinal":3,"declaration":"core-v1/src/ecs/column:indexed_recover_state~1","route":"body-annotation","namespace":"","begin":-1,"end":-1,"emitted":499}
{"event":"annotation-enter","monotonicNs":"222670961598310","calls":255100,"all":33551,"adt":185638,"lam":6273,"declarations":1147,"annotations":22912,"ordinal":16,"declaration":"core-v1/src/ecs/column:indexed_recover_state~1","route":"body-annotation","namespace":"","begin":-1,"end":-1,"emitted":500}
{"event":"declaration-enter","monotonicNs":"222670962073564","calls":255718,"all":33656,"adt":186075,"lam":6281,"declarations":1152,"annotations":22981,"ordinal":0,"declaration":"query:optional_rows~20","route":"declaration-type","namespace":"","begin":-1,"end":-1,"emitted":501}
{"event":"type-adts-progress","monotonicNs":"222670962250690","calls":256000,"all":33690,"adt":186240,"lam":6281,"declarations":1153,"annotations":23014,"ordinal":12,"declaration":"List.length","route":"body-annotation","namespace":"","begin":-1,"end":-1,"emitted":502}
{"event":"annotation-enter","monotonicNs":"222670962493775","calls":256568,"all":33733,"adt":186681,"lam":6291,"declarations":1156,"annotations":23040,"ordinal":14,"declaration":"query:scan~31","route":"body-annotation","namespace":"","begin":-1,"end":-1,"emitted":503}
{"event":"type-adts-progress","monotonicNs":"222670963663742","calls":257024,"all":33760,"adt":187052,"lam":6303,"declarations":1157,"annotations":23066,"ordinal":10,"declaration":"traversal:inspect_handles~2","route":"body-annotation","namespace":"","begin":-1,"end":-1,"emitted":504}
{"event":"type-adts-progress","monotonicNs":"222670964270455","calls":258048,"all":33827,"adt":187854,"lam":6345,"declarations":1161,"annotations":23117,"ordinal":15,"declaration":"core-v1/src/ecs/component:replaced~2","route":"body-annotation","namespace":"","begin":-1,"end":-1,"emitted":505}
{"event":"type-adts-progress","monotonicNs":"222670964998252","calls":259072,"all":33985,"adt":188582,"lam":6376,"declarations":1163,"annotations":23160,"ordinal":1,"declaration":"core-v1/src/ecs/world:with_store_finish~3","route":"body-annotation","namespace":"","begin":-1,"end":-1,"emitted":506}
{"event":"annotation-enter","monotonicNs":"222670965698174","calls":259537,"all":34082,"adt":188901,"lam":6385,"declarations":1163,"annotations":23168,"ordinal":9,"declaration":"core-v1/src/ecs/world:with_store_finish~3","route":"body-annotation","namespace":"","begin":-1,"end":-1,"emitted":507}
{"event":"type-adts-progress","monotonicNs":"222670966071135","calls":260096,"all":34157,"adt":189285,"lam":6411,"declarations":1164,"annotations":23205,"ordinal":14,"declaration":"core-v1/src/ecs/component:swap_store~3","route":"body-annotation","namespace":"","begin":-1,"end":-1,"emitted":508}
{"event":"type-adts-progress","monotonicNs":"222670966876683","calls":261120,"all":34216,"adt":190051,"lam":6453,"declarations":1169,"annotations":23265,"ordinal":2,"declaration":"execution:serialized~15","route":"body-annotation","namespace":"","begin":-1,"end":-1,"emitted":509}
{"event":"annotation-enter","monotonicNs":"222670967641397","calls":261754,"all":34242,"adt":190505,"lam":6481,"declarations":1171,"annotations":23296,"ordinal":5,"declaration":"execution:serialized~16","route":"body-annotation","namespace":"","begin":-1,"end":-1,"emitted":510}
{"event":"type-adts-progress","monotonicNs":"222670967911107","calls":262144,"all":34258,"adt":190789,"lam":6497,"declarations":1173,"annotations":23319,"ordinal":0,"declaration":"execution:serialized~17","route":"declaration-type","namespace":"","begin":-1,"end":-1,"emitted":511}
{"event":"type-adts-progress","monotonicNs":"222670970524293","calls":263168,"all":34302,"adt":191519,"lam":6541,"declarations":1176,"annotations":23371,"ordinal":4,"declaration":"full-consumer:body~36","route":"body-annotation","namespace":"","begin":-1,"end":-1,"emitted":512}
